単元,Q.単元,品詞,Q.品詞,単語,異形,Q.単語,出現回数,answer,間違い1,間違い2,間違い3,kaisetsu,辞書引用,抜粋,ランダム,ショートコード,,,
10:複文,10:複文クイズ,形、副、小辞,形、副、小辞クイズ,"ἀλήθεια,ἡ",,"Q. ἀλήθεια,ἡ",109,真理、真実,すぐに,荒れ野,意味,(109)真理、真実,真理、真実,(109)真理、真実,"""true""","[quiz question=""真理、真実,すぐに,荒れ野,意味"" answer=""真理、真実"" kaisetsu=""(109)真理、真実"" random=""true""]ἀλήθεια,ἡ[/quiz]",,,
10:複文,10:複文クイズ,形、副、小辞,形、副、小辞クイズ,ἀληθινός,,Q. ἀληθινός,28,真実の、実際の,ちょうど〜の様に,野菜,心,(28)真実の、実際の、ヨハ1.9で「まことの光」,真実の、実際の、ヨハ1.9で「まことの光」,(28)真実の、実際の,"""true""","[quiz question=""真実の、実際の,ちょうど〜の様に,野菜,心"" answer=""真実の、実際の"" kaisetsu=""(28)真実の、実際の、ヨハ1.9で「まことの光」"" random=""true""]ἀληθινός[/quiz]",,,
10:複文,10:複文クイズ,形、副、小辞,形、副、小辞クイズ,ἐγγύς,,Q. ἐγγύς,31,近くの,うまく、適切に,ユング心理学,今すぐ,(31)近くの,近くの,(31)近くの,"""true""","[quiz question=""近くの,うまく、適切に,ユング心理学,今すぐ"" answer=""近くの"" kaisetsu=""(31)近くの"" random=""true""]ἐγγύς[/quiz]",,,
10:複文,10:複文クイズ,形、副、小辞,形、副、小辞クイズ,έκεῖ,,Q. έκεῖ,105,そこへ、そこで,はい、その通り,駅ナカ,ここへ、ここで,(105)そこへ、そこで,そこへ、そこで,(105)そこへ、そこで,"""true""","[quiz question=""そこへ、そこで,はい、その通り,駅ナカ,ここへ、ここで"" answer=""そこへ、そこで"" kaisetsu=""(105)そこへ、そこで"" random=""true""]έκεῖ[/quiz]",,,
10:複文,10:複文クイズ,形、副、小辞,形、副、小辞クイズ,ἐκεῖθεν,,Q. ἐκεῖθεν,37,そこから,同様の,罫線,ここから,(37)そこから,そこから,(37)そこから,"""true""","[quiz question=""そこから,同様の,罫線,ここから"" answer=""そこから"" kaisetsu=""(37)そこから"" random=""true""]ἐκεῖθεν[/quiz]",,,
10:複文,10:複文クイズ,形、副、小辞,形、副、小辞クイズ,εὐθύς,,Q. εὐθύς,51,すぐに,真理、真実,中高生,あとで,(51)マルコの口癖。1ページに何回も出てくる。すぐに、とか、早速、とか訳すと良い。51回のうちルカ3、ヨハ3、使徒４、２ペ１、残りがマルコ,マルコの口癖。1ページに何回も出てくる。すぐに、とか、早速、とか訳すと良い。51回のうちルカ3、ヨハ3、使徒４、２ペ１、残りがマルコ,(51)すぐに,"""true""","[quiz question=""すぐに,真理、真実,中高生,あとで"" answer=""すぐに"" kaisetsu=""(51)マルコの口癖。1ページに何回も出てくる。すぐに、とか、早速、とか訳すと良い。51回のうちルカ3、ヨハ3、使徒４、２ペ１、残りがマルコ"" random=""true""]εὐθύς[/quiz]",,,
10:複文,10:複文クイズ,形、副、小辞,形、副、小辞クイズ,καθώς,,Q. καθώς,182,ちょうど〜の様に,真実の、実際の,うまく、適切に,まったく〜ない,(182)ちょうど〜の様に,ちょうど〜の様に,(182)ちょうど〜の様に,"""true""","[quiz question=""ちょうど〜の様に,真実の、実際の,うまく、適切に,まったく〜ない"" answer=""ちょうど〜の様に"" kaisetsu=""(182)ちょうど〜の様に"" random=""true""]καθώς[/quiz]",,,
10:複文,10:複文クイズ,形、副、小辞,形、副、小辞クイズ,καλῶς,,Q. καλῶς,37,うまく、適切に,近くの,ちょうど〜の様に,軽い,(37)うまく、適切に,うまく、適切に,(37)うまく、適切に,"""true""","[quiz question=""うまく、適切に,近くの,ちょうど〜の様に,軽い"" answer=""うまく、適切に"" kaisetsu=""(37)うまく、適切に"" random=""true""]καλῶς[/quiz]",,,
10:複文,10:複文クイズ,形、副、小辞,形、副、小辞クイズ,ναί,,Q. ναί,33,はい、その通り,そこへ、そこで,それはない,いいえ、違います,(33)はい、その通り,はい、その通り,(33)はい、その通り,"""true""","[quiz question=""はい、その通り,そこへ、そこで,それはない,いいえ、違います"" answer=""はい、その通り"" kaisetsu=""(33)はい、その通り"" random=""true""]ναί[/quiz]",,,
10:複文,10:複文クイズ,形、副、小辞,形、副、小辞クイズ,ὅμοιος,,Q. ὅμοιος,45,同様の,そこから,同様に,重い,(45)同様の,同様の,(45)同様の,"""true""","[quiz question=""同様の,そこから,同様に,重い"" answer=""同様の"" kaisetsu=""(45)同様の"" random=""true""]ὅμοιος[/quiz]",,,
10:複文,10:複文クイズ,形、副、小辞,形、副、小辞クイズ,ὁμοίως,,Q. ὁμοίως,30,同様に,すぐに,同様の,重く,(30)同様に,同様に,(30)同様に,"""true""","[quiz question=""同様に,すぐに,同様の,重く"" answer=""同様に"" kaisetsu=""(30)同様に"" random=""true""]ὁμοίως[/quiz]",,,
10:複文,10:複文クイズ,形、副、小辞,形、副、小辞クイズ,ὅπου,,Q. ὅπου,82,〜の場所で、の所で,真理、真実,近くで,〜の時に,(82)〜の場所で、の所で,〜の場所で、の所で,(82)〜の場所で、の所で,"""true""","[quiz question=""〜の場所で、の所で,真理、真実,近くで,〜の時に"" answer=""〜の場所で、の所で"" kaisetsu=""(82)〜の場所で、の所で"" random=""true""]ὅπου[/quiz]",,,
10:複文,10:複文クイズ,形、副、小辞,形、副、小辞クイズ,"ὅς,ἥ,ὅ",,"Q. ὅς,ἥ,ὅ",1398,〜のところの,真実の、実際の,それ,冠詞,(1398)〜のところの　ὅς ἄν 誰でも,〜のところの　ὅς ἄν 誰でも,(1398)〜のところの,"""true""","[quiz question=""〜のところの,真実の、実際の,それ,冠詞"" answer=""〜のところの"" kaisetsu=""(1398)〜のところの　ὅς ἄν 誰でも"" random=""true""]ὅς,ἥ,ὅ[/quiz]",,,
10:複文,10:複文クイズ,形、副、小辞,形、副、小辞クイズ,ὅτι,,Q. ὅτι,1296,〜ということ、なぜなら,近くの,その時,今,(1296)〜ということ、なぜなら,〜ということ、なぜなら,(1296)〜ということ、なぜなら,"""true""","[quiz question=""〜ということ、なぜなら,近くの,その時,今"" answer=""〜ということ、なぜなら"" kaisetsu=""(1296)〜ということ、なぜなら"" random=""true""]ὅτι[/quiz]",,,
10:複文,10:複文クイズ,形、副、小辞,形、副、小辞クイズ,οὗ,,Q. οὗ,24,〜の所で,そこへ、そこで,〜ない,誰,(24)〜の所で,〜の所で,(24)〜の所で,"""true""","[quiz question=""〜の所で,そこへ、そこで,〜ない,誰"" answer=""〜の所で"" kaisetsu=""(24)〜の所で"" random=""true""]οὗ[/quiz]",,,
10:複文,10:複文クイズ,形、副、小辞,形、副、小辞クイズ,οὐδέ,,Q. οὐδέ,143,そして〜でない,そこから,それで,しかし,(143)そして〜でない,そして〜でない,(143)そして〜でない,"""true""","[quiz question=""そして〜でない,そこから,それで,しかし"" answer=""そして〜でない"" kaisetsu=""(143)そして〜でない"" random=""true""]οὐδέ[/quiz]",,,
10:複文,10:複文クイズ,形、副、小辞,形、副、小辞クイズ,οὔτε,,Q. οὔτε,87,また〜でない,すぐに,言うても,明日,(87)また〜でない,また〜でない,(87)また〜でない,"""true""","[quiz question=""また〜でない,すぐに,言うても,明日"" answer=""また〜でない"" kaisetsu=""(87)また〜でない"" random=""true""]οὔτε[/quiz]",,,
10:複文,10:複文クイズ,形、副、小辞,形、副、小辞クイズ,οὕτως,,Q. οὕτως,208,このように、こんなに,ちょうど〜の様に,太い,そのように,(208)このように、こんなに,このように、こんなに,(208)このように、こんなに,"""true""","[quiz question=""このように、こんなに,ちょうど〜の様に,太い,そのように"" answer=""このように、こんなに"" kaisetsu=""(208)このように、こんなに"" random=""true""]οὕτως[/quiz]",,,
10:複文,10:複文クイズ,形、副、小辞,形、副、小辞クイズ,οὐχί,,Q. οὐχί,54,〜でない,うまく、適切に,ウキウキ,そこから,(54)〜でない。οὐの強意、全然違う！反語的に〜じゃないのか。,〜でない。οὐの強意、全然違う！反語的に〜じゃないのか。,(54)〜でない,"""true""","[quiz question=""〜でない,うまく、適切に,ウキウキ,そこから"" answer=""〜でない"" kaisetsu=""(54)〜でない。οὐの強意、全然違う！反語的に〜じゃないのか。"" random=""true""]οὐχί[/quiz]",,,
10:複文,10:複文クイズ,形、副、小辞,形、副、小辞クイズ,πλήν,,Q. πλήν,31,しかし,はい、その通り,プレーン,純粋,(31)しかし。議論をしめくくるときに使われている。,しかし。議論をしめくくるときに使われている。,(31)しかし,"""true""","[quiz question=""しかし,はい、その通り,プレーン,純粋"" answer=""しかし"" kaisetsu=""(31)しかし。議論をしめくくるときに使われている。"" random=""true""]πλήν[/quiz]",,,
10:複文,10:複文クイズ,形、副、小辞,形、副、小辞クイズ,πόθεν;,,Q. πόθεν;,29,どこから？いかに？,同様の,いつ？,寒い？,(29)どこから？いかに？,どこから？いかに？,(29)どこから？いかに？,"""true""","[quiz question=""どこから？いかに？,同様の,いつ？,寒い？"" answer=""どこから？いかに？"" kaisetsu=""(29)どこから？いかに？"" random=""true""]πόθεν;[/quiz]",,,
10:複文,10:複文クイズ,形、副、小辞,形、副、小辞クイズ,ὧδε,,Q. ὧδε,61,ここへ、ここで,同様に,しかし,また,(61)ここへ、ここで,ここへ、ここで,(61)ここへ、ここで,"""true""","[quiz question=""ここへ、ここで,同様に,しかし,また"" answer=""ここへ、ここで"" kaisetsu=""(61)ここへ、ここで"" random=""true""]ὧδε[/quiz]",,,
10:複文,10:複文クイズ,前置詞,前置詞クイズ,ἔμπροσθεν,,Q. ἔμπροσθεν,48,〜の前に,〜の後ろに,〜の上に,〜の内側に,"(48)〜の前に マタイ5.16 οὕτως λαμψάτω τὸ φῶς ὑμῶν ἔμπροσθεν τῶν ἀνθρώπων, （人々の前にあなた方の光を輝かせ）","〜の前に マタイ5.16 οὕτως λαμψάτω τὸ φῶς ὑμῶν ἔμπροσθεν τῶν ἀνθρώπων, （人々の前にあなた方の光を輝かせ）",(48)〜の前に,"""true""","[quiz question=""〜の前に,〜の後ろに,〜の上に,〜の内側に"" answer=""〜の前に"" kaisetsu=""(48)〜の前に マタイ5.16 οὕτως λαμψάτω τὸ φῶς ὑμῶν ἔμπροσθεν τῶν ἀνθρώπων, （人々の前にあなた方の光を輝かせ）"" random=""true""]ἔμπροσθεν[/quiz]",,,
10:複文,10:複文クイズ,前置詞,前置詞クイズ,ἕνεκα,,Q. ἕνεκα,26,〜のために,〜の向こう側に,〜の前に,〜なしに,(26)〜のために　「私のために〜する者は、、、」で使われている。,〜のために　「私のために〜する者は、、、」で使われている。,(26)〜のために,"""true""","[quiz question=""〜のために,〜の向こう側に,〜の前に,〜なしに"" answer=""〜のために"" kaisetsu=""(26)〜のために　「私のために〜する者は、、、」で使われている。"" random=""true""]ἕνεκα[/quiz]",,,
10:複文,10:複文クイズ,前置詞,前置詞クイズ,πέραν,,Q. πέραν,23,〜の向こう側に,〜なしに,〜のために,〜の前に,(23)〜の向こう側に　「ヨルダンの向こう側」など、どこどこの向こう側と使う,〜の向こう側に　「ヨルダンの向こう側」など、どこどこの向こう側と使う,(23)〜の向こう側に,"""true""","[quiz question=""〜の向こう側に,〜なしに,〜のために,〜の前に"" answer=""〜の向こう側に"" kaisetsu=""(23)〜の向こう側に　「ヨルダンの向こう側」など、どこどこの向こう側と使う"" random=""true""]πέραν[/quiz]",,,
10:複文,10:複文クイズ,前置詞,前置詞クイズ,χωρίς,,Q. χωρίς,41,〜なしに,〜の後ろに,〜のために,〜の向こう側に,(41)〜なしに,〜なしに,(41)〜なしに,"""true""","[quiz question=""〜なしに,〜の後ろに,〜のために,〜の向こう側に"" answer=""〜なしに"" kaisetsu=""(41)〜なしに"" random=""true""]χωρίς[/quiz]",,,
10:複文,10:複文クイズ,動詞,動詞クイズ,ἐγγίζω,,Q. ἐγγίζω,42,近づく,遠ざかる,飲む,縁起をかつぐ,(42)近づく,近づく,(42)近づく,"""true""","[quiz question=""近づく,遠ざかる,飲む,縁起をかつぐ"" answer=""近づく"" kaisetsu=""(42)近づく"" random=""true""]ἐγγίζω[/quiz]",,,
10:複文,10:複文クイズ,動詞,動詞クイズ,ἡγέομαι,,Q. ἡγέομαι,28,導く、考える,驚く,食べる,近づく,(28)導く、考える,導く、考える,(28)導く、考える,"""true""","[quiz question=""導く、考える,驚く,食べる,近づく"" answer=""導く、考える"" kaisetsu=""(28)導く、考える"" random=""true""]ἡγέομαι[/quiz]",,,
10:複文,10:複文クイズ,動詞,動詞クイズ,θαθμάζω,,Q. θαθμάζω,43,驚く,癒やす,近づく,導く、考える,(43)驚く,驚く,(43)驚く,"""true""","[quiz question=""驚く,癒やす,近づく,導く、考える"" answer=""驚く"" kaisetsu=""(43)驚く"" random=""true""]θαθμάζω[/quiz]",,,
10:複文,10:複文クイズ,動詞,動詞クイズ,θεραπεύω,,Q. θεραπεύω,43,癒やす,眠る,導く、考える,驚く,(43)癒やす,癒やす,(43)癒やす,"""true""","[quiz question=""癒やす,眠る,導く、考える,驚く"" answer=""癒やす"" kaisetsu=""(43)癒やす"" random=""true""]θεραπεύω[/quiz]",,,
10:複文,10:複文クイズ,動詞,動詞クイズ,καθεύδω,,Q. καθεύδω,22,眠る,食べる,驚く,近づく,(22)眠る,眠る,(22)眠る,"""true""","[quiz question=""眠る,食べる,驚く,近づく"" answer=""眠る"" kaisetsu=""(22)眠る"" random=""true""]καθεύδω[/quiz]",,,
10:複文,10:複文クイズ,固有名詞,固有名詞クイズ,Πιλᾶτος,,Q. Πιλᾶτος,55,ピラト,ピルト,ピサト,ぱらと,(55) ピラト，人名；ローマ帝国のユダヤ（サマリア・イドマヤを含む）総督, ピラト，人名；ローマ帝国のユダヤ（サマリア・イドマヤを含む）総督,(55)ピラト,"""true""","[quiz question=""ピラト,ピルト,ピサト,ぱらと"" answer=""ピラト"" kaisetsu=""(55) ピラト，人名；ローマ帝国のユダヤ（サマリア・イドマヤを含む）総督"" random=""true""]Πιλᾶτος[/quiz]",,,
11:動詞の特殊変化,11:動詞の特殊変化クイズ,第2アオリスト,第2アオリストクイズ,ἁμαρτανω,,Q. ἁμαρτανω,43,罪を犯す,苦しむ,笑う,はまる,(43)私は罪・過ちを犯す　第2アオリストは　ἡμαρτον,私は罪・過ちを犯す　第2アオリストは　ἡμαρτον,(43)罪を犯す,"""true""","[quiz question=""罪を犯す,苦しむ,笑う,はまる"" answer=""罪を犯す"" kaisetsu=""(43)私は罪・過ちを犯す　第2アオリストは　ἡμαρτον"" random=""true""]ἁμαρτανω[/quiz]",",",",",","
11:動詞の特殊変化,11:動詞の特殊変化クイズ,第2アオリスト,第2アオリストクイズ,ἀποθνῃσκω,,Q. ἀποθνῃσκω,111,死ぬ,飲む,喜ぶ,生きる,"(111)〜死ぬ　第2アオリストは　ἀπεθανον　）現･未完では、死にかけているニュアンスでまだ死んでいない。ルカ8:42, ２コリ6:9, ヘブ11:21；しかしアオリストでは死へ移行したニュアンス、。現在が「死ぬ」意味に用いられるのは(「人々は死ぬものだ、など一般論的な意味　１コリ15:22, ","〜死ぬ　第2アオリストは　ἀπεθανον　）現･未完では、死にかけているニュアンスでまだ死んでいない。ルカ8:42, ２コリ6:9, ヘブ11:21；しかしアオリストでは死へ移行したニュアンス、。現在が「死ぬ」意味に用いられるのは(「人々は死ぬものだ、など一般論的な意味　１コリ15:22, ",(111)死ぬ,"""true""","[quiz question=""死ぬ,飲む,喜ぶ,生きる"" answer=""死ぬ"" kaisetsu=""(111)〜死ぬ　第2アオリストは　ἀπεθανον　）現･未完では、死にかけているニュアンスでまだ死んでいない。ルカ8:42, ２コリ6:9, ヘブ11:21；しかしアオリストでは死へ移行したニュアンス、。現在が「死ぬ」意味に用いられるのは(「人々は死ぬものだ、など一般論的な意味　１コリ15:22, "" random=""true""]ἀποθνῃσκω[/quiz]",,,
11:動詞の特殊変化,11:動詞の特殊変化クイズ,第2アオリスト,第2アオリストクイズ,βαλλω,,Q. βαλλω,122,投げる,逃げる,受け取る,バカにする,(122)投げる　第2アオリストは　ἐβαλον,投げる　第2アオリストは　ἐβαλον,(122)投げる,"""true""","[quiz question=""投げる,逃げる,受け取る,バカにする"" answer=""投げる"" kaisetsu=""(122)投げる　第2アオリストは　ἐβαλον"" random=""true""]βαλλω[/quiz]",,,
11:動詞の特殊変化,11:動詞の特殊変化クイズ,第2アオリスト,第2アオリストクイズ,εὑρισκω,,Q. εὑρισκω,176,見つける,行く,学ぶ,リスクをとる,(176)見つける　第2アオリストは　εὑρον,見つける　第2アオリストは　εὑρον,(176)見つける,"""true""","[quiz question=""見つける,行く,学ぶ,リスクをとる"" answer=""見つける"" kaisetsu=""(176)見つける　第2アオリストは　εὑρον"" random=""true""]εὑρισκω[/quiz]",,,
11:動詞の特殊変化,11:動詞の特殊変化クイズ,第2アオリスト,第2アオリストクイズ,καταλειπω,,Q. καταλειπω,24,立ち去る、後に残す,知っている,苦しむ,語り合う,(24)立ち去る、後に残す　第2アオリストは　κατεριπον,立ち去る、後に残す　第2アオリストは　κατεριπον,(24)立ち去る、後に残す,"""true""","[quiz question=""立ち去る、後に残す,知っている,苦しむ,語り合う"" answer=""立ち去る、後に残す"" kaisetsu=""(24)立ち去る、後に残す　第2アオリストは　κατεριπον"" random=""true""]καταλειπω[/quiz]",,,
11:動詞の特殊変化,11:動詞の特殊変化クイズ,第2アオリスト,第2アオリストクイズ,λαμβανω,,Q. λαμβανω,258,受け取る,導く,飲む,乱暴にする,(258)受け取る　第2アオリストは　ἐλαβον,受け取る　第2アオリストは　ἐλαβον,(258)受け取る,"""true""","[quiz question=""受け取る,導く,飲む,乱暴にする"" answer=""受け取る"" kaisetsu=""(258)受け取る　第2アオリストは　ἐλαβον"" random=""true""]λαμβανω[/quiz]",,,
11:動詞の特殊変化,11:動詞の特殊変化クイズ,第2アオリスト,第2アオリストクイズ,μανθανω,,Q. μανθανω,25,学ぶ,持っている,逃げる,ダイエットする,(25)学ぶ　第2アオリストは　ἐμαθον,学ぶ　第2アオリストは　ἐμαθον,(25)学ぶ,"""true""","[quiz question=""学ぶ,持っている,逃げる,ダイエットする"" answer=""学ぶ"" kaisetsu=""(25)学ぶ　第2アオリストは　ἐμαθον"" random=""true""]μανθανω[/quiz]",,,
11:動詞の特殊変化,11:動詞の特殊変化クイズ,第2アオリスト,第2アオリストクイズ,πασχω,,Q. πασχω,42,苦しむ,倒れる,行く,パスモを使う,(42)苦しむ　第2アオリストは　ἐπαθον,苦しむ　第2アオリストは　ἐπαθον,(42)苦しむ,"""true""","[quiz question=""苦しむ,倒れる,行く,パスモを使う"" answer=""苦しむ"" kaisetsu=""(42)苦しむ　第2アオリストは　ἐπαθον"" random=""true""]πασχω[/quiz]",,,
11:動詞の特殊変化,11:動詞の特殊変化クイズ,第2アオリスト,第2アオリストクイズ,πινω,,Q. πινω,73,飲む,なる,知っている,アイスを食べる,(73)飲む　第2アオリストは　ἐπιον,飲む　第2アオリストは　ἐπιον,(73)飲む,"""true""","[quiz question=""飲む,なる,知っている,アイスを食べる"" answer=""飲む"" kaisetsu=""(73)飲む　第2アオリストは　ἐπιον"" random=""true""]πινω[/quiz]",,,
11:動詞の特殊変化,11:動詞の特殊変化クイズ,第2アオリスト,第2アオリストクイズ,φευγω,,Q. φευγω,29,逃げる,来る,導く,教える,(29)逃げる　第2アオリストは　ἐφυγον,逃げる　第2アオリストは　ἐφυγον,(29)逃げる,"""true""","[quiz question=""逃げる,来る,導く,教える"" answer=""逃げる"" kaisetsu=""(29)逃げる　第2アオリストは　ἐφυγον"" random=""true""]φευγω[/quiz]",,,
11:動詞の特殊変化,11:動詞の特殊変化クイズ,第2アオリスト,第2アオリストクイズ,βαινω,,Q. βαινω,,行く,言う,罪を犯す,倍にする,()行く　第2アオリストは　ἐβην,行く　第2アオリストは　ἐβην,()行く,"""true""","[quiz question=""行く,言う,罪を犯す,倍にする"" answer=""行く"" kaisetsu=""()行く　第2アオリストは　ἐβην"" random=""true""]βαινω[/quiz]",,,
11:動詞の特殊変化,11:動詞の特殊変化クイズ,第2アオリスト,第2アオリストクイズ,γινωσκω,,Q. γινωσκω,222,知っている,食べる,死ぬ,買う,"(222)第2アオリストは　ἐγνων   ①知識の中に取り入れる( 知るようになる( 知るに至る( 聞き知る，知る，知っている；（人格的かつ肉体的に異性を)知る) ②気づく( 知覚する，さとる) ③わかる( 理解する，心得ている(（不定詞と）～ができる) ④確かめる( 認める，承認する；現在幹は「知っている状態」の開始や継続( アオリスト幹は「知らなかった者が知ることになること（無知より知への移行）」を表わす；
類語：οἰδα = 分かっている，特に何かをするすべを心得ている（語形は第2完了形だが意味は現在）；γινώσκω ＝経験を通して知るようになる)","第2アオリストは　ἐγνων   ①知識の中に取り入れる( 知るようになる( 知るに至る( 聞き知る，知る，知っている；（人格的かつ肉体的に異性を)知る) ②気づく( 知覚する，さとる) ③わかる( 理解する，心得ている(（不定詞と）～ができる) ④確かめる( 認める，承認する；現在幹は「知っている状態」の開始や継続( アオリスト幹は「知らなかった者が知ることになること（無知より知への移行）」を表わす；
類語：οἰδα = 分かっている，特に何かをするすべを心得ている（語形は第2完了形だが意味は現在）；γινώσκω ＝経験を通して知るようになる)",(222)知っている,"""true""","[quiz question=""知っている,食べる,死ぬ,買う"" answer=""知っている"" kaisetsu=""(222)第2アオリストは　ἐγνων   ①知識の中に取り入れる( 知るようになる( 知るに至る( 聞き知る，知る，知っている；（人格的かつ肉体的に異性を)知る) ②気づく( 知覚する，さとる) ③わかる( 理解する，心得ている(（不定詞と）～ができる) ④確かめる( 認める，承認する；現在幹は「知っている状態」の開始や継続( アオリスト幹は「知らなかった者が知ることになること（無知より知への移行）」を表わす；
類語：οἰδα = 分かっている，特に何かをするすべを心得ている（語形は第2完了形だが意味は現在）；γινώσκω ＝経験を通して知るようになる)"" random=""true""]γινωσκω[/quiz]",,,
11:動詞の特殊変化,11:動詞の特殊変化クイズ,第2アオリスト,第2アオリストクイズ,ἀγω,,Q. ἀγω,67,導く,見る,投げる,顎が外れる,(67)導く第2アオリストは　ἠγαγον,導く第2アオリストは　ἠγαγον,(67)導く,"""true""","[quiz question=""導く,見る,投げる,顎が外れる"" answer=""導く"" kaisetsu=""(67)導く第2アオリストは　ἠγαγον"" random=""true""]ἀγω[/quiz]",,,
11:動詞の特殊変化,11:動詞の特殊変化クイズ,第2アオリスト,第2アオリストクイズ,ἐχω,,Q. ἐχω,708,持っている,運ぶ,見つける,倹約する,(708)持つ　第2アオリストは　ἐσχον,持つ　第2アオリストは　ἐσχον,(708)持っている,"""true""","[quiz question=""持っている,運ぶ,見つける,倹約する"" answer=""持っている"" kaisetsu=""(708)持つ　第2アオリストは　ἐσχον"" random=""true""]ἐχω[/quiz]",,,
11:動詞の特殊変化,11:動詞の特殊変化クイズ,第2アオリスト,第2アオリストクイズ,πιπτω,,Q. πιπτω,90,倒れる,罪を犯す,立ち去る,立つ,(90)倒れる　第2アオリストは　ἐπεσον,倒れる　第2アオリストは　ἐπεσον,(90)倒れる,"""true""","[quiz question=""倒れる,罪を犯す,立ち去る,立つ"" answer=""倒れる"" kaisetsu=""(90)倒れる　第2アオリストは　ἐπεσον"" random=""true""]πιπτω[/quiz]",,,
11:動詞の特殊変化,11:動詞の特殊変化クイズ,第2アオリスト,第2アオリストクイズ,γινομαι,,Q. γινομαι,669,なる,死ぬ,受け取る,義の舞いを踊る,(669)なる　第2アオリストは　ἐγενομην,なる　第2アオリストは　ἐγενομην,(669)なる,"""true""","[quiz question=""なる,死ぬ,受け取る,義の舞いを踊る"" answer=""なる"" kaisetsu=""(669)なる　第2アオリストは　ἐγενομην"" random=""true""]γινομαι[/quiz]",,,
11:動詞の特殊変化,11:動詞の特殊変化クイズ,第2アオリスト,第2アオリストクイズ,ἐρχομαι,,Q. ἐρχομαι,634,来る,投げる,学ぶ,古米を得る,(634)来る　第2アオリストは　ἠλθον,来る　第2アオリストは　ἠλθον,(634)来る,"""true""","[quiz question=""来る,投げる,学ぶ,古米を得る"" answer=""来る"" kaisetsu=""(634)来る　第2アオリストは　ἠλθον"" random=""true""]ἐρχομαι[/quiz]",,,
11:動詞の特殊変化,11:動詞の特殊変化クイズ,第2アオリスト,第2アオリストクイズ,λεγω,,Q. λεγω,2354,言う,見つける,苦しむ,レゴで遊ぶ,(2354)言う　第2アオリストは　είπον,言う　第2アオリストは　είπον,(2354)言う,"""true""","[quiz question=""言う,見つける,苦しむ,レゴで遊ぶ"" answer=""言う"" kaisetsu=""(2354)言う　第2アオリストは　είπον"" random=""true""]λεγω[/quiz]",,,
11:動詞の特殊変化,11:動詞の特殊変化クイズ,第2アオリスト,第2アオリストクイズ,ἐσθιω,,Q. ἐσθιω,158,食べる,立ち去る,飲む,塩を振りかける,(158)食べる　第2アオリストは　ἐφαγον,食べる　第2アオリストは　ἐφαγον,(158)食べる,"""true""","[quiz question=""食べる,立ち去る,飲む,塩を振りかける"" answer=""食べる"" kaisetsu=""(158)食べる　第2アオリストは　ἐφαγον"" random=""true""]ἐσθιω[/quiz]",,,
11:動詞の特殊変化,11:動詞の特殊変化クイズ,第2アオリスト,第2アオリストクイズ,ὁραω,,Q. ὁραω,454,見る,受け取る,逃げる,ホラを吹く,(454)見る　第2アオリストは　εἰδον,見る　第2アオリストは　εἰδον,(454)見る,"""true""","[quiz question=""見る,受け取る,逃げる,ホラを吹く"" answer=""見る"" kaisetsu=""(454)見る　第2アオリストは　εἰδον"" random=""true""]ὁραω[/quiz]",,,
11:動詞の特殊変化,11:動詞の特殊変化クイズ,第2アオリスト,第2アオリストクイズ,φερω,,Q. φερω,66,運ぶ,学ぶ,期待する,交わる,(66)運ぶ　第2アオリストは　ἠνεγκον,運ぶ　第2アオリストは　ἠνεγκον,(66)運ぶ,"""true""","[quiz question=""運ぶ,学ぶ,期待する,交わる"" answer=""運ぶ"" kaisetsu=""(66)運ぶ　第2アオリストは　ἠνεγκον"" random=""true""]φερω[/quiz]",,,
11:動詞の特殊変化,11:動詞の特殊変化クイズ,第2アオリスト,第2アオリストクイズ,παραγίνομαι,,Q. παραγίνομαι,37,到着する,信じる,嘘をつく,喜ぶ,(37)到着する、傍らに立つ、助ける　第2アオリスト　παρἐγενομην,到着する、傍らに立つ、助ける　第2アオリスト　παρἐγενομην,(37)到着する,"""true""","[quiz question=""到着する,信じる,嘘をつく,喜ぶ"" answer=""到着する"" kaisetsu=""(37)到着する、傍らに立つ、助ける　第2アオリスト　παρἐγενομην"" random=""true""]παραγίνομαι[/quiz]",,,
11:動詞の特殊変化,11:動詞の特殊変化クイズ,第2アオリスト,第2アオリストクイズ,προσφέρω,,Q. προσφέρω,47,運ぶ、捧げる,信仰する,向かっていく,動揺する,(47)運ぶ、捧げる　第2アオリスト προσηνεγκα,運ぶ、捧げる　第2アオリスト προσηνεγκα,(47)運ぶ、捧げる,"""true""","[quiz question=""運ぶ、捧げる,信仰する,向かっていく,動揺する"" answer=""運ぶ、捧げる"" kaisetsu=""(47)運ぶ、捧げる　第2アオリスト προσηνεγκα"" random=""true""]προσφέρω[/quiz]",,,
11:動詞の特殊変化,11:動詞の特殊変化クイズ,流音子音,流音子音クイズ,ἀπαγγέλλω,,Q. ἀπαγγέλλω,45,報告する、宣言する,福音を伝える,弁明する,建てる,(45)報告する、宣言する,報告する、宣言する,(45)報告する、宣言する,"""true""","[quiz question=""報告する、宣言する,福音を伝える,弁明する,建てる"" answer=""報告する、宣言する"" kaisetsu=""(45)報告する、宣言する"" random=""true""]ἀπαγγέλλω[/quiz]",,,
11:動詞の特殊変化,11:動詞の特殊変化クイズ,流音子音,流音子音クイズ,παραγγέλλω（+与格）,,Q. παραγγέλλω（+与格）,32,命ずる,付きそう,聞き従う,食べる,(32)命ずる,命ずる,(32)命ずる,"""true""","[quiz question=""命ずる,付きそう,聞き従う,食べる"" answer=""命ずる"" kaisetsu=""(32)命ずる"" random=""true""]παραγγέλλω（+与格）[/quiz]",,,
11:動詞の特殊変化,11:動詞の特殊変化クイズ,流音子音,流音子音クイズ,αἴρω,,Q. αἴρω,101,上げる,皮肉を言う,嘘をつく,下げる,(101)上げる,上げる,(101)上げる,"""true""","[quiz question=""上げる,皮肉を言う,嘘をつく,下げる"" answer=""上げる"" kaisetsu=""(101)上げる"" random=""true""]αἴρω[/quiz]",,,
11:動詞の特殊変化,11:動詞の特殊変化クイズ,流音子音,流音子音クイズ,ἀποκτεἰνω,,Q. ἀποκτεἰνω,74,殺す,生かす,失う,参加する,(74)殺す,殺す,(74)殺す,"""true""","[quiz question=""殺す,生かす,失う,参加する"" answer=""殺す"" kaisetsu=""(74)殺す"" random=""true""]ἀποκτεἰνω[/quiz]",,,
11:動詞の特殊変化,11:動詞の特殊変化クイズ,流音子音,流音子音クイズ,κρίνω,,Q. κρίνω,114,裁く,従う,栗拾う,許す,(114)裁く,裁く,(114)裁く,"""true""","[quiz question=""裁く,従う,栗拾う,許す"" answer=""裁く"" kaisetsu=""(114)裁く"" random=""true""]κρίνω[/quiz]",,,
11:動詞の特殊変化,11:動詞の特殊変化クイズ,流音子音,流音子音クイズ,μένω,,Q. μένω,118,留まる,行く,走る,動き回る,(118)留まる,留まる,(118)留まる,"""true""","[quiz question=""留まる,行く,走る,動き回る"" answer=""留まる"" kaisetsu=""(118)留まる"" random=""true""]μένω[/quiz]",,,
11:動詞の特殊変化,11:動詞の特殊変化クイズ,流音子音,流音子音クイズ,ὀφείλω,,Q. ὀφείλω,35,負い目、義務がある,免除される,許される,自由になる,(35)負い目、義務がある,負い目、義務がある,(35)負い目、義務がある,"""true""","[quiz question=""負い目、義務がある,免除される,許される,自由になる"" answer=""負い目、義務がある"" kaisetsu=""(35)負い目、義務がある"" random=""true""]ὀφείλω[/quiz]",,,
11:動詞の特殊変化,11:動詞の特殊変化クイズ,流音子音,流音子音クイズ,σπεἰρω,,Q. σπεἰρω,52,蒔く,刈り取る,滑る,登る,(52)蒔く,蒔く,(52)蒔く,"""true""","[quiz question=""蒔く,刈り取る,滑る,登る"" answer=""蒔く"" kaisetsu=""(52)蒔く"" random=""true""]σπεἰρω[/quiz]",,,
11:動詞の特殊変化,11:動詞の特殊変化クイズ,流音子音,流音子音クイズ,ἀποστέλλω,,Q. ἀποστέλλω,132,遣わす,召される,壊す,指摘する,(132)遣わす,遣わす,(132)遣わす,"""true""","[quiz question=""遣わす,召される,壊す,指摘する"" answer=""遣わす"" kaisetsu=""(132)遣わす"" random=""true""]ἀποστέλλω[/quiz]",,,
11:動詞の特殊変化,11:動詞の特殊変化クイズ,流音子音,流音子音クイズ,ἐγείρω,,Q. ἐγείρω,144,起こす、立たせる,非難する,信じる,上げる,(144)起こす、立たせる,起こす、立たせる,(144)起こす、立たせる,"""true""","[quiz question=""起こす、立たせる,非難する,信じる,上げる"" answer=""起こす、立たせる"" kaisetsu=""(144)起こす、立たせる"" random=""true""]ἐγείρω[/quiz]",,,
11:動詞の特殊変化,11:動詞の特殊変化クイズ,流音子音,流音子音クイズ,χαίρω,,Q. χαίρω,74,喜ぶ,悲しむ,変える,見る,(74)喜ぶ,喜ぶ,(74)喜ぶ,"""true""","[quiz question=""喜ぶ,悲しむ,変える,見る"" answer=""喜ぶ"" kaisetsu=""(74)喜ぶ"" random=""true""]χαίρω[/quiz]",,,
11:動詞の特殊変化,11:動詞の特殊変化クイズ,特殊第2アオリスト,特殊第2アオリストクイズ,ἀναβαίνω,,Q. ἀναβαίνω,82,上がる、登る,下がる,降りる,飛ぶ,(82)上がる、登る,上がる、登る,(82)上がる、登る,"""true""","[quiz question=""上がる、登る,下がる,降りる,飛ぶ"" answer=""上がる、登る"" kaisetsu=""(82)上がる、登る"" random=""true""]ἀναβαίνω[/quiz]",,,
11:動詞の特殊変化,11:動詞の特殊変化クイズ,特殊第2アオリスト,特殊第2アオリストクイズ,καταβαίνω,,Q. καταβαίνω,81,下る、降りる,上がる、登る,肩が痛む,売る,(81)下る、降りる,下る、降りる,(81)下る、降りる,"""true""","[quiz question=""下る、降りる,上がる、登る,肩が痛む,売る"" answer=""下る、降りる"" kaisetsu=""(81)下る、降りる"" random=""true""]καταβαίνω[/quiz]",,,
11:動詞の特殊変化,11:動詞の特殊変化クイズ,特殊第2アオリスト,特殊第2アオリストクイズ,γινώσκω,,Q. γινώσκω,222,知っている,作る,見る,移動する,(222)知っている,知っている,(222)知っている,"""true""","[quiz question=""知っている,作る,見る,移動する"" answer=""知っている"" kaisetsu=""(222)知っている"" random=""true""]γινώσκω[/quiz]",,,
11:動詞の特殊変化,11:動詞の特殊変化クイズ,特殊第2アオリスト,特殊第2アオリストクイズ,άναγινώσκω,,Q. άναγινώσκω,32,読む,聴く,書く,計算する,(32)読む,読む,(32)読む,"""true""","[quiz question=""読む,聴く,書く,計算する"" answer=""読む"" kaisetsu=""(32)読む"" random=""true""]άναγινώσκω[/quiz]",,,
11:動詞の特殊変化,11:動詞の特殊変化クイズ,特殊第2アオリスト,特殊第2アオリストクイズ,ἐπιγινώσκω,,Q. ἐπιγινώσκω,44,認識する,見過ごす,遊ぶ,集う,(44)認識する,認識する,(44)認識する,"""true""","[quiz question=""認識する,見過ごす,遊ぶ,集う"" answer=""認識する"" kaisetsu=""(44)認識する"" random=""true""]ἐπιγινώσκω[/quiz]",,,
11:動詞の特殊変化,11:動詞の特殊変化クイズ,命令形,命令形クイズ,ἰδού,,Q. ἰδού,200,見よ！,聞け！,歌え！,来い！,(200)見よ！　ἐιδονと関連している命令形,見よ！　ἐιδονと関連している命令形,(200)見よ！,"""true""","[quiz question=""見よ！,聞け！,歌え！,来い！"" answer=""見よ！"" kaisetsu=""(200)見よ！　ἐιδονと関連している命令形"" random=""true""]ἰδού[/quiz]",,,
11:動詞の特殊変化,11:動詞の特殊変化クイズ,第2アオリスト,第2アオリストクイズ,ἡμαρτον,,Q. ἡμαρτον,43,罪をおかした,苦しむ,笑う,はまる,(43)第2アオ　罪をおかした　現在はἁμαρτανω,第2アオ　罪をおかした　現在はἁμαρτανω,(43)罪をおかした,"""true""","[quiz question=""罪をおかした,苦しむ,笑う,はまる"" answer=""罪をおかした"" kaisetsu=""(43)第2アオ　罪をおかした　現在はἁμαρτανω"" random=""true""]ἡμαρτον[/quiz]",,,
11:動詞の特殊変化,11:動詞の特殊変化クイズ,第2アオリスト,第2アオリストクイズ,ἀπεθανον,,Q. ἀπεθανον,111,死んだ,飲む,喜ぶ,生きる,(111)第2アオ　死んだ　現在はἀποθνῃσκω,第2アオ　死んだ　現在はἀποθνῃσκω,(111)死んだ,"""true""","[quiz question=""死んだ,飲む,喜ぶ,生きる"" answer=""死んだ"" kaisetsu=""(111)第2アオ　死んだ　現在はἀποθνῃσκω"" random=""true""]ἀπεθανον[/quiz]",,,
11:動詞の特殊変化,11:動詞の特殊変化クイズ,第2アオリスト,第2アオリストクイズ,ἐβαλον,,Q. ἐβαλον,122,投げた,逃げる,受け取る,バカにする,(122)第2アオ　投げた　現在はβαλλω,第2アオ　投げた　現在はβαλλω,(122)投げた,"""true""","[quiz question=""投げた,逃げる,受け取る,バカにする"" answer=""投げた"" kaisetsu=""(122)第2アオ　投げた　現在はβαλλω"" random=""true""]ἐβαλον[/quiz]",,,
11:動詞の特殊変化,11:動詞の特殊変化クイズ,第2アオリスト,第2アオリストクイズ,εὑρον,,Q. εὑρον,176,見つけた,行く,学ぶ,リスクをとる,(176)第2アオ　見つけた　現在はεὑρισκω,第2アオ　見つけた　現在はεὑρισκω,(176)見つけた,"""true""","[quiz question=""見つけた,行く,学ぶ,リスクをとる"" answer=""見つけた"" kaisetsu=""(176)第2アオ　見つけた　現在はεὑρισκω"" random=""true""]εὑρον[/quiz]",,,
11:動詞の特殊変化,11:動詞の特殊変化クイズ,第2アオリスト,第2アオリストクイズ,κατεριπον,,Q. κατεριπον,24,立ち去った,知っている,苦しむ,語り合う,(24)第2アオ　立ち去った　現在はκαταλειπω,第2アオ　立ち去った　現在はκαταλειπω,(24)立ち去った,"""true""","[quiz question=""立ち去った,知っている,苦しむ,語り合う"" answer=""立ち去った"" kaisetsu=""(24)第2アオ　立ち去った　現在はκαταλειπω"" random=""true""]κατεριπον[/quiz]",,,
11:動詞の特殊変化,11:動詞の特殊変化クイズ,第2アオリスト,第2アオリストクイズ,ἐλαβον,,Q. ἐλαβον,258,受け取った,導く,飲む,乱暴にする,(258)第2アオ　受け取った　現在はλαμβανω,第2アオ　受け取った　現在はλαμβανω,(258)受け取った,"""true""","[quiz question=""受け取った,導く,飲む,乱暴にする"" answer=""受け取った"" kaisetsu=""(258)第2アオ　受け取った　現在はλαμβανω"" random=""true""]ἐλαβον[/quiz]",,,
11:動詞の特殊変化,11:動詞の特殊変化クイズ,第2アオリスト,第2アオリストクイズ,ἐμαθον,,Q. ἐμαθον,25,学んだ,持っている,逃げる,ダイエットする,(25)第2アオ　学んだ　現在はμανθανω,第2アオ　学んだ　現在はμανθανω,(25)学んだ,"""true""","[quiz question=""学んだ,持っている,逃げる,ダイエットする"" answer=""学んだ"" kaisetsu=""(25)第2アオ　学んだ　現在はμανθανω"" random=""true""]ἐμαθον[/quiz]",,,
11:動詞の特殊変化,11:動詞の特殊変化クイズ,第2アオリスト,第2アオリストクイズ,ἐπαθον,,Q. ἐπαθον,42,苦しんだ,倒れる,行く,パスモを使う,(42)第2アオ　苦しんだ　現在はπασχω,第2アオ　苦しんだ　現在はπασχω,(42)苦しんだ,"""true""","[quiz question=""苦しんだ,倒れる,行く,パスモを使う"" answer=""苦しんだ"" kaisetsu=""(42)第2アオ　苦しんだ　現在はπασχω"" random=""true""]ἐπαθον[/quiz]",,,
11:動詞の特殊変化,11:動詞の特殊変化クイズ,第2アオリスト,第2アオリストクイズ,ἐπιον,,Q. ἐπιον,73,飲んだ,なる,知っている,アイスを食べる,(73)第2アオ　飲んだ　現在はπινω,第2アオ　飲んだ　現在はπινω,(73)飲んだ,"""true""","[quiz question=""飲んだ,なる,知っている,アイスを食べる"" answer=""飲んだ"" kaisetsu=""(73)第2アオ　飲んだ　現在はπινω"" random=""true""]ἐπιον[/quiz]",,,
11:動詞の特殊変化,11:動詞の特殊変化クイズ,第2アオリスト,第2アオリストクイズ,ἐφυγον,,Q. ἐφυγον,29,逃げた,来る,導く,教える,(29)第2アオ　逃げた　現在はφευγω,第2アオ　逃げた　現在はφευγω,(29)逃げた,"""true""","[quiz question=""逃げた,来る,導く,教える"" answer=""逃げた"" kaisetsu=""(29)第2アオ　逃げた　現在はφευγω"" random=""true""]ἐφυγον[/quiz]",,,
11:動詞の特殊変化,11:動詞の特殊変化クイズ,第2アオリスト,第2アオリストクイズ,ἐβην,,Q. ἐβην,,行った,言う,罪を犯す,倍にする,()第2アオ　行った　現在はβαινω,第2アオ　行った　現在はβαινω,()行った,"""true""","[quiz question=""行った,言う,罪を犯す,倍にする"" answer=""行った"" kaisetsu=""()第2アオ　行った　現在はβαινω"" random=""true""]ἐβην[/quiz]",,,
11:動詞の特殊変化,11:動詞の特殊変化クイズ,第2アオリスト,第2アオリストクイズ,ἐγνων,,Q. ἐγνων,222,知っていた,食べる,死ぬ,買う,(222)第2アオ　知っていた　現在はγινωσκω,第2アオ　知っていた　現在はγινωσκω,(222)知っていた,"""true""","[quiz question=""知っていた,食べる,死ぬ,買う"" answer=""知っていた"" kaisetsu=""(222)第2アオ　知っていた　現在はγινωσκω"" random=""true""]ἐγνων[/quiz]",,,
11:動詞の特殊変化,11:動詞の特殊変化クイズ,第2アオリスト,第2アオリストクイズ,ἠγαγον,,Q. ἠγαγον,67,導いた,見る,投げる,顎が外れる,(67)第2アオ　導いた　現在はἀγω,第2アオ　導いた　現在はἀγω,(67)導いた,"""true""","[quiz question=""導いた,見る,投げる,顎が外れる"" answer=""導いた"" kaisetsu=""(67)第2アオ　導いた　現在はἀγω"" random=""true""]ἠγαγον[/quiz]",,,
11:動詞の特殊変化,11:動詞の特殊変化クイズ,第2アオリスト,第2アオリストクイズ,ἐσχον,,Q. ἐσχον,708,持っていた,運ぶ,見つける,倹約する,(708)第2アオ　持っていた　現在はἐχω,第2アオ　持っていた　現在はἐχω,(708)持っていた,"""true""","[quiz question=""持っていた,運ぶ,見つける,倹約する"" answer=""持っていた"" kaisetsu=""(708)第2アオ　持っていた　現在はἐχω"" random=""true""]ἐσχον[/quiz]",,,
11:動詞の特殊変化,11:動詞の特殊変化クイズ,第2アオリスト,第2アオリストクイズ,ἐπεσον,,Q. ἐπεσον,90,倒れた,罪を犯す,立ち去る,立つ,(90)第2アオ　倒れた　現在はπιπτω,第2アオ　倒れた　現在はπιπτω,(90)倒れた,"""true""","[quiz question=""倒れた,罪を犯す,立ち去る,立つ"" answer=""倒れた"" kaisetsu=""(90)第2アオ　倒れた　現在はπιπτω"" random=""true""]ἐπεσον[/quiz]",,,
11:動詞の特殊変化,11:動詞の特殊変化クイズ,第2アオリスト,第2アオリストクイズ,ἐγενομην,,Q. ἐγενομην,669,なった,死ぬ,受け取る,義の舞いを踊る,(669)第2アオ　なった　現在はγινομαι,第2アオ　なった　現在はγινομαι,(669)なった,"""true""","[quiz question=""なった,死ぬ,受け取る,義の舞いを踊る"" answer=""なった"" kaisetsu=""(669)第2アオ　なった　現在はγινομαι"" random=""true""]ἐγενομην[/quiz]",,,
11:動詞の特殊変化,11:動詞の特殊変化クイズ,第2アオリスト,第2アオリストクイズ,ἠλθον,,Q. ἠλθον,634,来た,投げる,学ぶ,古米を得る,(634)第2アオ　来た　現在はἐρχομαι,第2アオ　来た　現在はἐρχομαι,(634)来た,"""true""","[quiz question=""来た,投げる,学ぶ,古米を得る"" answer=""来た"" kaisetsu=""(634)第2アオ　来た　現在はἐρχομαι"" random=""true""]ἠλθον[/quiz]",,,
11:動詞の特殊変化,11:動詞の特殊変化クイズ,第2アオリスト,第2アオリストクイズ,είπον,,Q. είπον,2354,言った,見つける,苦しむ,レゴで遊ぶ,(2354)第2アオ　言った現在はλεγω,第2アオ　言った現在はλεγω,(2354)言った,"""true""","[quiz question=""言った,見つける,苦しむ,レゴで遊ぶ"" answer=""言った"" kaisetsu=""(2354)第2アオ　言った現在はλεγω"" random=""true""]είπον[/quiz]",,,
11:動詞の特殊変化,11:動詞の特殊変化クイズ,第2アオリスト,第2アオリストクイズ,ἐφαγον,,Q. ἐφαγον,158,食べた,立ち去る,飲む,塩を振りかける,(158)第2アオ　食べた　現在はἐσθιω,第2アオ　食べた　現在はἐσθιω,(158)食べた,"""true""","[quiz question=""食べた,立ち去る,飲む,塩を振りかける"" answer=""食べた"" kaisetsu=""(158)第2アオ　食べた　現在はἐσθιω"" random=""true""]ἐφαγον[/quiz]",,,
11:動詞の特殊変化,11:動詞の特殊変化クイズ,第2アオリスト,第2アオリストクイズ,εἰδον,,Q. εἰδον,454,見た,受け取る,逃げる,ホラを吹く,(454)第2アオ　見た　現在はὁραω,第2アオ　見た　現在はὁραω,(454)見た,"""true""","[quiz question=""見た,受け取る,逃げる,ホラを吹く"" answer=""見た"" kaisetsu=""(454)第2アオ　見た　現在はὁραω"" random=""true""]εἰδον[/quiz]",,,
11:動詞の特殊変化,11:動詞の特殊変化クイズ,第2アオリスト,第2アオリストクイズ,ἠνεγκον,,Q. ἠνεγκον,66,運んだ,学ぶ,期待する,交わる,(66)第2アオ　運んだ　現在はφερω,第2アオ　運んだ　現在はφερω,(66)運んだ,"""true""","[quiz question=""運んだ,学ぶ,期待する,交わる"" answer=""運んだ"" kaisetsu=""(66)第2アオ　運んだ　現在はφερω"" random=""true""]ἠνεγκον[/quiz]",,,
9:指示詞、代名詞、接続詞,9:指示詞、代名詞、接続詞クイズ,代名詞、所有形容詞など,代名詞、所有形容詞などクイズ,ἀλλήλος,,Q. ἀλλήλος,100,お互い,全体の,あなた自身,どんな種類の、どのような,(100)お互い,お互い,(100)お互い,"""true""","[quiz question=""お互い,全体の,あなた自身,どんな種類の、どのような"" answer=""お互い"" kaisetsu=""(100)お互い"" random=""true""]ἀλλήλος[/quiz]",,,
9:指示詞、代名詞、接続詞,9:指示詞、代名詞、接続詞クイズ,代名詞、所有形容詞など,代名詞、所有形容詞などクイズ,ἄλλος,,Q. ἄλλος,155,他の,これ、これら,あなたの,どれほどの、いくつの,(155)他の,他の,(155)他の,"""true""","[quiz question=""他の,これ、これら,あなたの,どれほどの、いくつの"" answer=""他の"" kaisetsu=""(155)他の"" random=""true""]ἄλλος[/quiz]",,,
9:指示詞、代名詞、接続詞,9:指示詞、代名詞、接続詞クイズ,代名詞、所有形容詞など,代名詞、所有形容詞などクイズ,ἑαυτός,,Q. ἑαυτός,319,彼、彼女、それ自身,私、私たち,それ、あれ,私自身,(319)彼、彼女、それ自身,彼、彼女、それ自身,(319)彼、彼女、それ自身,"""true""","[quiz question=""彼、彼女、それ自身,私、私たち,それ、あれ,私自身"" answer=""彼、彼女、それ自身"" kaisetsu=""(319)彼、彼女、それ自身"" random=""true""]ἑαυτός[/quiz]",,,
9:指示詞、代名詞、接続詞,9:指示詞、代名詞、接続詞クイズ,代名詞、所有形容詞など,代名詞、所有形容詞などクイズ,"ἐγώ, ἡμεῖς",,"Q. ἐγώ, ἡμεῖς",2666,私、私たち,それ、あれ,私自身,私の,(2666)私、私たち,私、私たち,(2666)私、私たち,"""true""","[quiz question=""私、私たち,それ、あれ,私自身,私の"" answer=""私、私たち"" kaisetsu=""(2666)私、私たち"" random=""true""]ἐγώ, ἡμεῖς[/quiz]",,,
9:指示詞、代名詞、接続詞,9:指示詞、代名詞、接続詞クイズ,代名詞、所有形容詞など,代名詞、所有形容詞などクイズ,ἐκεῖνος,,Q. ἐκεῖνος,265,それ、あれ,私自身,私の,そして私は,(265)それ、あれ,それ、あれ,(265)それ、あれ,"""true""","[quiz question=""それ、あれ,私自身,私の,そして私は"" answer=""それ、あれ"" kaisetsu=""(265)それ、あれ"" random=""true""]ἐκεῖνος[/quiz]",,,
9:指示詞、代名詞、接続詞,9:指示詞、代名詞、接続詞クイズ,代名詞、所有形容詞など,代名詞、所有形容詞などクイズ,ἐμαυτός,,Q. ἐμαυτός,37,私自身,私の,そして私は,全体の,(37)私自身,私自身,(37)私自身,"""true""","[quiz question=""私自身,私の,そして私は,全体の"" answer=""私自身"" kaisetsu=""(37)私自身"" random=""true""]ἐμαυτός[/quiz]",,,
9:指示詞、代名詞、接続詞,9:指示詞、代名詞、接続詞クイズ,代名詞、所有形容詞など,代名詞、所有形容詞などクイズ,ἐμός,,Q. ἐμός,76,私の,そして私は,全体の,これ、これら,(76)私の,私の,(76)私の,"""true""","[quiz question=""私の,そして私は,全体の,これ、これら"" answer=""私の"" kaisetsu=""(76)私の"" random=""true""]ἐμός[/quiz]",,,
9:指示詞、代名詞、接続詞,9:指示詞、代名詞、接続詞クイズ,代名詞、所有形容詞など,代名詞、所有形容詞などクイズ,κἀγώ,,Q. κἀγώ,84,そして私は,全体の,これ、これら,どんな種類の、どのような,(84)そして私は,そして私は,(84)そして私は,"""true""","[quiz question=""そして私は,全体の,これ、これら,どんな種類の、どのような"" answer=""そして私は"" kaisetsu=""(84)そして私は"" random=""true""]κἀγώ[/quiz]",,,
9:指示詞、代名詞、接続詞,9:指示詞、代名詞、接続詞クイズ,代名詞、所有形容詞など,代名詞、所有形容詞などクイズ,ὅλος,,Q. ὅλος,109,全体の,これ、これら,どんな種類の、どのような,どれほどの、いくつの,(109)全体の,全体の,(109)全体の,"""true""","[quiz question=""全体の,これ、これら,どんな種類の、どのような,どれほどの、いくつの"" answer=""全体の"" kaisetsu=""(109)全体の"" random=""true""]ὅλος[/quiz]",,,
9:指示詞、代名詞、接続詞,9:指示詞、代名詞、接続詞クイズ,代名詞、所有形容詞など,代名詞、所有形容詞などクイズ,"οὗτος,αὕτη,τοῦτο",,"Q. οὗτος,αὕτη,τοῦτο",1387,これ、これら,どんな種類の、どのような,どれほどの、いくつの,あなた自身,(1387)これ、これら,これ、これら,(1387)これ、これら,"""true""","[quiz question=""これ、これら,どんな種類の、どのような,どれほどの、いくつの,あなた自身"" answer=""これ、これら"" kaisetsu=""(1387)これ、これら"" random=""true""]οὗτος,αὕτη,τοῦτο[/quiz]",,,
9:指示詞、代名詞、接続詞,9:指示詞、代名詞、接続詞クイズ,代名詞、所有形容詞など,代名詞、所有形容詞などクイズ,ποῖος,,Q. ποῖος,33,どんな種類の、どのような,どれほどの、いくつの,あなた自身,あなたの,(33)どんな種類の、どのような,どんな種類の、どのような,(33)どんな種類の、どのような,"""true""","[quiz question=""どんな種類の、どのような,どれほどの、いくつの,あなた自身,あなたの"" answer=""どんな種類の、どのような"" kaisetsu=""(33)どんな種類の、どのような"" random=""true""]ποῖος[/quiz]",,,
9:指示詞、代名詞、接続詞,9:指示詞、代名詞、接続詞クイズ,代名詞、所有形容詞など,代名詞、所有形容詞などクイズ,πόσος,,Q. πόσος,27,どれほどの、いくつの,あなた自身,あなたの,あなた、あなた方,(27)どれほどの、いくつの,どれほどの、いくつの,(27)どれほどの、いくつの,"""true""","[quiz question=""どれほどの、いくつの,あなた自身,あなたの,あなた、あなた方"" answer=""どれほどの、いくつの"" kaisetsu=""(27)どれほどの、いくつの"" random=""true""]πόσος[/quiz]",,,
9:指示詞、代名詞、接続詞,9:指示詞、代名詞、接続詞クイズ,代名詞、所有形容詞など,代名詞、所有形容詞などクイズ,σεαυτός,,Q. σεαυτός,43,あなた自身,あなたの,あなた、あなた方,この、そのような,(43)あなた自身,あなた自身,(43)あなた自身,"""true""","[quiz question=""あなた自身,あなたの,あなた、あなた方,この、そのような"" answer=""あなた自身"" kaisetsu=""(43)あなた自身"" random=""true""]σεαυτός[/quiz]",,,
9:指示詞、代名詞、接続詞,9:指示詞、代名詞、接続詞クイズ,代名詞、所有形容詞など,代名詞、所有形容詞などクイズ,σός,,Q. σός,27,あなたの,あなた、あなた方,この、そのような,彼、彼女、それ自身,(27)あなたの,あなたの,(27)あなたの,"""true""","[quiz question=""あなたの,あなた、あなた方,この、そのような,彼、彼女、それ自身"" answer=""あなたの"" kaisetsu=""(27)あなたの"" random=""true""]σός[/quiz]",,,
9:指示詞、代名詞、接続詞,9:指示詞、代名詞、接続詞クイズ,代名詞、所有形容詞など,代名詞、所有形容詞などクイズ,"σύ,ὑμεῖς",,"Q. σύ,ὑμεῖς",2907,あなた、あなた方,この、そのような,彼、彼女、それ自身,私、私たち,(2907)あなた、あなた方,あなた、あなた方,(2907)あなた、あなた方,"""true""","[quiz question=""あなた、あなた方,この、そのような,彼、彼女、それ自身,私、私たち"" answer=""あなた、あなた方"" kaisetsu=""(2907)あなた、あなた方"" random=""true""]σύ,ὑμεῖς[/quiz]",,,
9:指示詞、代名詞、接続詞,9:指示詞、代名詞、接続詞クイズ,代名詞、所有形容詞など,代名詞、所有形容詞などクイズ,τοιοῦτος,,Q. τοιοῦτος,57,この、そのような,彼、彼女、それ自身,私、私たち,それ、あれ,(57)この、そのような,この、そのような,(57)この、そのような,"""true""","[quiz question=""この、そのような,彼、彼女、それ自身,私、私たち,それ、あれ"" answer=""この、そのような"" kaisetsu=""(57)この、そのような"" random=""true""]τοιοῦτος[/quiz]",,,
9:指示詞、代名詞、接続詞,9:指示詞、代名詞、接続詞クイズ,接続詞、助詞,接続詞、助詞クイズ,ἄρα,,Q. ἄρα,49,したがって、その結果,なぜなら,それ故に〜、したがって〜,もし〜なら....またもし〜、〜にせよ...〜にせよ,(49)したがって、その結果,したがって、その結果,(49)したがって、その結果,"""true""","[quiz question=""したがって、その結果,なぜなら,それ故に〜、したがって〜,もし〜なら....またもし〜、〜にせよ...〜にせよ"" answer=""したがって、その結果"" kaisetsu=""(49)したがって、その結果"" random=""true""]ἄρα[/quiz]",,,
9:指示詞、代名詞、接続詞,9:指示詞、代名詞、接続詞クイズ,接続詞、助詞,接続詞、助詞クイズ,γάρ,,Q. γάρ,1041,なぜなら,じつに、〜さえも,〜なので、それ故に〜,〜なので、〜が故に,(1041)なぜなら,なぜなら,(1041)なぜなら,"""true""","[quiz question=""なぜなら,じつに、〜さえも,〜なので、それ故に〜,〜なので、〜が故に"" answer=""なぜなら"" kaisetsu=""(1041)なぜなら"" random=""true""]γάρ[/quiz]",,,
9:指示詞、代名詞、接続詞,9:指示詞、代名詞、接続詞クイズ,接続詞、助詞,接続詞、助詞クイズ,γέ,,Q. γέ,25,じつに、〜さえも,しかし、また、他方で,もし〜なら....またもし〜、〜にせよ...〜にせよ,一方で,(25)じつに、〜さえも,じつに、〜さえも,(25)じつに、〜さえも,"""true""","[quiz question=""じつに、〜さえも,しかし、また、他方で,もし〜なら....またもし〜、〜にせよ...〜にせよ,一方で"" answer=""じつに、〜さえも"" kaisetsu=""(25)じつに、〜さえも"" random=""true""]γέ[/quiz]",,,
9:指示詞、代名詞、接続詞,9:指示詞、代名詞、接続詞クイズ,接続詞、助詞,接続詞、助詞クイズ,δέ,,Q. δέ,2792,しかし、また、他方で,それ故に〜、したがって〜,〜なので、〜が故に,決して〜でない,(2792)しかし、また、他方で,しかし、また、他方で,(2792)しかし、また、他方で,"""true""","[quiz question=""しかし、また、他方で,それ故に〜、したがって〜,〜なので、〜が故に,決して〜でない"" answer=""しかし、また、他方で"" kaisetsu=""(2792)しかし、また、他方で"" random=""true""]δέ[/quiz]",,,
9:指示詞、代名詞、接続詞,9:指示詞、代名詞、接続詞クイズ,接続詞、助詞,接続詞、助詞クイズ,διό,,Q. διό,53,それ故に〜、したがって〜,〜なので、それ故に〜,一方で,結果として、したがって,(53)それ故に〜、したがって〜,それ故に〜、したがって〜,(53)それ故に〜、したがって〜,"""true""","[quiz question=""それ故に〜、したがって〜,〜なので、それ故に〜,一方で,結果として、したがって"" answer=""それ故に〜、したがって〜"" kaisetsu=""(53)それ故に〜、したがって〜"" random=""true""]διό[/quiz]",,,
9:指示詞、代名詞、接続詞,9:指示詞、代名詞、接続詞クイズ,接続詞、助詞,接続詞、助詞クイズ,διότι,,Q. διότι,23,〜なので、それ故に〜,もし〜なら....またもし〜、〜にせよ...〜にせよ,決して〜でない,もし〜なら....またもし〜、〜にせよ...〜にせよ,(23)〜なので、それ故に〜,〜なので、それ故に〜,(23)〜なので、それ故に〜,"""true""","[quiz question=""〜なので、それ故に〜,もし〜なら....またもし〜、〜にせよ...〜にせよ,決して〜でない,もし〜なら....またもし〜、〜にせよ...〜にせよ"" answer=""〜なので、それ故に〜"" kaisetsu=""(23)〜なので、それ故に〜"" random=""true""]διότι[/quiz]",,,
9:指示詞、代名詞、接続詞,9:指示詞、代名詞、接続詞クイズ,接続詞、助詞,接続詞、助詞クイズ,εἴτε,,Q. εἴτε,65,もし〜なら....またもし〜、〜にせよ...〜にせよ,〜なので、〜が故に,結果として、したがって,したがって、その結果,(65)もし〜なら....またもし〜、〜にせよ...〜にせよ,もし〜なら....またもし〜、〜にせよ...〜にせよ,(65)もし〜なら....またもし〜、〜にせよ...〜にせよ,"""true""","[quiz question=""もし〜なら....またもし〜、〜にせよ...〜にせよ,〜なので、〜が故に,結果として、したがって,したがって、その結果"" answer=""もし〜なら....またもし〜、〜にせよ...〜にせよ"" kaisetsu=""(65)もし〜なら....またもし〜、〜にせよ...〜にせよ"" random=""true""]εἴτε[/quiz]",,,
9:指示詞、代名詞、接続詞,9:指示詞、代名詞、接続詞クイズ,接続詞、助詞,接続詞、助詞クイズ,ἐπεί,,Q. ἐπεί,26,〜なので、〜が故に,一方で,また,なぜなら,(26)〜なので、〜が故に,〜なので、〜が故に,(26)〜なので、〜が故に,"""true""","[quiz question=""〜なので、〜が故に,一方で,また,なぜなら"" answer=""〜なので、〜が故に"" kaisetsu=""(26)〜なので、〜が故に"" random=""true""]ἐπεί[/quiz]",,,
9:指示詞、代名詞、接続詞,9:指示詞、代名詞、接続詞クイズ,接続詞、助詞,接続詞、助詞クイズ,μέν,,Q. μέν,179,一方で,決して〜でない,したがって、その結果,じつに、〜さえも,(179)一方で,一方で,(179)一方で,"""true""","[quiz question=""一方で,決して〜でない,したがって、その結果,じつに、〜さえも"" answer=""一方で"" kaisetsu=""(179)一方で"" random=""true""]μέν[/quiz]",,,
9:指示詞、代名詞、接続詞,9:指示詞、代名詞、接続詞クイズ,接続詞、助詞,接続詞、助詞クイズ,μήποτε,,Q. μήποτε,25,決して〜でない,結果として、したがって,なぜなら,しかし、また、他方で,(25)決して〜でない,決して〜でない,(25)決して〜でない,"""true""","[quiz question=""決して〜でない,結果として、したがって,なぜなら,しかし、また、他方で"" answer=""決して〜でない"" kaisetsu=""(25)決して〜でない"" random=""true""]μήποτε[/quiz]",,,
9:指示詞、代名詞、接続詞,9:指示詞、代名詞、接続詞クイズ,接続詞、助詞,接続詞、助詞クイズ,οὒν,,Q. οὒν,499,結果として、したがって,また,じつに、〜さえも,それ故に〜、したがって〜,(499)結果として、したがって,結果として、したがって,(499)結果として、したがって,"""true""","[quiz question=""結果として、したがって,また,じつに、〜さえも,それ故に〜、したがって〜"" answer=""結果として、したがって"" kaisetsu=""(499)結果として、したがって"" random=""true""]οὒν[/quiz]",,,
9:指示詞、代名詞、接続詞,9:指示詞、代名詞、接続詞クイズ,接続詞、助詞,接続詞、助詞クイズ,τέ,,Q. τέ,215,また,一方で,結果として、したがって,もし〜なら....またもし〜、〜にせよ...〜にせよ,(215)また,また,(215)また,"""true""","[quiz question=""また,一方で,結果として、したがって,もし〜なら....またもし〜、〜にせよ...〜にせよ"" answer=""また"" kaisetsu=""(215)また"" random=""true""]τέ[/quiz]",,,
9:指示詞、代名詞、接続詞,9:指示詞、代名詞、接続詞クイズ,中性名詞,中性名詞クイズ,ἀρνίον,,Q. ἀρνίον,30,子羊、羊,樹,杯,秘密、奥義,(30)子羊、羊,子羊、羊,(30)子羊、羊,"""true""","[quiz question=""子羊、羊,樹,杯,秘密、奥義"" answer=""子羊、羊"" kaisetsu=""(30)子羊、羊"" random=""true""]ἀρνίον[/quiz]",,,
9:指示詞、代名詞、接続詞,9:指示詞、代名詞、接続詞クイズ,中性名詞,中性名詞クイズ,δένδρον,,Q. δένδρον,25,樹,秘密、奥義,子羊、羊,伝道,(25)樹,樹,(25)樹,"""true""","[quiz question=""樹,秘密、奥義,子羊、羊,伝道"" answer=""樹"" kaisetsu=""(25)樹"" random=""true""]δένδρον[/quiz]",,,
9:指示詞、代名詞、接続詞,9:指示詞、代名詞、接続詞クイズ,中性名詞,中性名詞クイズ,μυστήριον,,Q. μυστήριον,28,秘密、奥義,杯,樹,息子,(28)秘密、奥義,秘密、奥義,(28)秘密、奥義,"""true""","[quiz question=""秘密、奥義,杯,樹,息子"" answer=""秘密、奥義"" kaisetsu=""(28)秘密、奥義"" random=""true""]μυστήριον[/quiz]",,,
9:指示詞、代名詞、接続詞,9:指示詞、代名詞、接続詞クイズ,中性名詞,中性名詞クイズ,ποτήριον,,Q. ποτήριον,31,杯,ポテト,秘密、奥義,樹,(31)杯,杯,(31)杯,"""true""","[quiz question=""杯,ポテト,秘密、奥義,樹"" answer=""杯"" kaisetsu=""(31)杯"" random=""true""]ποτήριον[/quiz]",,,
9:指示詞、代名詞、接続詞,9:指示詞、代名詞、接続詞クイズ,中性名詞,中性名詞クイズ,τέ...και,,Q. τέ...και,-,〜と〜の両方,〜だが〜,一方は〜そして〜,〜の故に〜もまた,(-)〜と〜の両方,〜と〜の両方,(-)〜と〜の両方,"""true""","[quiz question=""〜と〜の両方,〜だが〜,一方は〜そして〜,〜の故に〜もまた"" answer=""〜と〜の両方"" kaisetsu=""(-)〜と〜の両方"" random=""true""]τέ...και[/quiz]",,,
8:異態動詞と特殊変化名詞,8:異態動詞と特殊変化名詞クイズ,異態動詞,異態動詞クイズ,ἀπέρχομαι,,Q. ἀπέρχομαι,117,出かける、去る,通過する,挨拶する,福音を宣べる,(117)出かける、去る,出かける、去る,(117)出かける、去る,"""true""","[quiz question=""出かける、去る,通過する,挨拶する,福音を宣べる"" answer=""出かける、去る"" kaisetsu=""(117)出かける、去る"" random=""true""]ἀπέρχομαι[/quiz]",,,
8:異態動詞と特殊変化名詞,8:異態動詞と特殊変化名詞クイズ,異態動詞,異態動詞クイズ,ἅπτομαι,,Q. ἅπτομαι,39,触る,出かける、去る,受け取る,考慮する、計算する,(39)（+属）触る,（+属）触る,(39)触る,"""true""","[quiz question=""触る,出かける、去る,受け取る,考慮する、計算する"" answer=""触る"" kaisetsu=""(39)（+属）触る"" random=""true""]ἅπτομαι[/quiz]",,,
8:異態動詞と特殊変化名詞,8:異態動詞と特殊変化名詞クイズ,異態動詞,異態動詞クイズ,ἀρνέομαι,,Q. ἀρνέομαι,33,拒む、否定する,触る,出かける、去る,側を通る、通り過ぎる,(33)拒む、否定する,拒む、否定する,(33)拒む、否定する,"""true""","[quiz question=""拒む、否定する,触る,出かける、去る,側を通る、通り過ぎる"" answer=""拒む、否定する"" kaisetsu=""(33)拒む、否定する"" random=""true""]ἀρνέομαι[/quiz]",,,
8:異態動詞と特殊変化名詞,8:異態動詞と特殊変化名詞クイズ,異態動詞,異態動詞クイズ,ἄρχομαι,,Q. ἄρχομαι,86,始める,拒む、否定する,触る,出かける、去る,(86)始める,始める,(86)始める,"""true""","[quiz question=""始める,拒む、否定する,触る,出かける、去る"" answer=""始める"" kaisetsu=""(86)始める"" random=""true""]ἄρχομαι[/quiz]",,,
8:異態動詞と特殊変化名詞,8:異態動詞と特殊変化名詞クイズ,異態動詞,異態動詞クイズ,ἀσπάζομαι,,Q. ἀσπάζομαι,59,挨拶する,始める,拒む、否定する,触る,(59)挨拶する,挨拶する,(59)挨拶する,"""true""","[quiz question=""挨拶する,始める,拒む、否定する,触る"" answer=""挨拶する"" kaisetsu=""(59)挨拶する"" random=""true""]ἀσπάζομαι[/quiz]",,,
8:異態動詞と特殊変化名詞,8:異態動詞と特殊変化名詞クイズ,異態動詞,異態動詞クイズ,δέχομαι,,Q. δέχομαι,56,受け取る,挨拶する,始める,拒む、否定する,(56)受け取る,受け取る,(56)受け取る,"""true""","[quiz question=""受け取る,挨拶する,始める,拒む、否定する"" answer=""受け取る"" kaisetsu=""(56)受け取る"" random=""true""]δέχομαι[/quiz]",,,
8:異態動詞と特殊変化名詞,8:異態動詞と特殊変化名詞クイズ,異態動詞,異態動詞クイズ,διέρχομαι,,Q. διέρχομαι,43,通過する,受け取る,挨拶する,始める,(43)通過する,通過する,(43)通過する,"""true""","[quiz question=""通過する,受け取る,挨拶する,始める"" answer=""通過する"" kaisetsu=""(43)通過する"" random=""true""]διέρχομαι[/quiz]",,,
8:異態動詞と特殊変化名詞,8:異態動詞と特殊変化名詞クイズ,異態動詞,異態動詞クイズ,εἰσέρχομαι,,Q. εἰσέρχομαι,194,中に入る,通過する,受け取る,挨拶する,(194)中に入る,中に入る,(194)中に入る,"""true""","[quiz question=""中に入る,通過する,受け取る,挨拶する"" answer=""中に入る"" kaisetsu=""(194)中に入る"" random=""true""]εἰσέρχομαι[/quiz]",,,
8:異態動詞と特殊変化名詞,8:異態動詞と特殊変化名詞クイズ,異態動詞,異態動詞クイズ,ἐξέρχομαι,,Q. ἐξέρχομαι,218,外へ出る,中に入る,通過する,受け取る,(218)外へ出る,外へ出る,(218)外へ出る,"""true""","[quiz question=""外へ出る,中に入る,通過する,受け取る"" answer=""外へ出る"" kaisetsu=""(218)外へ出る"" random=""true""]ἐξέρχομαι[/quiz]",,,
8:異態動詞と特殊変化名詞,8:異態動詞と特殊変化名詞クイズ,異態動詞,異態動詞クイズ,ἐργάζομαι,,Q. ἐργάζομαι,41,働く、行う,外へ出る,中に入る,通過する,(41)働く、行う,働く、行う,(41)働く、行う,"""true""","[quiz question=""働く、行う,外へ出る,中に入る,通過する"" answer=""働く、行う"" kaisetsu=""(41)働く、行う"" random=""true""]ἐργάζομαι[/quiz]",,,
8:異態動詞と特殊変化名詞,8:異態動詞と特殊変化名詞クイズ,異態動詞,異態動詞クイズ,ἔρχομαι,,Q. ἔρχομαι,634,行く、来る,働く、行う,外へ出る,中に入る,(634)行く、来る,行く、来る,(634)行く、来る,"""true""","[quiz question=""行く、来る,働く、行う,外へ出る,中に入る"" answer=""行く、来る"" kaisetsu=""(634)行く、来る"" random=""true""]ἔρχομαι[/quiz]",,,
8:異態動詞と特殊変化名詞,8:異態動詞と特殊変化名詞クイズ,異態動詞,異態動詞クイズ,εὐαγγελίζομαι,,Q. εὐαγγελίζομαι,54,福音を宣べる,行く、来る,働く、行う,外へ出る,(54)福音を宣べる,福音を宣べる,(54)福音を宣べる,"""true""","[quiz question=""福音を宣べる,行く、来る,働く、行う,外へ出る"" answer=""福音を宣べる"" kaisetsu=""(54)福音を宣べる"" random=""true""]εὐαγγελίζομαι[/quiz]",,,
8:異態動詞と特殊変化名詞,8:異態動詞と特殊変化名詞クイズ,異態動詞,異態動詞クイズ,λογίζομαι,,Q. λογίζομαι,40,考慮する、計算する,福音を宣べる,行く、来る,働く、行う,(40)考慮する、計算する,考慮する、計算する,(40)考慮する、計算する,"""true""","[quiz question=""考慮する、計算する,福音を宣べる,行く、来る,働く、行う"" answer=""考慮する、計算する"" kaisetsu=""(40)考慮する、計算する"" random=""true""]λογίζομαι[/quiz]",,,
8:異態動詞と特殊変化名詞,8:異態動詞と特殊変化名詞クイズ,異態動詞,異態動詞クイズ,παρέρχομαι,,Q. παρέρχομαι,29,側を通る、通り過ぎる,考慮する、計算する,福音を宣べる,行く、来る,(29)側を通る、通り過ぎる,側を通る、通り過ぎる,(29)側を通る、通り過ぎる,"""true""","[quiz question=""側を通る、通り過ぎる,考慮する、計算する,福音を宣べる,行く、来る"" answer=""側を通る、通り過ぎる"" kaisetsu=""(29)側を通る、通り過ぎる"" random=""true""]παρέρχομαι[/quiz]",,,
8:異態動詞と特殊変化名詞,8:異態動詞と特殊変化名詞クイズ,異態動詞,異態動詞クイズ,προσέρχομαι,,Q. προσέρχομαι,86,近づく、〜に向かって進む,側を通る、通り過ぎる,考慮する、計算する,福音を宣べる,(86)近づく、〜に向かって進む,近づく、〜に向かって進む,(86)近づく、〜に向かって進む,"""true""","[quiz question=""近づく、〜に向かって進む,側を通る、通り過ぎる,考慮する、計算する,福音を宣べる"" answer=""近づく、〜に向かって進む"" kaisetsu=""(86)近づく、〜に向かって進む"" random=""true""]προσέρχομαι[/quiz]",,,
8:異態動詞と特殊変化名詞,8:異態動詞と特殊変化名詞クイズ,異態動詞,異態動詞クイズ,προσεύχομαι,,Q. προσεύχομαι,85,祈る,近づく、〜に向かって進む,側を通る、通り過ぎる,考慮する、計算する,(85)祈る,祈る,(85)祈る,"""true""","[quiz question=""祈る,近づく、〜に向かって進む,側を通る、通り過ぎる,考慮する、計算する"" answer=""祈る"" kaisetsu=""(85)祈る"" random=""true""]προσεύχομαι[/quiz]",,,
8:異態動詞と特殊変化名詞,8:異態動詞と特殊変化名詞クイズ,異態動詞,異態動詞クイズ,προσκαλέομαι,,Q. προσκαλέομαι,29,呼び出す、召喚する,祈る,近づく、〜に向かって進む,側を通る、通り過ぎる,(29)呼び出す、召喚する,呼び出す、召喚する,(29)呼び出す、召喚する,"""true""","[quiz question=""呼び出す、召喚する,祈る,近づく、〜に向かって進む,側を通る、通り過ぎる"" answer=""呼び出す、召喚する"" kaisetsu=""(29)呼び出す、召喚する"" random=""true""]προσκαλέομαι[/quiz]",,,
8:異態動詞と特殊変化名詞,8:異態動詞と特殊変化名詞クイズ,異態動詞,異態動詞クイズ,"ῥύομαι,ῥύομαι",,"Q. ῥύομαι,ῥύομαι",17,救う、救い出す,呼び出す、召喚する,祈る,近づく、〜に向かって進む,(17)救う、救い出す,救う、救い出す,(17)救う、救い出す,"""true""","[quiz question=""救う、救い出す,呼び出す、召喚する,祈る,近づく、〜に向かって進む"" answer=""救う、救い出す"" kaisetsu=""(17)救う、救い出す"" random=""true""]ῥύομαι,ῥύομαι[/quiz]",,,
8:異態動詞と特殊変化名詞,8:異態動詞と特殊変化名詞クイズ,異態動詞,異態動詞クイズ,συνέρχομαι,,Q. συνέρχομαι,30,ともに行く、来る,救う、救い出す,呼び出す、召喚する,祈る,(30)ともに行く、来る,ともに行く、来る,(30)ともに行く、来る,"""true""","[quiz question=""ともに行く、来る,救う、救い出す,呼び出す、召喚する,祈る"" answer=""ともに行く、来る"" kaisetsu=""(30)ともに行く、来る"" random=""true""]συνέρχομαι[/quiz]",,,
8:異態動詞と特殊変化名詞,8:異態動詞と特殊変化名詞クイズ,男性特殊名詞（第一変化）,男性特殊名詞（第一変化）クイズ,"Ἡρῳδης,ὁ",,"Q. Ἡρῳδης,ὁ",43,ヘロデ,ともに行く、来る,救う、救い出す,呼び出す、召喚する,(43)ヘロデ,ヘロデ,(43)ヘロデ,"""true""","[quiz question=""ヘロデ,ともに行く、来る,救う、救い出す,呼び出す、召喚する"" answer=""ヘロデ"" kaisetsu=""(43)ヘロデ"" random=""true""]Ἡρῳδης,ὁ[/quiz]",,,
8:異態動詞と特殊変化名詞,8:異態動詞と特殊変化名詞クイズ,男性特殊名詞（第一変化）,男性特殊名詞（第一変化）クイズ,"Ἰωάννης / Ἰωάνης,ὁ",,"Q. Ἰωάννης / Ἰωάνης,ὁ",135,ヨハネ,ヘロデ,ともに行く、来る,救う、救い出す,(135)ヨハネ,ヨハネ,(135)ヨハネ,"""true""","[quiz question=""ヨハネ,ヘロデ,ともに行く、来る,救う、救い出す"" answer=""ヨハネ"" kaisetsu=""(135)ヨハネ"" random=""true""]Ἰωάννης / Ἰωάνης,ὁ[/quiz]",,,
8:異態動詞と特殊変化名詞,8:異態動詞と特殊変化名詞クイズ,男性特殊名詞（第一変化）,男性特殊名詞（第一変化）クイズ,"μαθητής,ὁ",,"Q. μαθητής,ὁ",261,弟子,ヨハネ,ヘロデ,ともに行く、来る,(261)弟子,弟子,(261)弟子,"""true""","[quiz question=""弟子,ヨハネ,ヘロデ,ともに行く、来る"" answer=""弟子"" kaisetsu=""(261)弟子"" random=""true""]μαθητής,ὁ[/quiz]",,,
8:異態動詞と特殊変化名詞,8:異態動詞と特殊変化名詞クイズ,男性特殊名詞（第一変化）,男性特殊名詞（第一変化）クイズ,"προφήτησ,ὁ",,"Q. προφήτησ,ὁ",144,預言者,弟子,ヨハネ,ヘロデ,(144)預言者,預言者,(144)預言者,"""true""","[quiz question=""預言者,弟子,ヨハネ,ヘロデ"" answer=""預言者"" kaisetsu=""(144)預言者"" random=""true""]προφήτησ,ὁ[/quiz]",,,
8:異態動詞と特殊変化名詞,8:異態動詞と特殊変化名詞クイズ,男性特殊名詞（第一変化）,男性特殊名詞（第一変化）クイズ,"στρατιώτης,ὁ",,"Q. στρατιώτης,ὁ",26,兵士,預言者,弟子,ヨハネ,(26)兵士,兵士,(26)兵士,"""true""","[quiz question=""兵士,預言者,弟子,ヨハネ"" answer=""兵士"" kaisetsu=""(26)兵士"" random=""true""]στρατιώτης,ὁ[/quiz]",,,
8:異態動詞と特殊変化名詞,8:異態動詞と特殊変化名詞クイズ,男性特殊名詞（第一変化）,男性特殊名詞（第一変化）クイズ,"ὑπηρέτης,ὁ",,"Q. ὑπηρέτης,ὁ",20,召使い,兵士,預言者,弟子,(20)召使い,召使い,(20)召使い,"""true""","[quiz question=""召使い,兵士,預言者,弟子"" answer=""召使い"" kaisetsu=""(20)召使い"" random=""true""]ὑπηρέτης,ὁ[/quiz]",,,
8:異態動詞と特殊変化名詞,8:異態動詞と特殊変化名詞クイズ,男性特殊名詞（第一変化）,男性特殊名詞（第一変化）クイズ,"Βαρναβᾶς,ὁ",,"Q. Βαρναβᾶς,ὁ",28,バルナバ,召使い,兵士,預言者,(28)バルナバ,バルナバ,(28)バルナバ,"""true""","[quiz question=""バルナバ,召使い,兵士,預言者"" answer=""バルナバ"" kaisetsu=""(28)バルナバ"" random=""true""]Βαρναβᾶς,ὁ[/quiz]",,,
8:異態動詞と特殊変化名詞,8:異態動詞と特殊変化名詞クイズ,男性特殊名詞（第一変化）,男性特殊名詞（第一変化）クイズ,"Ήλίας,ὁ",,"Q. Ήλίας,ὁ",29,エリヤ,バルナバ,召使い,兵士,(29)エリヤ,エリヤ,(29)エリヤ,"""true""","[quiz question=""エリヤ,バルナバ,召使い,兵士"" answer=""エリヤ"" kaisetsu=""(29)エリヤ"" random=""true""]Ήλίας,ὁ[/quiz]",,,
8:異態動詞と特殊変化名詞,8:異態動詞と特殊変化名詞クイズ,男性特殊名詞（第一変化）,男性特殊名詞（第一変化）クイズ,"Ἰούδας,ὁ",,"Q. Ἰούδας,ὁ",44,ユダ,エリヤ,バルナバ,召使い,(44)ユダ,ユダ,(44)ユダ,"""true""","[quiz question=""ユダ,エリヤ,バルナバ,召使い"" answer=""ユダ"" kaisetsu=""(44)ユダ"" random=""true""]Ἰούδας,ὁ[/quiz]",,,
8:異態動詞と特殊変化名詞,8:異態動詞と特殊変化名詞クイズ,男性特殊名詞（第一変化）,男性特殊名詞（第一変化）クイズ,"Σατανᾶς,ὁ",,"Q. Σατανᾶς,ὁ",36,サタン、悪魔,ユダ,エリヤ,バルナバ,(36)サタン、悪魔,サタン、悪魔,(36)サタン、悪魔,"""true""","[quiz question=""サタン、悪魔,ユダ,エリヤ,バルナバ"" answer=""サタン、悪魔"" kaisetsu=""(36)サタン、悪魔"" random=""true""]Σατανᾶς,ὁ[/quiz]",,,
8:異態動詞と特殊変化名詞,8:異態動詞と特殊変化名詞クイズ,女性特殊名詞（第２変化）,女性特殊名詞（第２変化）クイズ,"Αἴγυπτος,ἡ",,"Q. Αἴγυπτος,ἡ",25,エジプト,サタン、悪魔,ユダ,エリヤ,(25)エジプト,エジプト,(25)エジプト,"""true""","[quiz question=""エジプト,サタン、悪魔,ユダ,エリヤ"" answer=""エジプト"" kaisetsu=""(25)エジプト"" random=""true""]Αἴγυπτος,ἡ[/quiz]",,,
8:異態動詞と特殊変化名詞,8:異態動詞と特殊変化名詞クイズ,女性特殊名詞（第２変化）,女性特殊名詞（第２変化）クイズ,"ὁδός,ἡ",,"Q. ὁδός,ἡ",101,道、道路、通り,エジプト,サタン、悪魔,ユダ,(101)道、道路、通り,道、道路、通り,(101)道、道路、通り,"""true""","[quiz question=""道、道路、通り,エジプト,サタン、悪魔,ユダ"" answer=""道、道路、通り"" kaisetsu=""(101)道、道路、通り"" random=""true""]ὁδός,ἡ[/quiz]",,,
8:異態動詞と特殊変化名詞,8:異態動詞と特殊変化名詞クイズ,女性特殊名詞（第２変化）,女性特殊名詞（第２変化）クイズ,"ἔρημοσ,ἡ",,"Q. ἔρημοσ,ἡ",48,荒野、砂漠,道、道路、通り,エジプト,サタン、悪魔,(48)荒野、砂漠,荒野、砂漠,(48)荒野、砂漠,"""true""","[quiz question=""荒野、砂漠,道、道路、通り,エジプト,サタン、悪魔"" answer=""荒野、砂漠"" kaisetsu=""(48)荒野、砂漠"" random=""true""]ἔρημοσ,ἡ[/quiz]",,,
7:動詞の法,7:動詞の法クイズ,女性名詞,女性名詞クイズ,δικαιοσύνη,,Q. δικαιοσύνη,92,義、正義、公正,喜び,使徒,使徒,(92)義、正義、公正,義、正義、公正,(92)義、正義、公正,"""true""","[quiz question=""義、正義、公正,喜び,使徒,使徒"" answer=""義、正義、公正"" kaisetsu=""(92)義、正義、公正"" random=""true""]δικαιοσύνη[/quiz]",,,
7:動詞の法,7:動詞の法クイズ,女性名詞,女性名詞クイズ,ἐντολή,,Q. ἐντολή,67,命令、律法、戒め,義、正義、公正,死,死,(67)命令、律法、戒め,命令、律法、戒め,(67)命令、律法、戒め,"""true""","[quiz question=""命令、律法、戒め,義、正義、公正,死,死"" answer=""命令、律法、戒め"" kaisetsu=""(67)命令、律法、戒め"" random=""true""]ἐντολή[/quiz]",,,
7:動詞の法,7:動詞の法クイズ,女性名詞,女性名詞クイズ,ἐξουσία,,Q. ἐξουσία,102,権威、権力、資格,命令、律法、戒め,義、正義、公正,目,(102)権威、権力、資格,権威、権力、資格,(102)権威、権力、資格,"""true""","[quiz question=""権威、権力、資格,命令、律法、戒め,義、正義、公正,目"" answer=""権威、権力、資格"" kaisetsu=""(102)権威、権力、資格"" random=""true""]ἐξουσία[/quiz]",,,
7:動詞の法,7:動詞の法クイズ,女性名詞,女性名詞クイズ,παραβολή,,Q. παραβολή,50,譬え,権威、権力、資格,命令、律法、戒め,義、正義、公正,(50)譬え,譬え,(50)譬え,"""true""","[quiz question=""譬え,権威、権力、資格,命令、律法、戒め,義、正義、公正"" answer=""譬え"" kaisetsu=""(50)譬え"" random=""true""]παραβολή[/quiz]",,,
7:動詞の法,7:動詞の法クイズ,女性名詞,女性名詞クイズ,παρρησία,,Q. παρρησία,31,大胆さ、率直さ,譬え,権威、権力、資格,命令、律法、戒め,(31)大胆さ、率直さ,大胆さ、率直さ,(31)大胆さ、率直さ,"""true""","[quiz question=""大胆さ、率直さ,譬え,権威、権力、資格,命令、律法、戒め"" answer=""大胆さ、率直さ"" kaisetsu=""(31)大胆さ、率直さ"" random=""true""]παρρησία[/quiz]",,,
7:動詞の法,7:動詞の法クイズ,女性名詞,女性名詞クイズ,χαρά,,Q. χαρά,59,喜び,大胆さ、率直さ,譬え,権威、権力、資格,(59)喜び,喜び,(59)喜び,"""true""","[quiz question=""喜び,大胆さ、率直さ,譬え,権威、権力、資格"" answer=""喜び"" kaisetsu=""(59)喜び"" random=""true""]χαρά[/quiz]",,,
7:動詞の法,7:動詞の法クイズ,男性名詞,男性名詞クイズ,ἀπὀστολος,,Q. ἀπὀστολος,80,使徒,喜び,大胆さ、率直さ,譬え,(80)使徒,使徒,(80)使徒,"""true""","[quiz question=""使徒,喜び,大胆さ、率直さ,譬え"" answer=""使徒"" kaisetsu=""(80)使徒"" random=""true""]ἀπὀστολος[/quiz]",,,
7:動詞の法,7:動詞の法クイズ,男性名詞,男性名詞クイズ,θάνατος,,Q. θάνατος,120,死,使徒,喜び,大胆さ、率直さ,(120)死,死,(120)死,"""true""","[quiz question=""死,使徒,喜び,大胆さ、率直さ"" answer=""死"" kaisetsu=""(120)死"" random=""true""]θάνατος[/quiz]",,,
7:動詞の法,7:動詞の法クイズ,男性名詞,男性名詞クイズ,ὀφθαλμός,,Q. ὀφθαλμός,100,目,死,使徒,喜び,(100)目,目,(100)目,"""true""","[quiz question=""目,死,使徒,喜び"" answer=""目"" kaisetsu=""(100)目"" random=""true""]ὀφθαλμός[/quiz]",,,
7:動詞の法,7:動詞の法クイズ,男性名詞,男性名詞クイズ,Φαρισαῖος,,Q. Φαρισαῖος,98,ファリサイ人,目,死,使徒,(98)ファリサイ人,ファリサイ人,(98)ファリサイ人,"""true""","[quiz question=""ファリサイ人,目,死,使徒"" answer=""ファリサイ人"" kaisetsu=""(98)ファリサイ人"" random=""true""]Φαρισαῖος[/quiz]",,,
7:動詞の法,7:動詞の法クイズ,中性名詞,中性名詞クイズ,θηρίον,,Q. θηρίον,46,動物,ファリサイ人,目,死,(46)動物,動物,(46)動物,"""true""","[quiz question=""動物,ファリサイ人,目,死"" answer=""動物"" kaisetsu=""(46)動物"" random=""true""]θηρίον[/quiz]",,,
7:動詞の法,7:動詞の法クイズ,中性名詞,中性名詞クイズ,ἱμάτιον,,Q. ἱμάτιον,60,着物、衣服,動物,ファリサイ人,目,(60)着物、衣服,着物、衣服,(60)着物、衣服,"""true""","[quiz question=""着物、衣服,動物,ファリサイ人,目"" answer=""着物、衣服"" kaisetsu=""(60)着物、衣服"" random=""true""]ἱμάτιον[/quiz]",,,
7:動詞の法,7:動詞の法クイズ,中性名詞,中性名詞クイズ,μνημεῖον,,Q. μνημεῖον,40,墓、記念碑,着物、衣服,動物,ファリサイ人,(40)墓、記念碑,墓、記念碑,(40)墓、記念碑,"""true""","[quiz question=""墓、記念碑,着物、衣服,動物,ファリサイ人"" answer=""墓、記念碑"" kaisetsu=""(40)墓、記念碑"" random=""true""]μνημεῖον[/quiz]",,,
7:動詞の法,7:動詞の法クイズ,中性名詞,中性名詞クイズ,πρόβατον,,Q. πρόβατον,39,羊,墓、記念碑,着物、衣服,動物,(39)羊,羊,(39)羊,"""true""","[quiz question=""羊,墓、記念碑,着物、衣服,動物"" answer=""羊"" kaisetsu=""(39)羊"" random=""true""]πρόβατον[/quiz]",,,
7:動詞の法,7:動詞の法クイズ,３単のみ直接法以外の否定詞,３単のみ直接法以外の否定詞クイズ,μή,,Q. μή,1042,〜ない,め〜,もはや〜ない,また〜ない、すら〜ない,(1042)〜ない,〜ない,(1042)〜ない,"""true""","[quiz question=""〜ない,め〜,もはや〜ない,また〜ない、すら〜ない"" answer=""〜ない"" kaisetsu=""(1042)〜ない"" random=""true""]μή[/quiz]",,,
7:動詞の法,7:動詞の法クイズ,３単のみ直接法以外の否定詞,３単のみ直接法以外の否定詞クイズ,μηδέ,,Q. μηδέ,56,また〜ない、すら〜ない,〜ない,また〜ない、〜も〜もない,もはや〜ない,(56)また〜ない、すら〜ない,また〜ない、すら〜ない,(56)また〜ない、すら〜ない,"""true""","[quiz question=""また〜ない、すら〜ない,〜ない,また〜ない、〜も〜もない,もはや〜ない"" answer=""また〜ない、すら〜ない"" kaisetsu=""(56)また〜ない、すら〜ない"" random=""true""]μηδέ[/quiz]",,,
7:動詞の法,7:動詞の法クイズ,３単のみ直接法以外の否定詞,３単のみ直接法以外の否定詞クイズ,μηκέτι,,Q. μηκέτι,22,もはや〜ない,また〜ない、すら〜ない,〜ない,また〜ない、〜も〜もない,(22)もはや〜ない,もはや〜ない,(22)もはや〜ない,"""true""","[quiz question=""もはや〜ない,また〜ない、すら〜ない,〜ない,また〜ない、〜も〜もない"" answer=""もはや〜ない"" kaisetsu=""(22)もはや〜ない"" random=""true""]μηκέτι[/quiz]",,,
7:動詞の法,7:動詞の法クイズ,３単のみ直接法以外の否定詞,３単のみ直接法以外の否定詞クイズ,μήτε,,Q. μήτε,34,また〜ない、〜も〜もない,もはや〜ない,また〜ない、すら〜ない,〜ない,(34)また〜ない、〜も〜もない,また〜ない、〜も〜もない,(34)また〜ない、〜も〜もない,"""true""","[quiz question=""また〜ない、〜も〜もない,もはや〜ない,また〜ない、すら〜ない,〜ない"" answer=""また〜ない、〜も〜もない"" kaisetsu=""(34)また〜ない、〜も〜もない"" random=""true""]μήτε[/quiz]",,,
7:動詞の法,7:動詞の法クイズ,基本動詞,基本動詞クイズ,ἀκολουθέω,,Q. ἀκολουθέω,90,私はついて行く,悔い改める、考えを変える,まさに〜しようとしている,証言する、目撃する,(90)私はついて行く,私はついて行く,(90)私はついて行く,"""true""","[quiz question=""私はついて行く,悔い改める、考えを変える,まさに〜しようとしている,証言する、目撃する"" answer=""私はついて行く"" kaisetsu=""(90)私はついて行く"" random=""true""]ἀκολουθέω[/quiz]",,,
7:動詞の法,7:動詞の法クイズ,基本動詞,基本動詞クイズ,ἀνάγω,,Q. ἀνάγω,23,〜上へ導く、導き上げる,私はついて行く,悔い改める、考えを変える,まさに〜しようとしている,(23)〜上へ導く、導き上げる,〜上へ導く、導き上げる,(23)〜上へ導く、導き上げる,"""true""","[quiz question=""〜上へ導く、導き上げる,私はついて行く,悔い改める、考えを変える,まさに〜しようとしている"" answer=""〜上へ導く、導き上げる"" kaisetsu=""(23)〜上へ導く、導き上げる"" random=""true""]ἀνάγω[/quiz]",,,
7:動詞の法,7:動詞の法クイズ,基本動詞,基本動詞クイズ,δέω,,Q. δέω,43,結ぶ、縛り上げる,〜上へ導く、導き上げる,私はついて行く,悔い改める、考えを変える,(43)結ぶ、縛り上げる,結ぶ、縛り上げる,(43)結ぶ、縛り上げる,"""true""","[quiz question=""結ぶ、縛り上げる,〜上へ導く、導き上げる,私はついて行く,悔い改める、考えを変える"" answer=""結ぶ、縛り上げる"" kaisetsu=""(43)結ぶ、縛り上げる"" random=""true""]δέω[/quiz]",,,
7:動詞の法,7:動詞の法クイズ,基本動詞,基本動詞クイズ,δοκέω,,Q. δοκέω,62,思う、に見える、欲する,結ぶ、縛り上げる,〜上へ導く、導き上げる,見る、観察する,(62)思う、に見える、欲する,思う、に見える、欲する,(62)思う、に見える、欲する,"""true""","[quiz question=""思う、に見える、欲する,結ぶ、縛り上げる,〜上へ導く、導き上げる,見る、観察する"" answer=""思う、に見える、欲する"" kaisetsu=""(62)思う、に見える、欲する"" random=""true""]δοκέω[/quiz]",,,
7:動詞の法,7:動詞の法クイズ,基本動詞,基本動詞クイズ,ἐλεέω,,Q. ἐλεέω,29,同情する、憐れみをかける,思う、に見える、欲する,結ぶ、縛り上げる,〜上へ導く、導き上げる,(29)同情する、憐れみをかける,同情する、憐れみをかける,(29)同情する、憐れみをかける,"""true""","[quiz question=""同情する、憐れみをかける,思う、に見える、欲する,結ぶ、縛り上げる,〜上へ導く、導き上げる"" answer=""同情する、憐れみをかける"" kaisetsu=""(29)同情する、憐れみをかける"" random=""true""]ἐλεέω[/quiz]",,,
7:動詞の法,7:動詞の法クイズ,基本動詞,基本動詞クイズ,θέλω,,Q. θέλω,208,願う、欲する,同情する、憐れみをかける,思う、に見える、欲する,結ぶ、縛り上げる,(208)願う、欲する,願う、欲する,(208)願う、欲する,"""true""","[quiz question=""願う、欲する,同情する、憐れみをかける,思う、に見える、欲する,結ぶ、縛り上げる"" answer=""願う、欲する"" kaisetsu=""(208)願う、欲する"" random=""true""]θέλω[/quiz]",,,
7:動詞の法,7:動詞の法クイズ,基本動詞,基本動詞クイズ,καταργέω,,Q. καταργέω,27,無効にする、廃止する,願う、欲する,同情する、憐れみをかける,思う、に見える、欲する,(27)無効にする、廃止する,無効にする、廃止する,(27)無効にする、廃止する,"""true""","[quiz question=""無効にする、廃止する,願う、欲する,同情する、憐れみをかける,思う、に見える、欲する"" answer=""無効にする、廃止する"" kaisetsu=""(27)無効にする、廃止する"" random=""true""]καταργέω[/quiz]",,,
7:動詞の法,7:動詞の法クイズ,基本動詞,基本動詞クイズ,μαρτυρέω,,Q. μαρτυρέω,76,証言する、目撃する,無効にする、廃止する,願う、欲する,同情する、憐れみをかける,(76)証言する、目撃する,証言する、目撃する,(76)証言する、目撃する,"""true""","[quiz question=""証言する、目撃する,無効にする、廃止する,願う、欲する,同情する、憐れみをかける"" answer=""証言する、目撃する"" kaisetsu=""(76)証言する、目撃する"" random=""true""]μαρτυρέω[/quiz]",,,
7:動詞の法,7:動詞の法クイズ,基本動詞,基本動詞クイズ,μἐλλω,,Q. μἐλλω,109,まさに〜しようとしている,証言する、目撃する,無効にする、廃止する,願う、欲する,(109)まさに〜しようとしている,まさに〜しようとしている,(109)まさに〜しようとしている,"""true""","[quiz question=""まさに〜しようとしている,証言する、目撃する,無効にする、廃止する,願う、欲する"" answer=""まさに〜しようとしている"" kaisetsu=""(109)まさに〜しようとしている"" random=""true""]μἐλλω[/quiz]",,,
7:動詞の法,7:動詞の法クイズ,基本動詞,基本動詞クイズ,μετανοέω,,Q. μετανοέω,34,悔い改める、考えを変える,まさに〜しようとしている,証言する、目撃する,無効にする、廃止する,(34)悔い改める、考えを変える,悔い改める、考えを変える,(34)悔い改める、考えを変える,"""true""","[quiz question=""悔い改める、考えを変える,まさに〜しようとしている,証言する、目撃する,無効にする、廃止する"" answer=""悔い改める、考えを変える"" kaisetsu=""(34)悔い改める、考えを変える"" random=""true""]μετανοέω[/quiz]",,,
7:動詞の法,7:動詞の法クイズ,基本動詞,基本動詞クイズ,θεωρέω,,Q. θεωρέω,58,見る、観察する,悔い改める、考えを変える,まさに〜しようとしている,証言する、目撃する,(58)見る、観察する,見る、観察する,(58)見る、観察する,"""true""","[quiz question=""見る、観察する,悔い改める、考えを変える,まさに〜しようとしている,証言する、目撃する"" answer=""見る、観察する"" kaisetsu=""(58)見る、観察する"" random=""true""]θεωρέω[/quiz]",,,
7:動詞の法,7:動詞の法クイズ,非人称動詞,非人称動詞クイズ,δεῖ,,Q. δεῖ,101,〜する必要がある、ふさわしい,投げる,喜ぶ,一日,(101)〜する必要がある、ふさわしい  必要である( ～なければならない( ～のは当然である) 必ず～することに決まっている( どうしても～ねばならない（決定的にそうなっていて変えられない）( 不可避である( 義務である),〜する必要がある、ふさわしい  必要である( ～なければならない( ～のは当然である) 必ず～することに決まっている( どうしても～ねばならない（決定的にそうなっていて変えられない）( 不可避である( 義務である),(101)〜する必要がある、ふさわしい,"""true""","[quiz question=""〜する必要がある、ふさわしい,投げる,喜ぶ,一日"" answer=""〜する必要がある、ふさわしい"" kaisetsu=""(101)〜する必要がある、ふさわしい  必要である( ～なければならない( ～のは当然である) 必ず～することに決まっている( どうしても～ねばならない（決定的にそうなっていて変えられない）( 不可避である( 義務である)"" random=""true""]δεῖ[/quiz]",,,
7:動詞の法,7:動詞の法クイズ,非人称動詞,非人称動詞クイズ,ἔξεστι(ν),,Q. ἔξεστι(ν),31,〜してよい、律法に適っている,〜する必要がある、ふさわしい,動く,後ろへ,(31)〜してよい、律法に適っている,〜してよい、律法に適っている,(31)〜してよい、律法に適っている,"""true""","[quiz question=""〜してよい、律法に適っている,〜する必要がある、ふさわしい,動く,後ろへ"" answer=""〜してよい、律法に適っている"" kaisetsu=""(31)〜してよい、律法に適っている"" random=""true""]ἔξεστι(ν)[/quiz]",,,
7:動詞の法,7:動詞の法クイズ,前置詞,前置詞クイズ,ὀπίσω,,Q. ὀπίσω,35,〜の後ろに,〜の前に,〜の側に,〜の下に,(35)〜の後ろに,〜の後ろに,(35)〜の後ろに,"""true""","[quiz question=""〜の後ろに,〜の前に,〜の側に,〜の下に"" answer=""〜の後ろに"" kaisetsu=""(35)〜の後ろに"" random=""true""]ὀπίσω[/quiz]",,,
2:動詞と名詞の基本構造,2:動詞と名詞の基本構造クイズ,ω動詞,ω動詞クイズ,ἄγω,,Q. ἄγω,67,導く、運ぶ,投げる,教える,解く、解き放つ,(67)( 連れて行く( 引き出す，誘う) ②行く，進む［接］ἀγωμεν( さあ行こう)［命］ἀγε は間投詞として，複数の相手にも使う「いざ」③（～日目に）なっている，（祭日や裁判や市の日を）守る，行なう，開く) ,( 連れて行く( 引き出す，誘う) ②行く，進む［接］ἀγωμεν( さあ行こう)［命］ἀγε は間投詞として，複数の相手にも使う「いざ」③（～日目に）なっている，（祭日や裁判や市の日を）守る，行なう，開く) ,(67)導く、運ぶ,"""true""","[quiz question=""導く、運ぶ,投げる,教える,解く、解き放つ"" answer=""導く、運ぶ"" kaisetsu=""(67)( 連れて行く( 引き出す，誘う) ②行く，進む［接］ἀγωμεν( さあ行こう)［命］ἀγε は間投詞として，複数の相手にも使う「いざ」③（～日目に）なっている，（祭日や裁判や市の日を）守る，行なう，開く) "" random=""true""]ἄγω[/quiz]",,,
2:動詞と名詞の基本構造,2:動詞と名詞の基本構造クイズ,ω動詞,ω動詞クイズ,ἀκούω,,Q. ἀκούω,428,聞く,導く、運ぶ,愛する、好む,保つ、維持する、（律法を）守る,(428) ①聞く，耳を傾ける，聞いて知る－ [対格または属格と]．②言うことを聞く，聞き従う，従う，聞き届ける．③［受動］聞こえる，知れる，～と言われる( ～と伝わる), ①聞く，耳を傾ける，聞いて知る－ [対格または属格と]．②言うことを聞く，聞き従う，従う，聞き届ける．③［受動］聞こえる，知れる，～と言われる( ～と伝わる),(428)聞く,"""true""","[quiz question=""聞く,導く、運ぶ,愛する、好む,保つ、維持する、（律法を）守る"" answer=""聞く"" kaisetsu=""(428) ①聞く，耳を傾ける，聞いて知る－ [対格または属格と]．②言うことを聞く，聞き従う，従う，聞き届ける．③［受動］聞こえる，知れる，～と言われる( ～と伝わる)"" random=""true""]ἀκούω[/quiz]",,,
2:動詞と名詞の基本構造,2:動詞と名詞の基本構造クイズ,ω動詞,ω動詞クイズ,βάλλω,,Q. βάλλω,122,投げる,聞く,導く、運ぶ,愛する、好む,(122)①投げつける，投げる，投じる，放り出す，追い払う，打つ；投げ捨てる，撒く，散らす) ②置く( 入れる( 注ぐ( 納める( 寝かす) ③［自動詞］突進する( ぶつかる，落ちる，吹き付ける),①投げつける，投げる，投じる，放り出す，追い払う，打つ；投げ捨てる，撒く，散らす) ②置く( 入れる( 注ぐ( 納める( 寝かす) ③［自動詞］突進する( ぶつかる，落ちる，吹き付ける),(122)投げる,"""true""","[quiz question=""投げる,聞く,導く、運ぶ,愛する、好む"" answer=""投げる"" kaisetsu=""(122)①投げつける，投げる，投じる，放り出す，追い払う，打つ；投げ捨てる，撒く，散らす) ②置く( 入れる( 注ぐ( 納める( 寝かす) ③［自動詞］突進する( ぶつかる，落ちる，吹き付ける)"" random=""true""]βάλλω[/quiz]",,,
2:動詞と名詞の基本構造,2:動詞と名詞の基本構造クイズ,ω動詞,ω動詞クイズ,βλέπω,,Q. βλέπω,133,見る、観る,投げる,聞く,導く、運ぶ,"(133)①見る( 一見する( 一べつする( （目が）見える) ②わかる( 感知する(認識する( 見分ける( 分けへだてする； 注意する( 考慮する( 顧みる，警戒する；βλεπειν ἀπο,( ～に気をつける( ～を用心する；βλεπειν μη,( ～ないように気をつける．③～の方を見る, ～の方向を向く；～に面する, 使27:12.
類語：ὁρω","①見る( 一見する( 一べつする( （目が）見える) ②わかる( 感知する(認識する( 見分ける( 分けへだてする； 注意する( 考慮する( 顧みる，警戒する；βλεπειν ἀπο,( ～に気をつける( ～を用心する；βλεπειν μη,( ～ないように気をつける．③～の方を見る, ～の方向を向く；～に面する, 使27:12.
類語：ὁρω",(133)見る、観る,"""true""","[quiz question=""見る、観る,投げる,聞く,導く、運ぶ"" answer=""見る、観る"" kaisetsu=""(133)①見る( 一見する( 一べつする( （目が）見える) ②わかる( 感知する(認識する( 見分ける( 分けへだてする； 注意する( 考慮する( 顧みる，警戒する；βλεπειν ἀπο,( ～に気をつける( ～を用心する；βλεπειν μη,( ～ないように気をつける．③～の方を見る, ～の方向を向く；～に面する, 使27:12.
類語：ὁρω"" random=""true""]βλέπω[/quiz]",,,
2:動詞と名詞の基本構造,2:動詞と名詞の基本構造クイズ,ω動詞,ω動詞クイズ,ἔχω,,Q. ἔχω,708,持つ、持っている　所有する,見る、観る,投げる,聞く,"(708)①［他動詞］(a)持つ，所有する，保つ，保存する，保管する，(着物や武具を)身につけている，帯びる，守る，含んでいる，(立場や考えを)保っている，抱く，とどめている；２ア ἐσχον は一般に，受け取った，得たの意に，完了 ἐσχηκα は獲得所有の意味に使われる；ἐχω τι κατα (εἰς) ～に対して不平の理由を持っている，遺恨を抱く；ἐν γαστρί ἐχειν( （子を）胎内に持つ，妊娠している，みごもる，身重である．(b)目的語と目的補語の二つの対格を伴って，～を～となす，マタ14:5，マル11:32；時間を表わす目的語をとり，～だけの日数・年数を経ている，ヨハ9:21．②［自動詞］できる，し得る，能力がある；［不定詞と］マタ18:25，ヨハ8:6；［不定詞なし］マル14:8  ③［ εἰμι,に近い自動詞として副詞・副詞句と共に］～状態にある，～である，～状態にしている；πως ἐχει( どうしているか；οὑπως ἐχει このようである，κακως ἐχει 病気である；ἐσχατως ἐχει 死にかけている；ἀλλως ἐχει そうでない，事情が違う，逆である；το νυν ἐχον 今のところは，さしあたって今は；κατα κεφαλης ἐχων 頭にものをかぶって，Ⅰコリ11:4  ④［中動］隣にいる，すぐ次にある，近くにいる（ある），に関係ある；τῃ ἐχομενῃ (ἡμερᾳ)次の日，ルカ13:33；τας ἐχομενας κωμοπολεις 付近の町々，マル1:38；τα ἐχομενα σωτηριας ヘブ6:9，救いにかかわる事がら．","①［他動詞］(a)持つ，所有する，保つ，保存する，保管する，(着物や武具を)身につけている，帯びる，守る，含んでいる，(立場や考えを)保っている，抱く，とどめている；２ア ἐσχον は一般に，受け取った，得たの意に，完了 ἐσχηκα は獲得所有の意味に使われる；ἐχω τι κατα (εἰς) ～に対して不平の理由を持っている，遺恨を抱く；ἐν γαστρί ἐχειν( （子を）胎内に持つ，妊娠している，みごもる，身重である．(b)目的語と目的補語の二つの対格を伴って，～を～となす，マタ14:5，マル11:32；時間を表わす目的語をとり，～だけの日数・年数を経ている，ヨハ9:21．②［自動詞］できる，し得る，能力がある；［不定詞と］マタ18:25，ヨハ8:6；［不定詞なし］マル14:8  ③［ εἰμι,に近い自動詞として副詞・副詞句と共に］～状態にある，～である，～状態にしている；πως ἐχει( どうしているか；οὑπως ἐχει このようである，κακως ἐχει 病気である；ἐσχατως ἐχει 死にかけている；ἀλλως ἐχει そうでない，事情が違う，逆である；το νυν ἐχον 今のところは，さしあたって今は；κατα κεφαλης ἐχων 頭にものをかぶって，Ⅰコリ11:4  ④［中動］隣にいる，すぐ次にある，近くにいる（ある），に関係ある；τῃ ἐχομενῃ (ἡμερᾳ)次の日，ルカ13:33；τας ἐχομενας κωμοπολεις 付近の町々，マル1:38；τα ἐχομενα σωτηριας ヘブ6:9，救いにかかわる事がら．",(708)持つ、持っている　所有する,"""true""","[quiz question=""持つ、持っている　所有する,見る、観る,投げる,聞く"" answer=""持つ、持っている　所有する"" kaisetsu=""(708)①［他動詞］(a)持つ，所有する，保つ，保存する，保管する，(着物や武具を)身につけている，帯びる，守る，含んでいる，(立場や考えを)保っている，抱く，とどめている；２ア ἐσχον は一般に，受け取った，得たの意に，完了 ἐσχηκα は獲得所有の意味に使われる；ἐχω τι κατα (εἰς) ～に対して不平の理由を持っている，遺恨を抱く；ἐν γαστρί ἐχειν( （子を）胎内に持つ，妊娠している，みごもる，身重である．(b)目的語と目的補語の二つの対格を伴って，～を～となす，マタ14:5，マル11:32；時間を表わす目的語をとり，～だけの日数・年数を経ている，ヨハ9:21．②［自動詞］できる，し得る，能力がある；［不定詞と］マタ18:25，ヨハ8:6；［不定詞なし］マル14:8  ③［ εἰμι,に近い自動詞として副詞・副詞句と共に］～状態にある，～である，～状態にしている；πως ἐχει( どうしているか；οὑπως ἐχει このようである，κακως ἐχει 病気である；ἐσχατως ἐχει 死にかけている；ἀλλως ἐχει そうでない，事情が違う，逆である；το νυν ἐχον 今のところは，さしあたって今は；κατα κεφαλης ἐχων 頭にものをかぶって，Ⅰコリ11:4  ④［中動］隣にいる，すぐ次にある，近くにいる（ある），に関係ある；τῃ ἐχομενῃ (ἡμερᾳ)次の日，ルカ13:33；τας ἐχομενας κωμοπολεις 付近の町々，マル1:38；τα ἐχομενα σωτηριας ヘブ6:9，救いにかかわる事がら．"" random=""true""]ἔχω[/quiz]",,,
2:動詞と名詞の基本構造,2:動詞と名詞の基本構造クイズ,ω動詞,ω動詞クイズ,διδασκω,,Q. διδασκω,97,教える,持つ、持っている　所有する,見る、観る,投げる,(97)教える，教導（教授）する；［人格の対格］だれだれを$に%，［教授内容の対格(またはperi.属格］～を(［不定詞］～することを．,教える，教導（教授）する；［人格の対格］だれだれを$に%，［教授内容の対格(またはperi.属格］～を(［不定詞］～することを．,(97)教える,"""true""","[quiz question=""教える,持つ、持っている　所有する,見る、観る,投げる"" answer=""教える"" kaisetsu=""(97)教える，教導（教授）する；［人格の対格］だれだれを$に%，［教授内容の対格(またはperi.属格］～を(［不定詞］～することを．"" random=""true""]διδασκω[/quiz]",,,
2:動詞と名詞の基本構造,2:動詞と名詞の基本構造クイズ,ω動詞,ω動詞クイズ,λαμβάνω,,Q. λαμβάνω,258,取る、受け取る,教える,持つ、持っている　所有する,見る、観る,(258) ①取る，得る，つかまえる，捕える，取り出す，取り立てる(（金や捧げ物を）集める．②（無理に）取り上げる，奪い取る．③受け取る，受ける，得る，頂く，もらう，着る．④（試練・不幸・裁き・罰等を）経験する，～に会う，を招く，身に受ける．⑤（相手を特定の待遇で引き受けて）経験させる，取り扱う，あしらう；ῥαπισμασιν［＋人の対格］λαμβανω平手打ちを食わせる；προσωπον λαμβανω［属格］( ～の顔を受け入れる，(特定の人を優遇して)差別をする，えこひいきする，ルカ20:21―ヘブライ的表現．⑥受け入れる，ヨハ1:12．⑦［動作を表わす名詞と］～をする：πεῖραν λαμβανω 企てる；σθμβουριον λαμβανω 協議をする；ὑπομνησιν λαμβανω 思い出す，等．, ①取る，得る，つかまえる，捕える，取り出す，取り立てる(（金や捧げ物を）集める．②（無理に）取り上げる，奪い取る．③受け取る，受ける，得る，頂く，もらう，着る．④（試練・不幸・裁き・罰等を）経験する，～に会う，を招く，身に受ける．⑤（相手を特定の待遇で引き受けて）経験させる，取り扱う，あしらう；ῥαπισμασιν［＋人の対格］λαμβανω平手打ちを食わせる；προσωπον λαμβανω［属格］( ～の顔を受け入れる，(特定の人を優遇して)差別をする，えこひいきする，ルカ20:21―ヘブライ的表現．⑥受け入れる，ヨハ1:12．⑦［動作を表わす名詞と］～をする：πεῖραν λαμβανω 企てる；σθμβουριον λαμβανω 協議をする；ὑπομνησιν λαμβανω 思い出す，等．,(258)取る、受け取る,"""true""","[quiz question=""取る、受け取る,教える,持つ、持っている　所有する,見る、観る"" answer=""取る、受け取る"" kaisetsu=""(258) ①取る，得る，つかまえる，捕える，取り出す，取り立てる(（金や捧げ物を）集める．②（無理に）取り上げる，奪い取る．③受け取る，受ける，得る，頂く，もらう，着る．④（試練・不幸・裁き・罰等を）経験する，～に会う，を招く，身に受ける．⑤（相手を特定の待遇で引き受けて）経験させる，取り扱う，あしらう；ῥαπισμασιν［＋人の対格］λαμβανω平手打ちを食わせる；προσωπον λαμβανω［属格］( ～の顔を受け入れる，(特定の人を優遇して)差別をする，えこひいきする，ルカ20:21―ヘブライ的表現．⑥受け入れる，ヨハ1:12．⑦［動作を表わす名詞と］～をする：πεῖραν λαμβανω 企てる；σθμβουριον λαμβανω 協議をする；ὑπομνησιν λαμβανω 思い出す，等．"" random=""true""]λαμβάνω[/quiz]",,,
2:動詞と名詞の基本構造,2:動詞と名詞の基本構造クイズ,ω動詞,ω動詞クイズ,λέγω,,Q. λέγω,2354,言う、話す、告げる,取る、受け取る,教える,持つ、持っている　所有する,"(2354)①言う（言われる内容を伝える語，…内容のことを言う，…と言う），告げる，語る，話す，述べる，言い表わす；（～内容のことを）言おうとする，（～のことを）意味する；ヨハ20:16，ὁ λεγεταιそれは以下のことを言おうとする，すなわち～という意味である； (心の中で%言う，思う，(文書で%伝える；（旧約聖書の記者が聖書中で言った( εἰπεν 書いた）．②呼ぶ，称する，名づける，唱える，呼びかける，マタ1:16，マル10:18．③（命令の意味で( ～しなさいと）言いつける，命じる，マタ5:34，39，ロマ2:22  ④語幹λεγ  には「言う」の他に「選ぶ」(「集める」等の意味があるが，新約本文中ではἐκλεγομαι,συλλεγω 等の複合動詞として以外は見られない．
類語：λαλῶ 言葉を話す，しゃべる，口に出して言う，発言する；話す動作をいう語；φωνῶ音声を発する，声高に話す；これに対しλεγωは話しの内容に目を向ける語（上記説明を見よ）で内にある思想を言語によって表現する； λογοςjの項をも参照","①言う（言われる内容を伝える語，…内容のことを言う，…と言う），告げる，語る，話す，述べる，言い表わす；（～内容のことを）言おうとする，（～のことを）意味する；ヨハ20:16，ὁ λεγεταιそれは以下のことを言おうとする，すなわち～という意味である； (心の中で%言う，思う，(文書で%伝える；（旧約聖書の記者が聖書中で言った( εἰπεν 書いた）．②呼ぶ，称する，名づける，唱える，呼びかける，マタ1:16，マル10:18．③（命令の意味で( ～しなさいと）言いつける，命じる，マタ5:34，39，ロマ2:22  ④語幹λεγ  には「言う」の他に「選ぶ」(「集める」等の意味があるが，新約本文中ではἐκλεγομαι,συλλεγω 等の複合動詞として以外は見られない．
類語：λαλῶ 言葉を話す，しゃべる，口に出して言う，発言する；話す動作をいう語；φωνῶ音声を発する，声高に話す；これに対しλεγωは話しの内容に目を向ける語（上記説明を見よ）で内にある思想を言語によって表現する； λογοςjの項をも参照",(2354)言う、話す、告げる,"""true""","[quiz question=""言う、話す、告げる,取る、受け取る,教える,持つ、持っている　所有する"" answer=""言う、話す、告げる"" kaisetsu=""(2354)①言う（言われる内容を伝える語，…内容のことを言う，…と言う），告げる，語る，話す，述べる，言い表わす；（～内容のことを）言おうとする，（～のことを）意味する；ヨハ20:16，ὁ λεγεταιそれは以下のことを言おうとする，すなわち～という意味である； (心の中で%言う，思う，(文書で%伝える；（旧約聖書の記者が聖書中で言った( εἰπεν 書いた）．②呼ぶ，称する，名づける，唱える，呼びかける，マタ1:16，マル10:18．③（命令の意味で( ～しなさいと）言いつける，命じる，マタ5:34，39，ロマ2:22  ④語幹λεγ  には「言う」の他に「選ぶ」(「集める」等の意味があるが，新約本文中ではἐκλεγομαι,συλλεγω 等の複合動詞として以外は見られない．
類語：λαλῶ 言葉を話す，しゃべる，口に出して言う，発言する；話す動作をいう語；φωνῶ音声を発する，声高に話す；これに対しλεγωは話しの内容に目を向ける語（上記説明を見よ）で内にある思想を言語によって表現する； λογοςjの項をも参照"" random=""true""]λέγω[/quiz]",,,
2:動詞と名詞の基本構造,2:動詞と名詞の基本構造クイズ,ω動詞,ω動詞クイズ,λύω,,Q. λύω,42,解く、解き放つ,受ける,取る、受け取る,教える,(42)①解く，ほどく，ゆるめる，マコ1:7；束縛を解く，解放する，解いてやる，マコ11:2；脱ぐ，脱がせる，使7:33．②バラバラにする，分解する，解体する，こわす，ヨハ2:19；破る，破壊する，違反する，無視する，ヨハ7:23．③滅ぼす，廃止する，無効と宣言する，無効にする，ヨハ5:18．④（集会を）解散する，使13:43．,①解く，ほどく，ゆるめる，マコ1:7；束縛を解く，解放する，解いてやる，マコ11:2；脱ぐ，脱がせる，使7:33．②バラバラにする，分解する，解体する，こわす，ヨハ2:19；破る，破壊する，違反する，無視する，ヨハ7:23．③滅ぼす，廃止する，無効と宣言する，無効にする，ヨハ5:18．④（集会を）解散する，使13:43．,(42)解く、解き放つ,"""true""","[quiz question=""解く、解き放つ,受ける,取る、受け取る,教える"" answer=""解く、解き放つ"" kaisetsu=""(42)①解く，ほどく，ゆるめる，マコ1:7；束縛を解く，解放する，解いてやる，マコ11:2；脱ぐ，脱がせる，使7:33．②バラバラにする，分解する，解体する，こわす，ヨハ2:19；破る，破壊する，違反する，無視する，ヨハ7:23．③滅ぼす，廃止する，無効と宣言する，無効にする，ヨハ5:18．④（集会を）解散する，使13:43．"" random=""true""]λύω[/quiz]",,,
2:動詞と名詞の基本構造,2:動詞と名詞の基本構造クイズ,εω動詞,εω動詞クイズ,ζητέω,,Q. ζητέω,117,探す、求める,解く、解き放つ,受ける,取る、受け取る,(117)①さがす，捜し求める，尋ね求める，尋ねて捜す，尋ね出す，(命を)ねらう，追求する．②(しようと)努める，(得ようと)求める，欲しがる，願望する：［不定詞と］，ἱνα＋接続法］～しよう(したいと)．③要求する，請求する，求める．,①さがす，捜し求める，尋ね求める，尋ねて捜す，尋ね出す，(命を)ねらう，追求する．②(しようと)努める，(得ようと)求める，欲しがる，願望する：［不定詞と］，ἱνα＋接続法］～しよう(したいと)．③要求する，請求する，求める．,(117)探す、求める,"""true""","[quiz question=""探す、求める,解く、解き放つ,受ける,取る、受け取る"" answer=""探す、求める"" kaisetsu=""(117)①さがす，捜し求める，尋ね求める，尋ねて捜す，尋ね出す，(命を)ねらう，追求する．②(しようと)努める，(得ようと)求める，欲しがる，願望する：［不定詞と］，ἱνα＋接続法］～しよう(したいと)．③要求する，請求する，求める．"" random=""true""]ζητέω[/quiz]",,,
2:動詞と名詞の基本構造,2:動詞と名詞の基本構造クイズ,εω動詞,εω動詞クイズ,καλέω,,Q. καλέω,148,呼ぶ、召喚する,探す、求める,解く、解き放つ,受ける,(148)①呼ぶ，呼び寄せる，召す，召し寄せる，招く) ②（家に）招く，招き入れる，招待する) ③（名を）呼ぶ，名づける，となえる，称す，と言う；πνευματικως καλω＝象徴的に（たとえて）名づける，黙11:8．,①呼ぶ，呼び寄せる，召す，召し寄せる，招く) ②（家に）招く，招き入れる，招待する) ③（名を）呼ぶ，名づける，となえる，称す，と言う；πνευματικως καλω＝象徴的に（たとえて）名づける，黙11:8．,(148)呼ぶ、召喚する,"""true""","[quiz question=""呼ぶ、召喚する,探す、求める,解く、解き放つ,受ける"" answer=""呼ぶ、召喚する"" kaisetsu=""(148)①呼ぶ，呼び寄せる，召す，召し寄せる，招く) ②（家に）招く，招き入れる，招待する) ③（名を）呼ぶ，名づける，となえる，称す，と言う；πνευματικως καλω＝象徴的に（たとえて）名づける，黙11:8．"" random=""true""]καλέω[/quiz]",,,
2:動詞と名詞の基本構造,2:動詞と名詞の基本構造クイズ,εω動詞,εω動詞クイズ,λαλέω,,Q. λαλέω,296,話す、言う,呼ぶ、召喚する,探す、求める,解く、解き放つ,"(296)①音声を発する，声を出す，鳴る．②話す，語る，話しかける，告げる，ものを言う，言う，口にする；προς το οὑς λαλω (耳に話し掛ける)小声で話す(限られた人数の聞き手に―Louw & Nida)；語源からの「無駄な饒舌」の意味は失われ，イエスと使徒たちの時代には普通のspeakの意味で使われた．
類語：λεγω","①音声を発する，声を出す，鳴る．②話す，語る，話しかける，告げる，ものを言う，言う，口にする；προς το οὑς λαλω (耳に話し掛ける)小声で話す(限られた人数の聞き手に―Louw & Nida)；語源からの「無駄な饒舌」の意味は失われ，イエスと使徒たちの時代には普通のspeakの意味で使われた．
類語：λεγω",(296)話す、言う,"""true""","[quiz question=""話す、言う,呼ぶ、召喚する,探す、求める,解く、解き放つ"" answer=""話す、言う"" kaisetsu=""(296)①音声を発する，声を出す，鳴る．②話す，語る，話しかける，告げる，ものを言う，言う，口にする；προς το οὑς λαλω (耳に話し掛ける)小声で話す(限られた人数の聞き手に―Louw & Nida)；語源からの「無駄な饒舌」の意味は失われ，イエスと使徒たちの時代には普通のspeakの意味で使われた．
類語：λεγω"" random=""true""]λαλέω[/quiz]",,,
2:動詞と名詞の基本構造,2:動詞と名詞の基本構造クイズ,εω動詞,εω動詞クイズ,ποιέω,,Q. ποιέω,568,作る、する,話す、言う,呼ぶ、召喚する,探す、求める,(568)①作る，製作（作製）する，著作する，著（あら）わす，造る，設ける，任命する；～を生じる，引き起こす；ὁδον ποιω（道を作る）＝進む，歩いて行く；καρπον ποιω 実を結ぶ；．②英語のmakeと同じように（ＡをＢに）する，マコ3:12，ヨハ5:11；として（任命して）立てる，使2:36，マタ4:19；と見なす，扱う，マタ12:33．②する，なす，行なう，実施する，働く(（時を）過ごす（ヤコ4:13）；（抽象名詞の表す動作を）する；πολεμον ποιω 戦いをしかける，いどむ，戦う；ποιω....μετα 属格 はヘブライ的表現で，誰々のために（に対して）～をする；ποιησαι ἐλεος μετα των πατερων先祖たちに憐れみをなし給う，ルカ1:72；ὁσα ἐποιησεν ὁ θεος μετ΄ αὐτων，神が彼らのためになさった限りのことを，使14:27；［ ἱνα と］ ～ようにする，～するように取り計らう，コロ4:16  ③［使役動詞として］英語のmakeと同じように［対格と不定詞］～に（を）～させる，ヨハ6:11；διδωμι 英語のletに当たる)に比べ積極的使役を表現する．,①作る，製作（作製）する，著作する，著（あら）わす，造る，設ける，任命する；～を生じる，引き起こす；ὁδον ποιω（道を作る）＝進む，歩いて行く；καρπον ποιω 実を結ぶ；．②英語のmakeと同じように（ＡをＢに）する，マコ3:12，ヨハ5:11；として（任命して）立てる，使2:36，マタ4:19；と見なす，扱う，マタ12:33．②する，なす，行なう，実施する，働く(（時を）過ごす（ヤコ4:13）；（抽象名詞の表す動作を）する；πολεμον ποιω 戦いをしかける，いどむ，戦う；ποιω....μετα 属格 はヘブライ的表現で，誰々のために（に対して）～をする；ποιησαι ἐλεος μετα των πατερων先祖たちに憐れみをなし給う，ルカ1:72；ὁσα ἐποιησεν ὁ θεος μετ΄ αὐτων，神が彼らのためになさった限りのことを，使14:27；［ ἱνα と］ ～ようにする，～するように取り計らう，コロ4:16  ③［使役動詞として］英語のmakeと同じように［対格と不定詞］～に（を）～させる，ヨハ6:11；διδωμι 英語のletに当たる)に比べ積極的使役を表現する．,(568)作る、する,"""true""","[quiz question=""作る、する,話す、言う,呼ぶ、召喚する,探す、求める"" answer=""作る、する"" kaisetsu=""(568)①作る，製作（作製）する，著作する，著（あら）わす，造る，設ける，任命する；～を生じる，引き起こす；ὁδον ποιω（道を作る）＝進む，歩いて行く；καρπον ποιω 実を結ぶ；．②英語のmakeと同じように（ＡをＢに）する，マコ3:12，ヨハ5:11；として（任命して）立てる，使2:36，マタ4:19；と見なす，扱う，マタ12:33．②する，なす，行なう，実施する，働く(（時を）過ごす（ヤコ4:13）；（抽象名詞の表す動作を）する；πολεμον ποιω 戦いをしかける，いどむ，戦う；ποιω....μετα 属格 はヘブライ的表現で，誰々のために（に対して）～をする；ποιησαι ἐλεος μετα των πατερων先祖たちに憐れみをなし給う，ルカ1:72；ὁσα ἐποιησεν ὁ θεος μετ΄ αὐτων，神が彼らのためになさった限りのことを，使14:27；［ ἱνα と］ ～ようにする，～するように取り計らう，コロ4:16  ③［使役動詞として］英語のmakeと同じように［対格と不定詞］～に（を）～させる，ヨハ6:11；διδωμι 英語のletに当たる)に比べ積極的使役を表現する．"" random=""true""]ποιέω[/quiz]",,,
2:動詞と名詞の基本構造,2:動詞と名詞の基本構造クイズ,εω動詞,εω動詞クイズ,τηρέω,,Q. τηρέω,70,保つ、維持する、（律法を）守る,作る、する,話す、言う,呼ぶ、召喚する,"(70) ①見張る，番をする，監視する，見張りする，監禁する．②（見張って）守る，保持する，保つ，保存する．③（命令や戒めを）守る，遵守する，実行する．
類語：φυλασσω 保管，保護；τηρω 注意して見張る；「φυλασσωが手段，τηρω が結果」（"," ①見張る，番をする，監視する，見張りする，監禁する．②（見張って）守る，保持する，保つ，保存する．③（命令や戒めを）守る，遵守する，実行する．
類語：φυλασσω 保管，保護；τηρω 注意して見張る；「φυλασσωが手段，τηρω が結果」（",(70)保つ、維持する、（律法を）守る,"""true""","[quiz question=""保つ、維持する、（律法を）守る,作る、する,話す、言う,呼ぶ、召喚する"" answer=""保つ、維持する、（律法を）守る"" kaisetsu=""(70) ①見張る，番をする，監視する，見張りする，監禁する．②（見張って）守る，保持する，保つ，保存する．③（命令や戒めを）守る，遵守する，実行する．
類語：φυλασσω 保管，保護；τηρω 注意して見張る；「φυλασσωが手段，τηρω が結果」（"" random=""true""]τηρέω[/quiz]",,,
2:動詞と名詞の基本構造,2:動詞と名詞の基本構造クイズ,εω動詞,εω動詞クイズ,φιλέω,,Q. φιλέω,25,愛する、好む,保つ、維持する、（律法を）守る,作る、する,話す、言う,"(25) ①愛する，好む，好きである；人情や友情，また近くにいて常に交わりを持つ者の間に生じる自然の親近感や親愛の情を表わす動詞．②接吻する，マル14:44．
類語：αγαπω"," ①愛する，好む，好きである；人情や友情，また近くにいて常に交わりを持つ者の間に生じる自然の親近感や親愛の情を表わす動詞．②接吻する，マル14:44．
類語：αγαπω",(25)愛する、好む,"""true""","[quiz question=""愛する、好む,保つ、維持する、（律法を）守る,作る、する,話す、言う"" answer=""愛する、好む"" kaisetsu=""(25) ①愛する，好む，好きである；人情や友情，また近くにいて常に交わりを持つ者の間に生じる自然の親近感や親愛の情を表わす動詞．②接吻する，マル14:44．
類語：αγαπω"" random=""true""]φιλέω[/quiz]",,,
2:動詞と名詞の基本構造,2:動詞と名詞の基本構造クイズ,ος変化名詞,ος変化名詞クイズ,ἄγγελος,,Q. ἄγγελος,175,使徒、天使,愛する、好む,保つ、維持する、（律法を）守る,作る、する,(175)①使者( 使いの者．②天使( み使い),①使者( 使いの者．②天使( み使い),(175)使徒、天使,"""true""","[quiz question=""使徒、天使,愛する、好む,保つ、維持する、（律法を）守る,作る、する"" answer=""使徒、天使"" kaisetsu=""(175)①使者( 使いの者．②天使( み使い)"" random=""true""]ἄγγελος[/quiz]",,,
2:動詞と名詞の基本構造,2:動詞と名詞の基本構造クイズ,ος変化名詞,ος変化名詞クイズ,ἀδελφός,,Q. ἀδελφός,343,兄弟,民、人々、国民,人間、人,キリスト、メシア,(343) 兄弟，兄，弟；夫や同志も, 兄弟，兄，弟；夫や同志も,(343)兄弟,"""true""","[quiz question=""兄弟,民、人々、国民,人間、人,キリスト、メシア"" answer=""兄弟"" kaisetsu=""(343) 兄弟，兄，弟；夫や同志も"" random=""true""]ἀδελφός[/quiz]",,,
2:動詞と名詞の基本構造,2:動詞と名詞の基本構造クイズ,ος変化名詞,ος変化名詞クイズ,ἄρτος,,Q. ἄρτος,97,パン,兄弟,民、人々、国民,人間、人,"(97) パン《物質名詞のbreadとはやや異なり,一塊のパンloafを指すこともあれば，複数でも使う》；食物．"," パン《物質名詞のbreadとはやや異なり,一塊のパンloafを指すこともあれば，複数でも使う》；食物．",(97)パン,"""true""","[quiz question=""パン,兄弟,民、人々、国民,人間、人"" answer=""パン"" kaisetsu=""(97) パン《物質名詞のbreadとはやや異なり,一塊のパンloafを指すこともあれば，複数でも使う》；食物．"" random=""true""]ἄρτος[/quiz]",,,
2:動詞と名詞の基本構造,2:動詞と名詞の基本構造クイズ,ος変化名詞,ος変化名詞クイズ,δοῦλος,,Q. δοῦλος,124,奴隷,パン,兄弟,民、人々、国民,"(124)①奴隷(自由人の身分を持たず主人に所有される)しもべ ②(本来は　形）-η,-ου,～に隷属する［与格と］(ロマ6：19)
類語：διάκονος、θεράπων、ὑπηρέτης","①奴隷(自由人の身分を持たず主人に所有される)しもべ ②(本来は　形）-η,-ου,～に隷属する［与格と］(ロマ6：19)
類語：διάκονος、θεράπων、ὑπηρέτης",(124)奴隷,"""true""","[quiz question=""奴隷,パン,兄弟,民、人々、国民"" answer=""奴隷"" kaisetsu=""(124)①奴隷(自由人の身分を持たず主人に所有される)しもべ ②(本来は　形）-η,-ου,～に隷属する［与格と］(ロマ6：19)
類語：διάκονος、θεράπων、ὑπηρέτης"" random=""true""]δοῦλος[/quiz]",,,
2:動詞と名詞の基本構造,2:動詞と名詞の基本構造クイズ,ος変化名詞,ος変化名詞クイズ,θεός,,Q. θεός,1317,神,奴隷,パン,兄弟,"(1317)①ギリシャ神話から借りた語で、元来多神教における神々の中の一つの神、即ちゼウスやヘルメスやアルテミスなどを言った。Ⅱテサ2:4、使28:6、Ⅰコリ8:4。複数形の用例－使14:1、19:26)
②唯一の真の神、生ける神ヤハヴェを指して、ユダヤ教徒とキリスト者はこの異教的用語をきよめて最も高い意味に用いた。原則としてθεόςと無冠詞で使われる時は神的本質を指し(ヨハ1:1)、ὁ θεός、と冠詞つきで使われる時は人格神としての神を指し示す」とは Dana-Manteyの指摘である。③ヨハ10:34、35では換喩的な意味で、神の代理者、神を代表して裁きを行なう「さばき人」ショフェティーム（士師）の意味で用いられているのは、新約中この語の例外的な用法である。詩82:6(LXX,81:6)参照","①ギリシャ神話から借りた語で、元来多神教における神々の中の一つの神、即ちゼウスやヘルメスやアルテミスなどを言った。Ⅱテサ2:4、使28:6、Ⅰコリ8:4。複数形の用例－使14:1、19:26)
②唯一の真の神、生ける神ヤハヴェを指して、ユダヤ教徒とキリスト者はこの異教的用語をきよめて最も高い意味に用いた。原則としてθεόςと無冠詞で使われる時は神的本質を指し(ヨハ1:1)、ὁ θεός、と冠詞つきで使われる時は人格神としての神を指し示す」とは Dana-Manteyの指摘である。③ヨハ10:34、35では換喩的な意味で、神の代理者、神を代表して裁きを行なう「さばき人」ショフェティーム（士師）の意味で用いられているのは、新約中この語の例外的な用法である。詩82:6(LXX,81:6)参照",(1317)神,"""true""","[quiz question=""神,奴隷,パン,兄弟"" answer=""神"" kaisetsu=""(1317)①ギリシャ神話から借りた語で、元来多神教における神々の中の一つの神、即ちゼウスやヘルメスやアルテミスなどを言った。Ⅱテサ2:4、使28:6、Ⅰコリ8:4。複数形の用例－使14:1、19:26)
②唯一の真の神、生ける神ヤハヴェを指して、ユダヤ教徒とキリスト者はこの異教的用語をきよめて最も高い意味に用いた。原則としてθεόςと無冠詞で使われる時は神的本質を指し(ヨハ1:1)、ὁ θεός、と冠詞つきで使われる時は人格神としての神を指し示す」とは Dana-Manteyの指摘である。③ヨハ10:34、35では換喩的な意味で、神の代理者、神を代表して裁きを行なう「さばき人」ショフェティーム（士師）の意味で用いられているのは、新約中この語の例外的な用法である。詩82:6(LXX,81:6)参照"" random=""true""]θεός[/quiz]",,,
2:動詞と名詞の基本構造,2:動詞と名詞の基本構造クイズ,ος変化名詞,ος変化名詞クイズ,κόσμος,,Q. κόσμος,186,世界,神,奴隷,パン,"(186) ①飾り，装飾，特に婦人の身につける飾りやアクセサリー，Ⅰペテ3:3． ②（秩序ある整然としたものという意味で）世界，宇宙，被造物の総体，マタ25:34． ③世，人の世界： (a)すべての人間，世にいる人間，ヨハ3:16 ；(b)この世のことがら，世事，この世における所有物，マコ8:36等；倫理的な意味での，世，この世，神を離れている人間世界；この思想は旧約聖書にも現われ，イスラエルを取りまく異教諸国民の全体，破壊的・腐敗的な異教世界の力をさして使われた．この意味では，神を離れて肉的・この世的な生き方（罪）の中にある人間の総体をκοσμοςと呼ぶ，ヤコ4:4，Ⅰヨハ2:15，Ⅱペテ2:20；(d)時にはοἰκονουμένηと大体同じ意味で，人の住んでいる世界，マタ4:8．
類語：αἰών 時間的世界，いまの一区切りの時間的限界に属する世界，時代（の人々），世代；οἰκουμένη（＜οἰκῶ, 居住する），空間的世界，人の居住する世界；κόσμος, 秩序的世界，人間の総体－世にいる人間"," ①飾り，装飾，特に婦人の身につける飾りやアクセサリー，Ⅰペテ3:3． ②（秩序ある整然としたものという意味で）世界，宇宙，被造物の総体，マタ25:34． ③世，人の世界： (a)すべての人間，世にいる人間，ヨハ3:16 ；(b)この世のことがら，世事，この世における所有物，マコ8:36等；倫理的な意味での，世，この世，神を離れている人間世界；この思想は旧約聖書にも現われ，イスラエルを取りまく異教諸国民の全体，破壊的・腐敗的な異教世界の力をさして使われた．この意味では，神を離れて肉的・この世的な生き方（罪）の中にある人間の総体をκοσμοςと呼ぶ，ヤコ4:4，Ⅰヨハ2:15，Ⅱペテ2:20；(d)時にはοἰκονουμένηと大体同じ意味で，人の住んでいる世界，マタ4:8．
類語：αἰών 時間的世界，いまの一区切りの時間的限界に属する世界，時代（の人々），世代；οἰκουμένη（＜οἰκῶ, 居住する），空間的世界，人の居住する世界；κόσμος, 秩序的世界，人間の総体－世にいる人間",(186)世界,"""true""","[quiz question=""世界,神,奴隷,パン"" answer=""世界"" kaisetsu=""(186) ①飾り，装飾，特に婦人の身につける飾りやアクセサリー，Ⅰペテ3:3． ②（秩序ある整然としたものという意味で）世界，宇宙，被造物の総体，マタ25:34． ③世，人の世界： (a)すべての人間，世にいる人間，ヨハ3:16 ；(b)この世のことがら，世事，この世における所有物，マコ8:36等；倫理的な意味での，世，この世，神を離れている人間世界；この思想は旧約聖書にも現われ，イスラエルを取りまく異教諸国民の全体，破壊的・腐敗的な異教世界の力をさして使われた．この意味では，神を離れて肉的・この世的な生き方（罪）の中にある人間の総体をκοσμοςと呼ぶ，ヤコ4:4，Ⅰヨハ2:15，Ⅱペテ2:20；(d)時にはοἰκονουμένηと大体同じ意味で，人の住んでいる世界，マタ4:8．
類語：αἰών 時間的世界，いまの一区切りの時間的限界に属する世界，時代（の人々），世代；οἰκουμένη（＜οἰκῶ, 居住する），空間的世界，人の居住する世界；κόσμος, 秩序的世界，人間の総体－世にいる人間"" random=""true""]κόσμος[/quiz]",,,
2:動詞と名詞の基本構造,2:動詞と名詞の基本構造クイズ,ος変化名詞,ος変化名詞クイズ,κύριος,,Q. κύριος,717,主、主人,世界,神,奴隷,"(717)①財産（特に奴隷の）所有者，持ち主(δοῦλοιiや δουλαίの）主人，Ⅰペト3:6，マタ15:27．②［呼格］κύριε, 目上の人への敬意を込めた呼びかけ； 先生，旦那，閣下，御主人様，ルカ14:22，マタ27:63；κύριοι, 先生がた，旦那がた，使16:30；お父さん，マタ21:29：３項前の κυρίαも同じ形容詞 κύριοςの女性形③神とキリストについて； κύρις, 主，旧約聖書の聖なる神の名「ヤハヴェ」יְהֹוָהは「アドナイ」(主)と読まれた関係上 LXXでは κύριος と訳された，マコ12:36；使徒たちはイエスを「主キリスト」と告白したが．キリスト者にとって「主キリスト」は自分の全生活を支配する主であり，自分の生命は彼のものであり，自分はイエスのしもべであると言うだけでなく，イエスを信じることは事実上，聖なる父を信じることと同じであり，イエスから永遠の命を受けることは，命の源である天の父から受けることとイコールであることが，LXXの κύριος をキリストに冠した使徒たちの信仰の中に込められている.④君主，主君，国王，帝王；ローマ皇帝特にネロについてκύριος という称号が屡々見られる．全世界がこの主権者をκύριος と呼んでいた（使25:26）時に，イエスをκύριος と呼んだキリスト者たちがどんな立場に立ったかは，容易に察せられる．","①財産（特に奴隷の）所有者，持ち主(δοῦλοιiや δουλαίの）主人，Ⅰペト3:6，マタ15:27．②［呼格］κύριε, 目上の人への敬意を込めた呼びかけ； 先生，旦那，閣下，御主人様，ルカ14:22，マタ27:63；κύριοι, 先生がた，旦那がた，使16:30；お父さん，マタ21:29：３項前の κυρίαも同じ形容詞 κύριοςの女性形③神とキリストについて； κύρις, 主，旧約聖書の聖なる神の名「ヤハヴェ」יְהֹוָהは「アドナイ」(主)と読まれた関係上 LXXでは κύριος と訳された，マコ12:36；使徒たちはイエスを「主キリスト」と告白したが．キリスト者にとって「主キリスト」は自分の全生活を支配する主であり，自分の生命は彼のものであり，自分はイエスのしもべであると言うだけでなく，イエスを信じることは事実上，聖なる父を信じることと同じであり，イエスから永遠の命を受けることは，命の源である天の父から受けることとイコールであることが，LXXの κύριος をキリストに冠した使徒たちの信仰の中に込められている.④君主，主君，国王，帝王；ローマ皇帝特にネロについてκύριος という称号が屡々見られる．全世界がこの主権者をκύριος と呼んでいた（使25:26）時に，イエスをκύριος と呼んだキリスト者たちがどんな立場に立ったかは，容易に察せられる．",(717)主、主人,"""true""","[quiz question=""主、主人,世界,神,奴隷"" answer=""主、主人"" kaisetsu=""(717)①財産（特に奴隷の）所有者，持ち主(δοῦλοιiや δουλαίの）主人，Ⅰペト3:6，マタ15:27．②［呼格］κύριε, 目上の人への敬意を込めた呼びかけ； 先生，旦那，閣下，御主人様，ルカ14:22，マタ27:63；κύριοι, 先生がた，旦那がた，使16:30；お父さん，マタ21:29：３項前の κυρίαも同じ形容詞 κύριοςの女性形③神とキリストについて； κύρις, 主，旧約聖書の聖なる神の名「ヤハヴェ」יְהֹוָהは「アドナイ」(主)と読まれた関係上 LXXでは κύριος と訳された，マコ12:36；使徒たちはイエスを「主キリスト」と告白したが．キリスト者にとって「主キリスト」は自分の全生活を支配する主であり，自分の生命は彼のものであり，自分はイエスのしもべであると言うだけでなく，イエスを信じることは事実上，聖なる父を信じることと同じであり，イエスから永遠の命を受けることは，命の源である天の父から受けることとイコールであることが，LXXの κύριος をキリストに冠した使徒たちの信仰の中に込められている.④君主，主君，国王，帝王；ローマ皇帝特にネロについてκύριος という称号が屡々見られる．全世界がこの主権者をκύριος と呼んでいた（使25:26）時に，イエスをκύριος と呼んだキリスト者たちがどんな立場に立ったかは，容易に察せられる．"" random=""true""]κύριος[/quiz]",,,
2:動詞と名詞の基本構造,2:動詞と名詞の基本構造クイズ,ος変化名詞,ος変化名詞クイズ,λόγος,,Q. λόγος,330,言葉、メッセージ,主、主人,世界,神,"(330)①言葉，語られた内容，発言(の内容)，談話，話，演説；弁舌，説明，ことわざ，評判；ὁ λόγος τοῦ θεοῦ 神の言葉，神が語られた言葉（預言者などの使者を通して)，神から人に啓示された言葉；διά λόγου, 口で，口頭で； ὁ λόγος, 御言葉，福音の使信，キリストの福音，ルカ1:2，使14:25．②ロゴス，ことば；罪の中にある人々への神のメッセージそのもの，罪人に対する神の意志と究極的意思表示，神の愛と神が何をして下さったかを身をもって表わしておられる神の発言，神の語りかけとしての人格キリスト（肉の形をとって人の世界に来られる以前の存在を含めて)，ヨハ1:1，14． ③計算，勘定，会計報告，申し開き，使20:24，Ⅰペト4:5  ④理性，理由，根拠，Ⅰペト3:15；κατ¨α λόγον, 正当に，道理にかなって，当然のこととして，使18:14．⑤（話にのぼっていること，内容)，こと，ことがら，話題，問題，マタ21:24，使15:6． ⑥割合，類似，類比","①言葉，語られた内容，発言(の内容)，談話，話，演説；弁舌，説明，ことわざ，評判；ὁ λόγος τοῦ θεοῦ 神の言葉，神が語られた言葉（預言者などの使者を通して)，神から人に啓示された言葉；διά λόγου, 口で，口頭で； ὁ λόγος, 御言葉，福音の使信，キリストの福音，ルカ1:2，使14:25．②ロゴス，ことば；罪の中にある人々への神のメッセージそのもの，罪人に対する神の意志と究極的意思表示，神の愛と神が何をして下さったかを身をもって表わしておられる神の発言，神の語りかけとしての人格キリスト（肉の形をとって人の世界に来られる以前の存在を含めて)，ヨハ1:1，14． ③計算，勘定，会計報告，申し開き，使20:24，Ⅰペト4:5  ④理性，理由，根拠，Ⅰペト3:15；κατ¨α λόγον, 正当に，道理にかなって，当然のこととして，使18:14．⑤（話にのぼっていること，内容)，こと，ことがら，話題，問題，マタ21:24，使15:6． ⑥割合，類似，類比",(330)言葉、メッセージ,"""true""","[quiz question=""言葉、メッセージ,主、主人,世界,神"" answer=""言葉、メッセージ"" kaisetsu=""(330)①言葉，語られた内容，発言(の内容)，談話，話，演説；弁舌，説明，ことわざ，評判；ὁ λόγος τοῦ θεοῦ 神の言葉，神が語られた言葉（預言者などの使者を通して)，神から人に啓示された言葉；διά λόγου, 口で，口頭で； ὁ λόγος, 御言葉，福音の使信，キリストの福音，ルカ1:2，使14:25．②ロゴス，ことば；罪の中にある人々への神のメッセージそのもの，罪人に対する神の意志と究極的意思表示，神の愛と神が何をして下さったかを身をもって表わしておられる神の発言，神の語りかけとしての人格キリスト（肉の形をとって人の世界に来られる以前の存在を含めて)，ヨハ1:1，14． ③計算，勘定，会計報告，申し開き，使20:24，Ⅰペト4:5  ④理性，理由，根拠，Ⅰペト3:15；κατ¨α λόγον, 正当に，道理にかなって，当然のこととして，使18:14．⑤（話にのぼっていること，内容)，こと，ことがら，話題，問題，マタ21:24，使15:6． ⑥割合，類似，類比"" random=""true""]λόγος[/quiz]",,,
2:動詞と名詞の基本構造,2:動詞と名詞の基本構造クイズ,ος変化名詞,ος変化名詞クイズ,νόμος,,Q. νόμος,194,律法、法律,言葉、メッセージ,主、主人,世界,"(194)（＜νέμω 分配する，割り当てる）（割り当てられ，制定されたもの；しきたり，慣習，法）．①法（一般)，法律，おきて，法令，法則；ロマ3:27，同7:2，ヤコ1:25，同2:8．②行動を制御しまた行動へと駆り立てる内部から働く力，原理，法則；ロマ7:23，同8:2，ガラ6:2．③律法，モーセ律法；ヤハヴェを信じる民の信仰と倫理を規定し，犠牲奉献を中心とする礼拝儀式を定めた聖なる書の総体――旧約聖書に示された律法，またはモーセ五書；ὁ νόμος καϊ οἱ προφῆται, 律法と預言者たちと，マタ7:12；広義には旧約聖書に記された全内容，狭義には五書と預言書．","（＜νέμω 分配する，割り当てる）（割り当てられ，制定されたもの；しきたり，慣習，法）．①法（一般)，法律，おきて，法令，法則；ロマ3:27，同7:2，ヤコ1:25，同2:8．②行動を制御しまた行動へと駆り立てる内部から働く力，原理，法則；ロマ7:23，同8:2，ガラ6:2．③律法，モーセ律法；ヤハヴェを信じる民の信仰と倫理を規定し，犠牲奉献を中心とする礼拝儀式を定めた聖なる書の総体――旧約聖書に示された律法，またはモーセ五書；ὁ νόμος καϊ οἱ προφῆται, 律法と預言者たちと，マタ7:12；広義には旧約聖書に記された全内容，狭義には五書と預言書．",(194)律法、法律,"""true""","[quiz question=""律法、法律,言葉、メッセージ,主、主人,世界"" answer=""律法、法律"" kaisetsu=""(194)（＜νέμω 分配する，割り当てる）（割り当てられ，制定されたもの；しきたり，慣習，法）．①法（一般)，法律，おきて，法令，法則；ロマ3:27，同7:2，ヤコ1:25，同2:8．②行動を制御しまた行動へと駆り立てる内部から働く力，原理，法則；ロマ7:23，同8:2，ガラ6:2．③律法，モーセ律法；ヤハヴェを信じる民の信仰と倫理を規定し，犠牲奉献を中心とする礼拝儀式を定めた聖なる書の総体――旧約聖書に示された律法，またはモーセ五書；ὁ νόμος καϊ οἱ προφῆται, 律法と預言者たちと，マタ7:12；広義には旧約聖書に記された全内容，狭義には五書と預言書．"" random=""true""]νόμος[/quiz]",,,
2:動詞と名詞の基本構造,2:動詞と名詞の基本構造クイズ,ος変化名詞,ος変化名詞クイズ,οἶκος,,Q. οἶκος,114,家、家族,律法、法律,言葉、メッセージ,主、主人,"(114)①家，家屋，住まい，使19:16；οἰκος τοῦ θεοῦ,神の家，エルサレムの神殿，マル2:26，マタ23:38；使2:2は普通の家とも神殿とも解せる；κατ΄οἰκον, 家毎に，各家で，使2:46，5:42；κατ΄ οἰκους,家々で（会堂や公開の場所でなく)，使20:20；ἡ κατ΄οἰκον  (＋属格) ἐκκλησία,(～の)家での教会；信徒の家を集会所として集まった教会．②一家，世帯，家族，（人の）家に属するすべて；οἰκοςἸσραήλ,Ἰακώβ,Δαυείδ ヘブライ的表現，イスラエル民族，ヤコブの，またダビデの子孫である民族．
","①家，家屋，住まい，使19:16；οἰκος τοῦ θεοῦ,神の家，エルサレムの神殿，マル2:26，マタ23:38；使2:2は普通の家とも神殿とも解せる；κατ΄οἰκον, 家毎に，各家で，使2:46，5:42；κατ΄ οἰκους,家々で（会堂や公開の場所でなく)，使20:20；ἡ κατ΄οἰκον  (＋属格) ἐκκλησία,(～の)家での教会；信徒の家を集会所として集まった教会．②一家，世帯，家族，（人の）家に属するすべて；οἰκοςἸσραήλ,Ἰακώβ,Δαυείδ ヘブライ的表現，イスラエル民族，ヤコブの，またダビデの子孫である民族．
",(114)家、家族,"""true""","[quiz question=""家、家族,律法、法律,言葉、メッセージ,主、主人"" answer=""家、家族"" kaisetsu=""(114)①家，家屋，住まい，使19:16；οἰκος τοῦ θεοῦ,神の家，エルサレムの神殿，マル2:26，マタ23:38；使2:2は普通の家とも神殿とも解せる；κατ΄οἰκον, 家毎に，各家で，使2:46，5:42；κατ΄ οἰκους,家々で（会堂や公開の場所でなく)，使20:20；ἡ κατ΄οἰκον  (＋属格) ἐκκλησία,(～の)家での教会；信徒の家を集会所として集まった教会．②一家，世帯，家族，（人の）家に属するすべて；οἰκοςἸσραήλ,Ἰακώβ,Δαυείδ ヘブライ的表現，イスラエル民族，ヤコブの，またダビデの子孫である民族．
"" random=""true""]οἶκος[/quiz]",,,
2:動詞と名詞の基本構造,2:動詞と名詞の基本構造クイズ,ος変化名詞,ος変化名詞クイズ,οὐρανός,,Q. οὐρανός,273,天、天国,家、家族,律法、法律,言葉、メッセージ,"(273)①空，大空，地上を蔽う空気の層． ②（文字通りの空や大気圏や地より上方の空間ではなく，霊的な意味での）天，神がお住まいになり，神の支配が完全に行われている世界（もちろん地上にも神の支配は行われているのだが，地上の諸限界や人間自身の理解の限界から，そのようには見えないので，このような限界の全く存在しない場所または状態を指す，マタ6:10）；また我々自身が地上の限界から解放された時に主と共にある場所または状態；換喩的には神ご自身を指す（「天が，天の」＝「神が，神の」）；ヘブル思想においては天の思想は宇宙の構造に関する理解と素朴に結び付き，幾つもの層から形成されると考えられた（この場合，殆ど①と②は分離して考えられなかった），Ⅱコリ12:2． ③ἡ βασιλεία τῶν οὐρανῶν は ἡ βασιλεία τοῦ θεοῦ を換喩的に描写したもの，天（生ける神）による王の支配，βασιλεία の項の①を見よ．マタ19:23,24をマコ10:23,25と比較すると両句の関係が示唆される．","①空，大空，地上を蔽う空気の層． ②（文字通りの空や大気圏や地より上方の空間ではなく，霊的な意味での）天，神がお住まいになり，神の支配が完全に行われている世界（もちろん地上にも神の支配は行われているのだが，地上の諸限界や人間自身の理解の限界から，そのようには見えないので，このような限界の全く存在しない場所または状態を指す，マタ6:10）；また我々自身が地上の限界から解放された時に主と共にある場所または状態；換喩的には神ご自身を指す（「天が，天の」＝「神が，神の」）；ヘブル思想においては天の思想は宇宙の構造に関する理解と素朴に結び付き，幾つもの層から形成されると考えられた（この場合，殆ど①と②は分離して考えられなかった），Ⅱコリ12:2． ③ἡ βασιλεία τῶν οὐρανῶν は ἡ βασιλεία τοῦ θεοῦ を換喩的に描写したもの，天（生ける神）による王の支配，βασιλεία の項の①を見よ．マタ19:23,24をマコ10:23,25と比較すると両句の関係が示唆される．",(273)天、天国,"""true""","[quiz question=""天、天国,家、家族,律法、法律,言葉、メッセージ"" answer=""天、天国"" kaisetsu=""(273)①空，大空，地上を蔽う空気の層． ②（文字通りの空や大気圏や地より上方の空間ではなく，霊的な意味での）天，神がお住まいになり，神の支配が完全に行われている世界（もちろん地上にも神の支配は行われているのだが，地上の諸限界や人間自身の理解の限界から，そのようには見えないので，このような限界の全く存在しない場所または状態を指す，マタ6:10）；また我々自身が地上の限界から解放された時に主と共にある場所または状態；換喩的には神ご自身を指す（「天が，天の」＝「神が，神の」）；ヘブル思想においては天の思想は宇宙の構造に関する理解と素朴に結び付き，幾つもの層から形成されると考えられた（この場合，殆ど①と②は分離して考えられなかった），Ⅱコリ12:2． ③ἡ βασιλεία τῶν οὐρανῶν は ἡ βασιλεία τοῦ θεοῦ を換喩的に描写したもの，天（生ける神）による王の支配，βασιλεία の項の①を見よ．マタ19:23,24をマコ10:23,25と比較すると両句の関係が示唆される．"" random=""true""]οὐρανός[/quiz]",,,
2:動詞と名詞の基本構造,2:動詞と名詞の基本構造クイズ,ος変化名詞,ος変化名詞クイズ,ὄχλος,,Q. ὄχλος,175,群衆,天、天国,家、家族,律法、法律,(175)①（動いている）群集，人だかり，雑踏，（押し寄せ，群がり，込み合っている）多数の人々，大勢． ②(指導者，支配者に対し) 大衆，民衆，(一般の）人々．,①（動いている）群集，人だかり，雑踏，（押し寄せ，群がり，込み合っている）多数の人々，大勢． ②(指導者，支配者に対し) 大衆，民衆，(一般の）人々．,(175)群衆,"""true""","[quiz question=""群衆,天、天国,家、家族,律法、法律"" answer=""群衆"" kaisetsu=""(175)①（動いている）群集，人だかり，雑踏，（押し寄せ，群がり，込み合っている）多数の人々，大勢． ②(指導者，支配者に対し) 大衆，民衆，(一般の）人々．"" random=""true""]ὄχλος[/quiz]",,,
2:動詞と名詞の基本構造,2:動詞と名詞の基本構造クイズ,ος変化名詞,ος変化名詞クイズ,υἱός,,Q. υἱός,377,息子,群衆,天、天国,家、家族,"(377)①息子，子，男の子，男子；「血縁関係の属格」を伴う例では υἱόςはよく省略される―τ¨ον τοῦ Ἰεσσαί エッサイの子を，使13:22；υἱός πρωτότοκος, 長子；υἱός μονογενής, ひとり子（一人しかいない大事な子）( 独自の（類例を持たぬ）子(（他には）同じ意味で子と呼ばれる者は存在しないような（神の）子，ヨハ1:14，同3:16．②子孫，子孫にあたる男子，マタ1:1「アブラハムの子孫，ダビデの子孫」．ただしὁ υἱός Δαυιδはヘブライ人にとってメシアを指す呼称でもあった，マタ22:42,45．Ⅱ)〔比喩的転義〕①～の性質・精神の体現者（息子は父の性質を反映し，父の存在を代表することから）；υἱοϊ Ἀβραάμ, アブラハムの精神と信仰を受け継ぐ者，ガラ3:7τ.πονηροῦ 悪い者（悪魔）の精神・仕業（しわざ）の体現者；οἱ υἱοϊ τοῦ νθμφῶνος 婚礼に招かれている新郎の友人たち，マタ9:15","①息子，子，男の子，男子；「血縁関係の属格」を伴う例では υἱόςはよく省略される―τ¨ον τοῦ Ἰεσσαί エッサイの子を，使13:22；υἱός πρωτότοκος, 長子；υἱός μονογενής, ひとり子（一人しかいない大事な子）( 独自の（類例を持たぬ）子(（他には）同じ意味で子と呼ばれる者は存在しないような（神の）子，ヨハ1:14，同3:16．②子孫，子孫にあたる男子，マタ1:1「アブラハムの子孫，ダビデの子孫」．ただしὁ υἱός Δαυιδはヘブライ人にとってメシアを指す呼称でもあった，マタ22:42,45．Ⅱ)〔比喩的転義〕①～の性質・精神の体現者（息子は父の性質を反映し，父の存在を代表することから）；υἱοϊ Ἀβραάμ, アブラハムの精神と信仰を受け継ぐ者，ガラ3:7τ.πονηροῦ 悪い者（悪魔）の精神・仕業（しわざ）の体現者；οἱ υἱοϊ τοῦ νθμφῶνος 婚礼に招かれている新郎の友人たち，マタ9:15",(377)息子,"""true""","[quiz question=""息子,群衆,天、天国,家、家族"" answer=""息子"" kaisetsu=""(377)①息子，子，男の子，男子；「血縁関係の属格」を伴う例では υἱόςはよく省略される―τ¨ον τοῦ Ἰεσσαί エッサイの子を，使13:22；υἱός πρωτότοκος, 長子；υἱός μονογενής, ひとり子（一人しかいない大事な子）( 独自の（類例を持たぬ）子(（他には）同じ意味で子と呼ばれる者は存在しないような（神の）子，ヨハ1:14，同3:16．②子孫，子孫にあたる男子，マタ1:1「アブラハムの子孫，ダビデの子孫」．ただしὁ υἱός Δαυιδはヘブライ人にとってメシアを指す呼称でもあった，マタ22:42,45．Ⅱ)〔比喩的転義〕①～の性質・精神の体現者（息子は父の性質を反映し，父の存在を代表することから）；υἱοϊ Ἀβραάμ, アブラハムの精神と信仰を受け継ぐ者，ガラ3:7τ.πονηροῦ 悪い者（悪魔）の精神・仕業（しわざ）の体現者；οἱ υἱοϊ τοῦ νθμφῶνος 婚礼に招かれている新郎の友人たち，マタ9:15"" random=""true""]υἱός[/quiz]",,,
2:動詞と名詞の基本構造,2:動詞と名詞の基本構造クイズ,ος変化名詞,ος変化名詞クイズ,Χριστός,,Q. Χριστός,529,キリスト、メシア,息子,群衆,天、天国,"(529)（ヘブライ語「マシーアハ，」アラム語「メシーハー」の意味をギリシャ語に直訳したもの，音訳はΜεσσίας①［形］χριστός, -ἡ,-όν, 油を注がれた（任職の香油の注ぎを受けた）；旧約では王，祭司等について使われὁ Χριστός, 油を注がれた者，メシア，キリスト；待望されたイスラエルの王，神の代理者として神により油注がれ（任命され）た者．新約聖書はナザレのイエスが「神のメシア」 （キリスト）であることを告知する； (ὁ)Ἱησοῦςにこの語を前置または後置して用いることが多い―Ἰησοῦς Χριστός, メシアであるイエス，Χριστός Ἰησοῦς,イエス以外のどの人でもないメシア――語順により意味合いはやや異なるが絶対的ではない；更にこの語は固有名詞な用法に移って行くが，単なる固有名詞でなく，そのかげには常に旧約で示されユダヤ人たちが待望してきたメシアの概念がある．訳語としては常に「キリスト」を使うのが慣例であるが，新共同訳では「メシアの意味のキリストはすべてメシアと訳す方針を立てた」(聖書 新共同約について) と言う．実際にはイエスがメシアであるという断定と，イエスがメシアであるかという問い，その他イエスの本質についての論議に限って新共同訳はこの訳語を使っている，マタ16:16，マコ14;61，使9:22，ヨハ7:41等)","（ヘブライ語「マシーアハ，」アラム語「メシーハー」の意味をギリシャ語に直訳したもの，音訳はΜεσσίας①［形］χριστός, -ἡ,-όν, 油を注がれた（任職の香油の注ぎを受けた）；旧約では王，祭司等について使われὁ Χριστός, 油を注がれた者，メシア，キリスト；待望されたイスラエルの王，神の代理者として神により油注がれ（任命され）た者．新約聖書はナザレのイエスが「神のメシア」 （キリスト）であることを告知する； (ὁ)Ἱησοῦςにこの語を前置または後置して用いることが多い―Ἰησοῦς Χριστός, メシアであるイエス，Χριστός Ἰησοῦς,イエス以外のどの人でもないメシア――語順により意味合いはやや異なるが絶対的ではない；更にこの語は固有名詞な用法に移って行くが，単なる固有名詞でなく，そのかげには常に旧約で示されユダヤ人たちが待望してきたメシアの概念がある．訳語としては常に「キリスト」を使うのが慣例であるが，新共同訳では「メシアの意味のキリストはすべてメシアと訳す方針を立てた」(聖書 新共同約について) と言う．実際にはイエスがメシアであるという断定と，イエスがメシアであるかという問い，その他イエスの本質についての論議に限って新共同訳はこの訳語を使っている，マタ16:16，マコ14;61，使9:22，ヨハ7:41等)",(529)キリスト、メシア,"""true""","[quiz question=""キリスト、メシア,息子,群衆,天、天国"" answer=""キリスト、メシア"" kaisetsu=""(529)（ヘブライ語「マシーアハ，」アラム語「メシーハー」の意味をギリシャ語に直訳したもの，音訳はΜεσσίας①［形］χριστός, -ἡ,-όν, 油を注がれた（任職の香油の注ぎを受けた）；旧約では王，祭司等について使われὁ Χριστός, 油を注がれた者，メシア，キリスト；待望されたイスラエルの王，神の代理者として神により油注がれ（任命され）た者．新約聖書はナザレのイエスが「神のメシア」 （キリスト）であることを告知する； (ὁ)Ἱησοῦςにこの語を前置または後置して用いることが多い―Ἰησοῦς Χριστός, メシアであるイエス，Χριστός Ἰησοῦς,イエス以外のどの人でもないメシア――語順により意味合いはやや異なるが絶対的ではない；更にこの語は固有名詞な用法に移って行くが，単なる固有名詞でなく，そのかげには常に旧約で示されユダヤ人たちが待望してきたメシアの概念がある．訳語としては常に「キリスト」を使うのが慣例であるが，新共同訳では「メシアの意味のキリストはすべてメシアと訳す方針を立てた」(聖書 新共同約について) と言う．実際にはイエスがメシアであるという断定と，イエスがメシアであるかという問い，その他イエスの本質についての論議に限って新共同訳はこの訳語を使っている，マタ16:16，マコ14;61，使9:22，ヨハ7:41等)"" random=""true""]Χριστός[/quiz]",,,
2:動詞と名詞の基本構造,2:動詞と名詞の基本構造クイズ,ος変化名詞,ος変化名詞クイズ,ἄνθρωπος,,Q. ἄνθρωπος,550,人間、人,キリスト、メシア,息子,群衆,"(550)①人一般《男女の別を問わず( 神また動物と対照して使う》( 人間のもつ弱さと不完全さ( そのあらゆる性質を内包する者( 人間) ②不特定の人をさして不定代名詞の代わりに，ανθρωπος = τϊς, ある人( 或る者( 誰かが $some one). ③特定の人をさして「この人」「あの人」等のようにも使う. ④υἱος ἀνθρώπου, 旧約に現れる甚だヘブライ的な表現,「ベン･アダーム」(ヘブライ)，「バル･エナーシュ」(アラム) の訳語として使われた．この場合υἱοςは親の形質を受け継いでいるものを表すから( 「人の子」は「人の性質を持つ者」「すべての人間性を備えた人間」の意味となる（υἱοςの項を参照）) この意味からイエスはご自身をさすメシヤ称号としてὁ υἱος τοῦ ἀνθρώπουを使われた)
類語： ἀνήρ は第一義的には「男」だが、代表的に「人」の意味に広げて使われたのに対し，ἀνθρωποςは本来的に「人」を表す．ἀνήρの語義説明と比較せよ)","①人一般《男女の別を問わず( 神また動物と対照して使う》( 人間のもつ弱さと不完全さ( そのあらゆる性質を内包する者( 人間) ②不特定の人をさして不定代名詞の代わりに，ανθρωπος = τϊς, ある人( 或る者( 誰かが $some one). ③特定の人をさして「この人」「あの人」等のようにも使う. ④υἱος ἀνθρώπου, 旧約に現れる甚だヘブライ的な表現,「ベン･アダーム」(ヘブライ)，「バル･エナーシュ」(アラム) の訳語として使われた．この場合υἱοςは親の形質を受け継いでいるものを表すから( 「人の子」は「人の性質を持つ者」「すべての人間性を備えた人間」の意味となる（υἱοςの項を参照）) この意味からイエスはご自身をさすメシヤ称号としてὁ υἱος τοῦ ἀνθρώπουを使われた)
類語： ἀνήρ は第一義的には「男」だが、代表的に「人」の意味に広げて使われたのに対し，ἀνθρωποςは本来的に「人」を表す．ἀνήρの語義説明と比較せよ)",(550)人間、人,"""true""","[quiz question=""人間、人,キリスト、メシア,息子,群衆"" answer=""人間、人"" kaisetsu=""(550)①人一般《男女の別を問わず( 神また動物と対照して使う》( 人間のもつ弱さと不完全さ( そのあらゆる性質を内包する者( 人間) ②不特定の人をさして不定代名詞の代わりに，ανθρωπος = τϊς, ある人( 或る者( 誰かが $some one). ③特定の人をさして「この人」「あの人」等のようにも使う. ④υἱος ἀνθρώπου, 旧約に現れる甚だヘブライ的な表現,「ベン･アダーム」(ヘブライ)，「バル･エナーシュ」(アラム) の訳語として使われた．この場合υἱοςは親の形質を受け継いでいるものを表すから( 「人の子」は「人の性質を持つ者」「すべての人間性を備えた人間」の意味となる（υἱοςの項を参照）) この意味からイエスはご自身をさすメシヤ称号としてὁ υἱος τοῦ ἀνθρώπουを使われた)
類語： ἀνήρ は第一義的には「男」だが、代表的に「人」の意味に広げて使われたのに対し，ἀνθρωποςは本来的に「人」を表す．ἀνήρの語義説明と比較せよ)"" random=""true""]ἄνθρωπος[/quiz]",,,
2:動詞と名詞の基本構造,2:動詞と名詞の基本構造クイズ,ος変化名詞,ος変化名詞クイズ,λαός,,Q. λαός,142,民、人々、国民,人間、人,キリスト、メシア,息子,"(142) ①（一つの）民，民族，国民．②（特に）イスラエルの民(（転じて新しい神の民としての）キリスト者の群． ②民衆，群集，人々；例ルカ9:13，同20:6．
類語：δῆμος"," ①（一つの）民，民族，国民．②（特に）イスラエルの民(（転じて新しい神の民としての）キリスト者の群． ②民衆，群集，人々；例ルカ9:13，同20:6．
類語：δῆμος",(142)民、人々、国民,"""true""","[quiz question=""民、人々、国民,人間、人,キリスト、メシア,息子"" answer=""民、人々、国民"" kaisetsu=""(142) ①（一つの）民，民族，国民．②（特に）イスラエルの民(（転じて新しい神の民としての）キリスト者の群． ②民衆，群集，人々；例ルカ9:13，同20:6．
類語：δῆμος"" random=""true""]λαός[/quiz]",,,
3:名詞の一般変化,3:名詞の一般変化クイズ,女性名詞η,女性名詞ηクイズ,ἀγάπη,,Q. ἀγάπη,116,愛,子供,しるし、奇跡,家、家族,"(116)愛、ギリシャ語では抽象名詞に冠詞がつくと「〜というもの」となる。したがって、冠詞がつくと「愛というものは」と概念的に理解できる（エレメンツp23脚注)　  ①愛，（相手を）大事にすること　 ②ἀγάπαι（複数形）愛餐( 初期の信徒たちの「愛の交わり」としての会食( ユダ12)
類語　φιλία が自然発生的な人情( 友愛の情であるのに対し ἀγάπη は主体的に積極的に尊重する愛) 特に神が愛する場合に限るわけではなく( 人間が愛する場合にも( またその対象の如何を問わずに用いられる) φιρίαとの相違は「愛する主体の態度」の相違である) 次々項の動詞 ἀγαπῶ の｢類語｣の項を参照せよ)","愛、ギリシャ語では抽象名詞に冠詞がつくと「〜というもの」となる。したがって、冠詞がつくと「愛というものは」と概念的に理解できる（エレメンツp23脚注)　  ①愛，（相手を）大事にすること　 ②ἀγάπαι（複数形）愛餐( 初期の信徒たちの「愛の交わり」としての会食( ユダ12)
類語　φιλία が自然発生的な人情( 友愛の情であるのに対し ἀγάπη は主体的に積極的に尊重する愛) 特に神が愛する場合に限るわけではなく( 人間が愛する場合にも( またその対象の如何を問わずに用いられる) φιρίαとの相違は「愛する主体の態度」の相違である) 次々項の動詞 ἀγαπῶ の｢類語｣の項を参照せよ)",(116)愛,"""true""","[quiz question=""愛,子供,しるし、奇跡,家、家族"" answer=""愛"" kaisetsu=""(116)愛、ギリシャ語では抽象名詞に冠詞がつくと「〜というもの」となる。したがって、冠詞がつくと「愛というものは」と概念的に理解できる（エレメンツp23脚注)　  ①愛，（相手を）大事にすること　 ②ἀγάπαι（複数形）愛餐( 初期の信徒たちの「愛の交わり」としての会食( ユダ12)
類語　φιλία が自然発生的な人情( 友愛の情であるのに対し ἀγάπη は主体的に積極的に尊重する愛) 特に神が愛する場合に限るわけではなく( 人間が愛する場合にも( またその対象の如何を問わずに用いられる) φιρίαとの相違は「愛する主体の態度」の相違である) 次々項の動詞 ἀγαπῶ の｢類語｣の項を参照せよ)"" random=""true""]ἀγάπη[/quiz]",,,
3:名詞の一般変化,3:名詞の一般変化クイズ,女性名詞η,女性名詞ηクイズ,ἀδελφή,,Q. ἀδελφή,26,姉妹,愛,子供,天、天国,(26)姉妹（女性信徒にも使う　ἀδελφός 兄弟の女性形  姉妹  女性の信徒や妻にも,姉妹（女性信徒にも使う　ἀδελφός 兄弟の女性形  姉妹  女性の信徒や妻にも,(26)姉妹,"""true""","[quiz question=""姉妹,愛,子供,天、天国"" answer=""姉妹"" kaisetsu=""(26)姉妹（女性信徒にも使う　ἀδελφός 兄弟の女性形  姉妹  女性の信徒や妻にも"" random=""true""]ἀδελφή[/quiz]",,,
3:名詞の一般変化,3:名詞の一般変化クイズ,女性名詞η,女性名詞ηクイズ,ἀρχή,,Q. ἀρχή,55,始まり、支配（者）,姉妹（女性信徒にも使う,愛,群衆,"(55)①（王や長官の）支配( 統治（権），職分，職務　②［おもに複］支配者たち、統治者たち、 長官たち、役人たち。（天で神の近くにあって超自然的な支配権を委ねられている）支配的諸霊　ロマ8:38　エフェ3:10　③はじめ( 最初，原始，本源　ヨハ8:25の τὴν ἀρχήνは副詞的 ---そもそも( 初めから。αρχὴν λαμβάνειν , 始める( 始まる) ④極限、すみ( 角)","①（王や長官の）支配( 統治（権），職分，職務　②［おもに複］支配者たち、統治者たち、 長官たち、役人たち。（天で神の近くにあって超自然的な支配権を委ねられている）支配的諸霊　ロマ8:38　エフェ3:10　③はじめ( 最初，原始，本源　ヨハ8:25の τὴν ἀρχήνは副詞的 ---そもそも( 初めから。αρχὴν λαμβάνειν , 始める( 始まる) ④極限、すみ( 角)",(55)始まり、支配（者）,"""true""","[quiz question=""始まり、支配（者）,姉妹（女性信徒にも使う,愛,群衆"" answer=""始まり、支配（者）"" kaisetsu=""(55)①（王や長官の）支配( 統治（権），職分，職務　②［おもに複］支配者たち、統治者たち、 長官たち、役人たち。（天で神の近くにあって超自然的な支配権を委ねられている）支配的諸霊　ロマ8:38　エフェ3:10　③はじめ( 最初，原始，本源　ヨハ8:25の τὴν ἀρχήνは副詞的 ---そもそも( 初めから。αρχὴν λαμβάνειν , 始める( 始まる) ④極限、すみ( 角)"" random=""true""]ἀρχή[/quiz]",,,
3:名詞の一般変化,3:名詞の一般変化クイズ,女性名詞η,女性名詞ηクイズ,γῆ,,Q. γῆ,250,土、土地、地面、大地,始まり、支配（者）,姉妹（女性信徒にも使う,愛,(250)①地、 世界　（天に対する）、　②土地、陸、 地面、 地方　 ③土、 耕土,①地、 世界　（天に対する）、　②土地、陸、 地面、 地方　 ③土、 耕土,(250)土、土地、地面、大地,"""true""","[quiz question=""土、土地、地面、大地,始まり、支配（者）,姉妹（女性信徒にも使う,愛"" answer=""土、土地、地面、大地"" kaisetsu=""(250)①地、 世界　（天に対する）、　②土地、陸、 地面、 地方　 ③土、 耕土"" random=""true""]γῆ[/quiz]",,,
3:名詞の一般変化,3:名詞の一般変化クイズ,女性名詞η,女性名詞ηクイズ,ζωή,,Q. ζωή,135,命、生活、営み,土、土地、地面、大地,始まり、支配（者）,姉妹（女性信徒にも使う,"(135)いのち，生命，生命力，生かしている原動力，生きたものにしている根源的エネルギーを言う ①命――肉的・地上的生命を指す。肉体の中にそれを生かす神の息（創2：7）が働いていること．②命――霊的・天的生命，すなわち復活であるキリストを通して生命の源泉である神から受けて維持される命；ἡ αἰώνιος (αἰωψία ) ζωή は時間的に無限大(∞)の延長を持つ命というより，来るべき次のエオン ὁ ἐρχόμενος αἰών に属する命  「次の世に生かし続ける生命力」→  αἰώνιος の項を参照．③βίος jと大体同義に転用されて，生涯，生命のある期間，生きている間 →βίος の項を参照．
類語：βίος","いのち，生命，生命力，生かしている原動力，生きたものにしている根源的エネルギーを言う ①命――肉的・地上的生命を指す。肉体の中にそれを生かす神の息（創2：7）が働いていること．②命――霊的・天的生命，すなわち復活であるキリストを通して生命の源泉である神から受けて維持される命；ἡ αἰώνιος (αἰωψία ) ζωή は時間的に無限大(∞)の延長を持つ命というより，来るべき次のエオン ὁ ἐρχόμενος αἰών に属する命  「次の世に生かし続ける生命力」→  αἰώνιος の項を参照．③βίος jと大体同義に転用されて，生涯，生命のある期間，生きている間 →βίος の項を参照．
類語：βίος",(135)命、生活、営み,"""true""","[quiz question=""命、生活、営み,土、土地、地面、大地,始まり、支配（者）,姉妹（女性信徒にも使う"" answer=""命、生活、営み"" kaisetsu=""(135)いのち，生命，生命力，生かしている原動力，生きたものにしている根源的エネルギーを言う ①命――肉的・地上的生命を指す。肉体の中にそれを生かす神の息（創2：7）が働いていること．②命――霊的・天的生命，すなわち復活であるキリストを通して生命の源泉である神から受けて維持される命；ἡ αἰώνιος (αἰωψία ) ζωή は時間的に無限大(∞)の延長を持つ命というより，来るべき次のエオン ὁ ἐρχόμενος αἰών に属する命  「次の世に生かし続ける生命力」→  αἰώνιος の項を参照．③βίος jと大体同義に転用されて，生涯，生命のある期間，生きている間 →βίος の項を参照．
類語：βίος"" random=""true""]ζωή[/quiz]",,,
3:名詞の一般変化,3:名詞の一般変化クイズ,女性名詞η,女性名詞ηクイズ,φωνή,,Q. φωνή,139,声、音,命、生活、営み,土、土地、地面、大地,始まり、支配（者）,(139)音声、すべて聴覚に感じるものの総称　  ①（人の）声、音声、叫び声、言葉、語調　②（無生物の）音、楽音、ひびき，物音,音声、すべて聴覚に感じるものの総称　  ①（人の）声、音声、叫び声、言葉、語調　②（無生物の）音、楽音、ひびき，物音,(139)声、音,"""true""","[quiz question=""声、音,命、生活、営み,土、土地、地面、大地,始まり、支配（者）"" answer=""声、音"" kaisetsu=""(139)音声、すべて聴覚に感じるものの総称　  ①（人の）声、音声、叫び声、言葉、語調　②（無生物の）音、楽音、ひびき，物音"" random=""true""]φωνή[/quiz]",,,
3:名詞の一般変化,3:名詞の一般変化クイズ,女性名詞η,女性名詞ηクイズ,ψυχή,,Q. ψυχή,103,魂、自己,声、音,命、生活、営み,土、土地、地面、大地,(103)魂、自己、肉的な魂で動物にも使われる、cf. πνευμαは霊的で神のかたち、人にしか用いない,魂、自己、肉的な魂で動物にも使われる、cf. πνευμαは霊的で神のかたち、人にしか用いない,(103)魂、自己,"""true""","[quiz question=""魂、自己,声、音,命、生活、営み,土、土地、地面、大地"" answer=""魂、自己"" kaisetsu=""(103)魂、自己、肉的な魂で動物にも使われる、cf. πνευμαは霊的で神のかたち、人にしか用いない"" random=""true""]ψυχή[/quiz]",,,
3:名詞の一般変化,3:名詞の一般変化クイズ,女性名詞α,女性名詞αクイズ,ἁμαρτία,,Q. ἁμαρτία,173,罪,魂、自己,声、音,命、生活、営み,(173)罪を犯す，古典以来のギリシャ語としての「間違い」や「過ち」の意味にLXXを通してヘブライ的罪観を取り入れ  ①罪、 人が神より離れ神にそむいている霊的状態、罪の基本姿勢、そこから発する行為　 ②［転義］（贖）罪のためのいけにえ、罪祭、ヘブ 9：28 χωρὶς ἁμαρτίαςは「罪のためのいけにえということとは（今度は）関係なく」,罪を犯す，古典以来のギリシャ語としての「間違い」や「過ち」の意味にLXXを通してヘブライ的罪観を取り入れ  ①罪、 人が神より離れ神にそむいている霊的状態、罪の基本姿勢、そこから発する行為　 ②［転義］（贖）罪のためのいけにえ、罪祭、ヘブ 9：28 χωρὶς ἁμαρτίαςは「罪のためのいけにえということとは（今度は）関係なく」,(173)罪,"""true""","[quiz question=""罪,魂、自己,声、音,命、生活、営み"" answer=""罪"" kaisetsu=""(173)罪を犯す，古典以来のギリシャ語としての「間違い」や「過ち」の意味にLXXを通してヘブライ的罪観を取り入れ  ①罪、 人が神より離れ神にそむいている霊的状態、罪の基本姿勢、そこから発する行為　 ②［転義］（贖）罪のためのいけにえ、罪祭、ヘブ 9：28 χωρὶς ἁμαρτίαςは「罪のためのいけにえということとは（今度は）関係なく」"" random=""true""]ἁμαρτία[/quiz]",,,
3:名詞の一般変化,3:名詞の一般変化クイズ,女性名詞α,女性名詞αクイズ,βασιλεία,,Q. βασιλεία,162,王支配、王国、王,罪,魂、自己,声、音,"(162) ①《本来は抽象名詞》王であること、 王位、 王権、 王の統治、 王の支配。ἡ βασιλεία τοῦ θεοῦ 神の王権支配（神が王として統治する出来事）は，名詞概念としてはLXX本文には見られないが,「神が王としてあなたを統治する」βασιλεύσει σου ὁ θεός という預言者の宣言（イザ52:7）の中に動詞概念として存在する。イエスはこれをἡ βασιλεία τοῦ θεοῦ （王なる神の支配）またἡ βασιλεία τῶν οὐρανῶν（王なる天の統治）という名詞句に変えて表現された.「天」とはもちろん「神」を指すヘブライ的表現であり,「天の」は「神の」の言い換えである．後者の訳語としての「天国」は（中国語訳を踏襲）邦訳としては悲劇的にお粗末で誤解を招くものとなった。「天(神)の支配」,「王なる天がなさる統治」が妥当と思われる。ἡ βασιλεία はこのように神の行為である以上､（その統治下に「入る」という表現 εἰσελθεῖν もあるにせよ）幼な子のように「受け入れる」 マル10:15 δέξηται ものである。  ②《王の統治という原義から転用して》（王によって統治される）国，王国，マタ3:12，12:25,26,マル6:23；（集合名詞としての）国、国民、黙1:6。《①と②の意味の区別について,「支配と王国の厳密な区別は困難だが，前者が主要な観念」(岩隈)》なお神の王権支配は歴史が完結する時までは御子キリストの王権支配である；コロ1:13、１コリ15:24"," ①《本来は抽象名詞》王であること、 王位、 王権、 王の統治、 王の支配。ἡ βασιλεία τοῦ θεοῦ 神の王権支配（神が王として統治する出来事）は，名詞概念としてはLXX本文には見られないが,「神が王としてあなたを統治する」βασιλεύσει σου ὁ θεός という預言者の宣言（イザ52:7）の中に動詞概念として存在する。イエスはこれをἡ βασιλεία τοῦ θεοῦ （王なる神の支配）またἡ βασιλεία τῶν οὐρανῶν（王なる天の統治）という名詞句に変えて表現された.「天」とはもちろん「神」を指すヘブライ的表現であり,「天の」は「神の」の言い換えである．後者の訳語としての「天国」は（中国語訳を踏襲）邦訳としては悲劇的にお粗末で誤解を招くものとなった。「天(神)の支配」,「王なる天がなさる統治」が妥当と思われる。ἡ βασιλεία はこのように神の行為である以上､（その統治下に「入る」という表現 εἰσελθεῖν もあるにせよ）幼な子のように「受け入れる」 マル10:15 δέξηται ものである。  ②《王の統治という原義から転用して》（王によって統治される）国，王国，マタ3:12，12:25,26,マル6:23；（集合名詞としての）国、国民、黙1:6。《①と②の意味の区別について,「支配と王国の厳密な区別は困難だが，前者が主要な観念」(岩隈)》なお神の王権支配は歴史が完結する時までは御子キリストの王権支配である；コロ1:13、１コリ15:24",(162)王支配、王国、王,"""true""","[quiz question=""王支配、王国、王,罪,魂、自己,声、音"" answer=""王支配、王国、王"" kaisetsu=""(162) ①《本来は抽象名詞》王であること、 王位、 王権、 王の統治、 王の支配。ἡ βασιλεία τοῦ θεοῦ 神の王権支配（神が王として統治する出来事）は，名詞概念としてはLXX本文には見られないが,「神が王としてあなたを統治する」βασιλεύσει σου ὁ θεός という預言者の宣言（イザ52:7）の中に動詞概念として存在する。イエスはこれをἡ βασιλεία τοῦ θεοῦ （王なる神の支配）またἡ βασιλεία τῶν οὐρανῶν（王なる天の統治）という名詞句に変えて表現された.「天」とはもちろん「神」を指すヘブライ的表現であり,「天の」は「神の」の言い換えである．後者の訳語としての「天国」は（中国語訳を踏襲）邦訳としては悲劇的にお粗末で誤解を招くものとなった。「天(神)の支配」,「王なる天がなさる統治」が妥当と思われる。ἡ βασιλεία はこのように神の行為である以上､（その統治下に「入る」という表現 εἰσελθεῖν もあるにせよ）幼な子のように「受け入れる」 マル10:15 δέξηται ものである。  ②《王の統治という原義から転用して》（王によって統治される）国，王国，マタ3:12，12:25,26,マル6:23；（集合名詞としての）国、国民、黙1:6。《①と②の意味の区別について,「支配と王国の厳密な区別は困難だが，前者が主要な観念」(岩隈)》なお神の王権支配は歴史が完結する時までは御子キリストの王権支配である；コロ1:13、１コリ15:24"" random=""true""]βασιλεία[/quiz]",,,
3:名詞の一般変化,3:名詞の一般変化クイズ,女性名詞α,女性名詞αクイズ,ἐκκλησία,,Q. ἐκκλησία,144,集会、のちに教会,王支配、王国、王,罪,魂、自己,"(144)εκκαλῶ  呼び出す）①集会．会衆：正規に招集された市民の議会を呼んだが，政治以外の目的で集まった会衆をも指した，使19:39。②旧約聖書（LXX）ではイスラエルの人々の集り（カハール）の訳語として使われ，集会―会衆という具体的な集合体の他に，イスラエル人の社会ないしユダヤ教会全体にも適用された。③（キリスト者の）集会，会衆，（キリストが所有者であるキリストの）教会；一箇所に集合した個人の群や地域的なキリスト者の集団，特定の町や地区の信徒の総体、またキリストに贖われてキリストに属するすべての信徒を含む普遍的教会をも指すのは，②のユダヤ的慣例を適用したもの．
類語：συναγωγή ユダヤ人の会堂，会堂での集会（に集まった人々），また会堂を中心とするユダヤ人の社会．","εκκαλῶ  呼び出す）①集会．会衆：正規に招集された市民の議会を呼んだが，政治以外の目的で集まった会衆をも指した，使19:39。②旧約聖書（LXX）ではイスラエルの人々の集り（カハール）の訳語として使われ，集会―会衆という具体的な集合体の他に，イスラエル人の社会ないしユダヤ教会全体にも適用された。③（キリスト者の）集会，会衆，（キリストが所有者であるキリストの）教会；一箇所に集合した個人の群や地域的なキリスト者の集団，特定の町や地区の信徒の総体、またキリストに贖われてキリストに属するすべての信徒を含む普遍的教会をも指すのは，②のユダヤ的慣例を適用したもの．
類語：συναγωγή ユダヤ人の会堂，会堂での集会（に集まった人々），また会堂を中心とするユダヤ人の社会．",(144)集会、のちに教会,"""true""","[quiz question=""集会、のちに教会,王支配、王国、王,罪,魂、自己"" answer=""集会、のちに教会"" kaisetsu=""(144)εκκαλῶ  呼び出す）①集会．会衆：正規に招集された市民の議会を呼んだが，政治以外の目的で集まった会衆をも指した，使19:39。②旧約聖書（LXX）ではイスラエルの人々の集り（カハール）の訳語として使われ，集会―会衆という具体的な集合体の他に，イスラエル人の社会ないしユダヤ教会全体にも適用された。③（キリスト者の）集会，会衆，（キリストが所有者であるキリストの）教会；一箇所に集合した個人の群や地域的なキリスト者の集団，特定の町や地区の信徒の総体、またキリストに贖われてキリストに属するすべての信徒を含む普遍的教会をも指すのは，②のユダヤ的慣例を適用したもの．
類語：συναγωγή ユダヤ人の会堂，会堂での集会（に集まった人々），また会堂を中心とするユダヤ人の社会．"" random=""true""]ἐκκλησία[/quiz]",,,
3:名詞の一般変化,3:名詞の一般変化クイズ,女性名詞α,女性名詞αクイズ,ἡμέρα,,Q. ἡμέρα,389,日,集会、のちに教会,王支配、王国、王,罪,"(389)①昼，昼間，日中，日の出から日没までの時間；［副詞的属格］ἡμέρας（夜でなく）昼間に  νυκτος και ἡμέρας  夜間にも昼間にも；［時間の位格］ἡμέρᾳ  昼間（のある時間）に；［副詞的対格］""μέραν  昼の間中，日中ずっとνθκτα και ἡμεραν 夜も昼もぶっ通しで  ②日，日数計算における一日，24時間 τῃ τριτῃ ἡμερᾳ  第三日に，三日目(二日後)に καθ' ἡμέραν 日々，毎日，日ごとに；πάσας τὰς ἡμέρας 常に，いつも（ずっと）．③時，時期；特にメシアの支配する終りの日について；ἡ ἡμέρα ἐκείνη （かの日) ἡ ἡμέρα τοῦ κυρίου（主の日）等，世の終りの時期と審判の時を言う旧約の表現．","①昼，昼間，日中，日の出から日没までの時間；［副詞的属格］ἡμέρας（夜でなく）昼間に  νυκτος και ἡμέρας  夜間にも昼間にも；［時間の位格］ἡμέρᾳ  昼間（のある時間）に；［副詞的対格］""μέραν  昼の間中，日中ずっとνθκτα και ἡμεραν 夜も昼もぶっ通しで  ②日，日数計算における一日，24時間 τῃ τριτῃ ἡμερᾳ  第三日に，三日目(二日後)に καθ' ἡμέραν 日々，毎日，日ごとに；πάσας τὰς ἡμέρας 常に，いつも（ずっと）．③時，時期；特にメシアの支配する終りの日について；ἡ ἡμέρα ἐκείνη （かの日) ἡ ἡμέρα τοῦ κυρίου（主の日）等，世の終りの時期と審判の時を言う旧約の表現．",(389)日,"""true""","[quiz question=""日,集会、のちに教会,王支配、王国、王,罪"" answer=""日"" kaisetsu=""(389)①昼，昼間，日中，日の出から日没までの時間；［副詞的属格］ἡμέρας（夜でなく）昼間に  νυκτος και ἡμέρας  夜間にも昼間にも；［時間の位格］ἡμέρᾳ  昼間（のある時間）に；［副詞的対格］""μέραν  昼の間中，日中ずっとνθκτα και ἡμεραν 夜も昼もぶっ通しで  ②日，日数計算における一日，24時間 τῃ τριτῃ ἡμερᾳ  第三日に，三日目(二日後)に καθ' ἡμέραν 日々，毎日，日ごとに；πάσας τὰς ἡμέρας 常に，いつも（ずっと）．③時，時期；特にメシアの支配する終りの日について；ἡ ἡμέρα ἐκείνη （かの日) ἡ ἡμέρα τοῦ κυρίου（主の日）等，世の終りの時期と審判の時を言う旧約の表現．"" random=""true""]ἡμέρα[/quiz]",,,
3:名詞の一般変化,3:名詞の一般変化クイズ,女性名詞α,女性名詞αクイズ,καρδία,,Q. καρδία,156,心,日,集会、のちに教会,王支配、王国、王,"(156)①（内臓・器官としての）心臓，生命の所在と考えられた②心，人間の精神活動の主体，肉体の背後（内部）にある人間活動のエネルギーの座，人間から肉体を除いた全部を意味し，広い意味で用いる　（ａ）人格，性格，たましい（ψυχήと大体同義），内的生命，広い意味での「こころ」，Ⅰコリ14:25，Ⅰペテ1:22；（ｂ）感情の主体，情緒の座，感動性，感情（の状態），人間の情の面での「こころ」，英語のheartに当たる，ロマ9:2，マル12:30；（ｃ）思考の主体，思考の座，知性，理性，思い，人間の「知」の面での「こころ」，英語のmindに当たる，ロマ1:21；（ｄ）意志の主体，意志の座，意欲，思考を行動にうつすエネルギーの源泉，人間の「意」の面での「こころ」，英語のwill，ロマ2:5  ③すべての事物の中心または奥深い部分，奥，心（しん），深み，中，中心，マタ12:40．
","①（内臓・器官としての）心臓，生命の所在と考えられた②心，人間の精神活動の主体，肉体の背後（内部）にある人間活動のエネルギーの座，人間から肉体を除いた全部を意味し，広い意味で用いる　（ａ）人格，性格，たましい（ψυχήと大体同義），内的生命，広い意味での「こころ」，Ⅰコリ14:25，Ⅰペテ1:22；（ｂ）感情の主体，情緒の座，感動性，感情（の状態），人間の情の面での「こころ」，英語のheartに当たる，ロマ9:2，マル12:30；（ｃ）思考の主体，思考の座，知性，理性，思い，人間の「知」の面での「こころ」，英語のmindに当たる，ロマ1:21；（ｄ）意志の主体，意志の座，意欲，思考を行動にうつすエネルギーの源泉，人間の「意」の面での「こころ」，英語のwill，ロマ2:5  ③すべての事物の中心または奥深い部分，奥，心（しん），深み，中，中心，マタ12:40．
",(156)心,"""true""","[quiz question=""心,日,集会、のちに教会,王支配、王国、王"" answer=""心"" kaisetsu=""(156)①（内臓・器官としての）心臓，生命の所在と考えられた②心，人間の精神活動の主体，肉体の背後（内部）にある人間活動のエネルギーの座，人間から肉体を除いた全部を意味し，広い意味で用いる　（ａ）人格，性格，たましい（ψυχήと大体同義），内的生命，広い意味での「こころ」，Ⅰコリ14:25，Ⅰペテ1:22；（ｂ）感情の主体，情緒の座，感動性，感情（の状態），人間の情の面での「こころ」，英語のheartに当たる，ロマ9:2，マル12:30；（ｃ）思考の主体，思考の座，知性，理性，思い，人間の「知」の面での「こころ」，英語のmindに当たる，ロマ1:21；（ｄ）意志の主体，意志の座，意欲，思考を行動にうつすエネルギーの源泉，人間の「意」の面での「こころ」，英語のwill，ロマ2:5  ③すべての事物の中心または奥深い部分，奥，心（しん），深み，中，中心，マタ12:40．
"" random=""true""]καρδία[/quiz]",,,
3:名詞の一般変化,3:名詞の一般変化クイズ,女性名詞α,女性名詞αクイズ,Μαρία,,Q. Μαρία,27,マリア,心,日,集会、のちに教会,(27)マリア、あるいは不変化形のΜαριάμ音訳語 ヘブライ語  マリア（ミリアムをギリシャ語化して第１変化名詞にしたもの），マリアム， ①イエスの母マリア．②マグダラのマリア；常に「マグダラの」と付記しているが，ヨハ20:11，16は前段からの繋がりで明白と見て付記しない　③ベタニアのマルタとラザロの姉妹マリア，ルカ10:39，ヨハ12:3  ④ヤコブとヨセフ（ヨセ）の母マリア，マタ27:56；「クロパの妻マリア」－ヨハ19:25、また「ほかのマリア」－マタ27:61，同28:1も同一人かと思われる．⑤ヨハネ･マルコの母マリア，使12:12．⑥ローマのキリスト者の一人，ロマ16:6．,マリア、あるいは不変化形のΜαριάμ音訳語 ヘブライ語  マリア（ミリアムをギリシャ語化して第１変化名詞にしたもの），マリアム， ①イエスの母マリア．②マグダラのマリア；常に「マグダラの」と付記しているが，ヨハ20:11，16は前段からの繋がりで明白と見て付記しない　③ベタニアのマルタとラザロの姉妹マリア，ルカ10:39，ヨハ12:3  ④ヤコブとヨセフ（ヨセ）の母マリア，マタ27:56；「クロパの妻マリア」－ヨハ19:25、また「ほかのマリア」－マタ27:61，同28:1も同一人かと思われる．⑤ヨハネ･マルコの母マリア，使12:12．⑥ローマのキリスト者の一人，ロマ16:6．,(27)マリア,"""true""","[quiz question=""マリア,心,日,集会、のちに教会"" answer=""マリア"" kaisetsu=""(27)マリア、あるいは不変化形のΜαριάμ音訳語 ヘブライ語  マリア（ミリアムをギリシャ語化して第１変化名詞にしたもの），マリアム， ①イエスの母マリア．②マグダラのマリア；常に「マグダラの」と付記しているが，ヨハ20:11，16は前段からの繋がりで明白と見て付記しない　③ベタニアのマルタとラザロの姉妹マリア，ルカ10:39，ヨハ12:3  ④ヤコブとヨセフ（ヨセ）の母マリア，マタ27:56；「クロパの妻マリア」－ヨハ19:25、また「ほかのマリア」－マタ27:61，同28:1も同一人かと思われる．⑤ヨハネ･マルコの母マリア，使12:12．⑥ローマのキリスト者の一人，ロマ16:6．"" random=""true""]Μαρία[/quiz]",,,
3:名詞の一般変化,3:名詞の一般変化クイズ,女性名詞α,女性名詞αクイズ,οἰκία,,Q. οἰκία,93,家、家庭、家族  ,マリア,心,日,"(93)οίκιαとοίκοςは異形同義語　①家，家屋，すまい，マタ2:11　②家，家全部，一家，世帯，家族，ヨハ4:53  ③［比喩的］(a)住みか；魂 ψυχή の一時的な住まいとしての肉体 σῶμα をさして，Ⅱコリ5:1  (b)永遠の住まいとしての天をさして，ヨハ14:2．(c)財産，マコ12:40．
類語：οἰκος アッチカの法律では人の全財産をさしたのに対して οἰκία は住居（家屋）をさす語であった．詩の中では οἰκοςも家屋の意味を持つが，散文では原則としてその意味では用いられなかった．しかし新約中では（区別されている場合もあるが）大体において同義に用いられていると見てよい．","οίκιαとοίκοςは異形同義語　①家，家屋，すまい，マタ2:11　②家，家全部，一家，世帯，家族，ヨハ4:53  ③［比喩的］(a)住みか；魂 ψυχή の一時的な住まいとしての肉体 σῶμα をさして，Ⅱコリ5:1  (b)永遠の住まいとしての天をさして，ヨハ14:2．(c)財産，マコ12:40．
類語：οἰκος アッチカの法律では人の全財産をさしたのに対して οἰκία は住居（家屋）をさす語であった．詩の中では οἰκοςも家屋の意味を持つが，散文では原則としてその意味では用いられなかった．しかし新約中では（区別されている場合もあるが）大体において同義に用いられていると見てよい．",(93)家、家庭、家族  ,"""true""","[quiz question=""家、家庭、家族  ,マリア,心,日"" answer=""家、家庭、家族  "" kaisetsu=""(93)οίκιαとοίκοςは異形同義語　①家，家屋，すまい，マタ2:11　②家，家全部，一家，世帯，家族，ヨハ4:53  ③［比喩的］(a)住みか；魂 ψυχή の一時的な住まいとしての肉体 σῶμα をさして，Ⅱコリ5:1  (b)永遠の住まいとしての天をさして，ヨハ14:2．(c)財産，マコ12:40．
類語：οἰκος アッチカの法律では人の全財産をさしたのに対して οἰκία は住居（家屋）をさす語であった．詩の中では οἰκοςも家屋の意味を持つが，散文では原則としてその意味では用いられなかった．しかし新約中では（区別されている場合もあるが）大体において同義に用いられていると見てよい．"" random=""true""]οἰκία[/quiz]",,,
3:名詞の一般変化,3:名詞の一般変化クイズ,女性名詞α,女性名詞αクイズ,ὥρα,,Q. ὥρα,106,時間、機会,家、家庭、家族,マリア,心,"(106)時間、機会、厳密には日出から日没までの時間（ἡμέρα）の十二分の一，季節によって長短がある．また夜の時間についても，その十二分の一をὡραと言った．昔の時間計算での最小単位；(転じて）時間，時刻，時；ὡρα πολλή おそい時刻，マル6:35；πρὸς ὡραν しばらくの間，ごく短い間も；πρὸς καιρὸν ὥρας しばらくの間．
類語：καιρός，χρόνος","時間、機会、厳密には日出から日没までの時間（ἡμέρα）の十二分の一，季節によって長短がある．また夜の時間についても，その十二分の一をὡραと言った．昔の時間計算での最小単位；(転じて）時間，時刻，時；ὡρα πολλή おそい時刻，マル6:35；πρὸς ὡραν しばらくの間，ごく短い間も；πρὸς καιρὸν ὥρας しばらくの間．
類語：καιρός，χρόνος",(106)時間、機会,"""true""","[quiz question=""時間、機会,家、家庭、家族,マリア,心"" answer=""時間、機会"" kaisetsu=""(106)時間、機会、厳密には日出から日没までの時間（ἡμέρα）の十二分の一，季節によって長短がある．また夜の時間についても，その十二分の一をὡραと言った．昔の時間計算での最小単位；(転じて）時間，時刻，時；ὡρα πολλή おそい時刻，マル6:35；πρὸς ὡραν しばらくの間，ごく短い間も；πρὸς καιρὸν ὥρας しばらくの間．
類語：καιρός，χρόνος"" random=""true""]ὥρα[/quiz]",,,
3:名詞の一般変化,3:名詞の一般変化クイズ,女性名詞ηα,女性名詞ηαクイズ,δόξα,,Q. δόξα,166,栄光、威光,時間、機会,家、家庭、家族,マリア,(166) ①意見，評価，評判；（この意味では新約中では常に）よい評判，評価，ほまれ，賞賛，栄誉，ヨハ12：43，ルカ14：10．②栄光，尊厳，完全さの輝き（聖書ヘブライ語「カヴォード」の訳語として）；特に δόξα τῳ θεῳ「神の栄光」は神のほむべさ偉大さ，その聖･義･愛･贖罪の業などの卓越を表現する，ヨハ1：14；δόξα τῳ θεῳ「神に栄光！」は頒栄の言葉，フィリ4:20；δὸς δόξαω τῳ θεῳ「神に栄光を帰せよ(ヨハ9:24)」は「包みかくさず真実を言え―嘘をついて神をないがしろにしてはならぬ」．③（視覚的な）光輝，輝き，壮麗，ルカ2：9；この意味では至聖所の輝きを表わしたヘブライ語「シェヒナー」(旧約本文には出ない)の訳語としても使われた, ①意見，評価，評判；（この意味では新約中では常に）よい評判，評価，ほまれ，賞賛，栄誉，ヨハ12：43，ルカ14：10．②栄光，尊厳，完全さの輝き（聖書ヘブライ語「カヴォード」の訳語として）；特に δόξα τῳ θεῳ「神の栄光」は神のほむべさ偉大さ，その聖･義･愛･贖罪の業などの卓越を表現する，ヨハ1：14；δόξα τῳ θεῳ「神に栄光！」は頒栄の言葉，フィリ4:20；δὸς δόξαω τῳ θεῳ「神に栄光を帰せよ(ヨハ9:24)」は「包みかくさず真実を言え―嘘をついて神をないがしろにしてはならぬ」．③（視覚的な）光輝，輝き，壮麗，ルカ2：9；この意味では至聖所の輝きを表わしたヘブライ語「シェヒナー」(旧約本文には出ない)の訳語としても使われた,(166)栄光、威光,"""true""","[quiz question=""栄光、威光,時間、機会,家、家庭、家族,マリア"" answer=""栄光、威光"" kaisetsu=""(166) ①意見，評価，評判；（この意味では新約中では常に）よい評判，評価，ほまれ，賞賛，栄誉，ヨハ12：43，ルカ14：10．②栄光，尊厳，完全さの輝き（聖書ヘブライ語「カヴォード」の訳語として）；特に δόξα τῳ θεῳ「神の栄光」は神のほむべさ偉大さ，その聖･義･愛･贖罪の業などの卓越を表現する，ヨハ1：14；δόξα τῳ θεῳ「神に栄光！」は頒栄の言葉，フィリ4:20；δὸς δόξαω τῳ θεῳ「神に栄光を帰せよ(ヨハ9:24)」は「包みかくさず真実を言え―嘘をついて神をないがしろにしてはならぬ」．③（視覚的な）光輝，輝き，壮麗，ルカ2：9；この意味では至聖所の輝きを表わしたヘブライ語「シェヒナー」(旧約本文には出ない)の訳語としても使われた"" random=""true""]δόξα[/quiz]",,,
3:名詞の一般変化,3:名詞の一般変化クイズ,女性名詞α,女性名詞αクイズ,θάλασσα,,Q. θάλασσα,91,海、湖,栄光、威光,時間、機会,家、家庭、家族 ,"(91)①海；陸 γῆ に対して；地名の例 Έρυθρὰ θάλασσα  紅海； τὸ πέλαγος τῆς θαλάσσης 同義語反復による強調で，大海原，海の深み，マタ18:6  ②湖（＝λίμνη）；地名の例 ἡ θάλασσα τῆς Γαριλαίας（Τιωεριάδος)，ガリラヤ湖（ティベリアス湖）．
類語：πέλαγος 水面の広い広がりを言う；θάλασσα，陸に対する海．","①海；陸 γῆ に対して；地名の例 Έρυθρὰ θάλασσα  紅海； τὸ πέλαγος τῆς θαλάσσης 同義語反復による強調で，大海原，海の深み，マタ18:6  ②湖（＝λίμνη）；地名の例 ἡ θάλασσα τῆς Γαριλαίας（Τιωεριάδος)，ガリラヤ湖（ティベリアス湖）．
類語：πέλαγος 水面の広い広がりを言う；θάλασσα，陸に対する海．",(91)海、湖,"""true""","[quiz question=""海、湖,栄光、威光,時間、機会,家、家庭、家族 "" answer=""海、湖"" kaisetsu=""(91)①海；陸 γῆ に対して；地名の例 Έρυθρὰ θάλασσα  紅海； τὸ πέλαγος τῆς θαλάσσης 同義語反復による強調で，大海原，海の深み，マタ18:6  ②湖（＝λίμνη）；地名の例 ἡ θάλασσα τῆς Γαριλαίας（Τιωεριάδος)，ガリラヤ湖（ティベリアス湖）．
類語：πέλαγος 水面の広い広がりを言う；θάλασσα，陸に対する海．"" random=""true""]θάλασσα[/quiz]",,,
3:名詞の一般変化,3:名詞の一般変化クイズ,中性名詞,中性名詞クイズ,βιβλίον,,Q. βιβλίον,34,本、巻き物,海、湖,栄光、威光,時間、機会,"(34)巻物  文書   書物；βιβλίον ζωῆς  生命の書；βιβλίον ἀποστασίον 離縁状；《書物の意味では βίβλος に代って広く使われた．現代ギリシャ語でも書物は  βιβλίον , βιβλία  巻物でなくなっても》","巻物  文書   書物；βιβλίον ζωῆς  生命の書；βιβλίον ἀποστασίον 離縁状；《書物の意味では βίβλος に代って広く使われた．現代ギリシャ語でも書物は  βιβλίον , βιβλία  巻物でなくなっても》",(34)本、巻き物,"""true""","[quiz question=""本、巻き物,海、湖,栄光、威光,時間、機会"" answer=""本、巻き物"" kaisetsu=""(34)巻物  文書   書物；βιβλίον ζωῆς  生命の書；βιβλίον ἀποστασίον 離縁状；《書物の意味では βίβλος に代って広く使われた．現代ギリシャ語でも書物は  βιβλίον , βιβλία  巻物でなくなっても》"" random=""true""]βιβλίον[/quiz]",,,
3:名詞の一般変化,3:名詞の一般変化クイズ,中性名詞,中性名詞クイズ,δαιμόνιον,,Q. δαιμόνιον,63,悪魔,本、巻き物,海、湖,栄光、威光,"(63) ①ギリシャ哲学用語としての「神」( 神的存在( デモン＝δαίμων , 使17:18) ②悪霊；［新約で特に］悪魔の指揮下に悪魔の意志を行なって人を支配しようとする諸霊，マコ3:22；《「悪鬼」という訳語はデモニオンが死霊の意味をも持つため.「鬼」は本来「死者の霊」の意．δαίμων の項，πνεῦμα の項の ④(d)を見よ》"," ①ギリシャ哲学用語としての「神」( 神的存在( デモン＝δαίμων , 使17:18) ②悪霊；［新約で特に］悪魔の指揮下に悪魔の意志を行なって人を支配しようとする諸霊，マコ3:22；《「悪鬼」という訳語はデモニオンが死霊の意味をも持つため.「鬼」は本来「死者の霊」の意．δαίμων の項，πνεῦμα の項の ④(d)を見よ》",(63)悪魔,"""true""","[quiz question=""悪魔,本、巻き物,海、湖,栄光、威光"" answer=""悪魔"" kaisetsu=""(63) ①ギリシャ哲学用語としての「神」( 神的存在( デモン＝δαίμων , 使17:18) ②悪霊；［新約で特に］悪魔の指揮下に悪魔の意志を行なって人を支配しようとする諸霊，マコ3:22；《「悪鬼」という訳語はデモニオンが死霊の意味をも持つため.「鬼」は本来「死者の霊」の意．δαίμων の項，πνεῦμα の項の ④(d)を見よ》"" random=""true""]δαιμόνιον[/quiz]",,,
3:名詞の一般変化,3:名詞の一般変化クイズ,中性名詞,中性名詞クイズ,ἔργον,,Q. ἔργον,169,仕事,悪魔,本、巻き物,海、湖,"(169)①仕事，働き，労働；（義務として課せられた）仕事，課業，職務，労役；農業用語としても使われた．②行為，行い，実行，しわざ，わざ，業績；ガラ3:2,5,  ἔργων νόμου  律法の行為(律法の規定を実行した実績)に基づいて―この文脈では ἐξ ἀκοῆς πίστεως（信仰の福音を聞いて服したことに基づいて）と対照されている．参考：「律法励行の道」(「信仰聴聞の道」(飯島正久)．③仕事によって生み出された結果，作， 作品，製作物；ロマ14:20．④事柄，こと；使5:38(岩隈).
類語：ἐρφασία","①仕事，働き，労働；（義務として課せられた）仕事，課業，職務，労役；農業用語としても使われた．②行為，行い，実行，しわざ，わざ，業績；ガラ3:2,5,  ἔργων νόμου  律法の行為(律法の規定を実行した実績)に基づいて―この文脈では ἐξ ἀκοῆς πίστεως（信仰の福音を聞いて服したことに基づいて）と対照されている．参考：「律法励行の道」(「信仰聴聞の道」(飯島正久)．③仕事によって生み出された結果，作， 作品，製作物；ロマ14:20．④事柄，こと；使5:38(岩隈).
類語：ἐρφασία",(169)仕事,"""true""","[quiz question=""仕事,悪魔,本、巻き物,海、湖"" answer=""仕事"" kaisetsu=""(169)①仕事，働き，労働；（義務として課せられた）仕事，課業，職務，労役；農業用語としても使われた．②行為，行い，実行，しわざ，わざ，業績；ガラ3:2,5,  ἔργων νόμου  律法の行為(律法の規定を実行した実績)に基づいて―この文脈では ἐξ ἀκοῆς πίστεως（信仰の福音を聞いて服したことに基づいて）と対照されている．参考：「律法励行の道」(「信仰聴聞の道」(飯島正久)．③仕事によって生み出された結果，作， 作品，製作物；ロマ14:20．④事柄，こと；使5:38(岩隈).
類語：ἐρφασία"" random=""true""]ἔργον[/quiz]",,,
3:名詞の一般変化,3:名詞の一般変化クイズ,中性名詞,中性名詞クイズ,εὐαγγέλιον,,Q. εὐαγγέλιον,76,福音、朗報,仕事,悪魔,本、巻き物,(76)εὔαγγελος 喜びを伝える＜εὐ+ἀγγέλλω＜ἀγγέλλω）  嬉しい知らせ，良いおとずれ，福音，吉報；特にメシヤがやがて来るという福音，メシヤによる罪の赦しが来るという福音，メシヤによる罪の赦しがすでに成就されて信じる人にはだれにでも与えられるという福音；「キリストの福音」はキリストがその福音の内容であることを，「神の福音」は神が福音なさる福音を表わす；語源の初めに掲げた εὔαγγελος や前項動詞の分詞 εὐαγγελιζόμενος はイザヤ52:7等の「メヴァッセール」(福音者)につながる ,εὔαγγελος 喜びを伝える＜εὐ+ἀγγέλλω＜ἀγγέλλω）  嬉しい知らせ，良いおとずれ，福音，吉報；特にメシヤがやがて来るという福音，メシヤによる罪の赦しが来るという福音，メシヤによる罪の赦しがすでに成就されて信じる人にはだれにでも与えられるという福音；「キリストの福音」はキリストがその福音の内容であることを，「神の福音」は神が福音なさる福音を表わす；語源の初めに掲げた εὔαγγελος や前項動詞の分詞 εὐαγγελιζόμενος はイザヤ52:7等の「メヴァッセール」(福音者)につながる ,(76)福音、朗報,"""true""","[quiz question=""福音、朗報,仕事,悪魔,本、巻き物"" answer=""福音、朗報"" kaisetsu=""(76)εὔαγγελος 喜びを伝える＜εὐ+ἀγγέλλω＜ἀγγέλλω）  嬉しい知らせ，良いおとずれ，福音，吉報；特にメシヤがやがて来るという福音，メシヤによる罪の赦しが来るという福音，メシヤによる罪の赦しがすでに成就されて信じる人にはだれにでも与えられるという福音；「キリストの福音」はキリストがその福音の内容であることを，「神の福音」は神が福音なさる福音を表わす；語源の初めに掲げた εὔαγγελος や前項動詞の分詞 εὐαγγελιζόμενος はイザヤ52:7等の「メヴァッセール」(福音者)につながる "" random=""true""]εὐαγγέλιον[/quiz]",,,
3:名詞の一般変化,3:名詞の一般変化クイズ,中性名詞,中性名詞クイズ,ἱερόν,,Q. ἱερόν,71,神殿、寺院、聖地,福音、朗報,仕事,悪魔,(71)神殿、寺院、聖地,神殿、寺院、聖地,(71)神殿、寺院、聖地,"""true""","[quiz question=""神殿、寺院、聖地,福音、朗報,仕事,悪魔"" answer=""神殿、寺院、聖地"" kaisetsu=""(71)神殿、寺院、聖地"" random=""true""]ἱερόν[/quiz]",,,
3:名詞の一般変化,3:名詞の一般変化クイズ,中性名詞,中性名詞クイズ,πλοῖον,,Q. πλοῖον,68,舟、小舟,神殿、寺院、聖地,福音、朗報,仕事,(68)  舟，ボート，船；古語 ναῦςが殆ど廃語となっていたため，大きな船舶を表わすのにもπλοῖον を使い，パウロの乗ったπροῖον (使27:37) には276人が乗っていた．,  舟，ボート，船；古語 ναῦςが殆ど廃語となっていたため，大きな船舶を表わすのにもπλοῖον を使い，パウロの乗ったπροῖον (使27:37) には276人が乗っていた．,(68)舟、小舟,"""true""","[quiz question=""舟、小舟,神殿、寺院、聖地,福音、朗報,仕事"" answer=""舟、小舟"" kaisetsu=""(68)  舟，ボート，船；古語 ναῦςが殆ど廃語となっていたため，大きな船舶を表わすのにもπλοῖον を使い，パウロの乗ったπροῖον (使27:37) には276人が乗っていた．"" random=""true""]πλοῖον[/quiz]",,,
3:名詞の一般変化,3:名詞の一般変化クイズ,中性名詞,中性名詞クイズ,πρόσωπον,,Q. πρόσωπον,76,顔,舟、小舟,神殿、寺院、聖地,福音、朗報,"(76)①人間の顔面，顔，面（つら）；pro. prosw,pou sou/（ヘブライ的表現）＝pro. sou/( あなたの顔の前に＝あなたの前に，マタ11:10；pro,swpon pro.j pro,swpon( 顔と顔を合わせて，面と向かって，Ⅰコリ13:12．②神の顔，御顔（みかお）；擬人的表現；神の臨在，神のおられる所（前)，面前)  ③容貌，外観，姿，様，表面，うわべ，様子；ルカ21:35，マタ16:3. ④ble,pein eivj pro,swpon( qauma,zein pro,swpon( lamba,nein pro,swpon等は，いずれも「分け隔てする，差別扱いする」という意味のヘブライ的表現  ⑤pro. prosw,pou 属格((（位置的・時間的―①の「面前」の意味以外に）～の前に；使13:24，pro. prosw,pou th/j eivso,dou auvtou/( 彼が（入って）来る前に．⑥（形を持った）本人，人，Ⅱコリ1:11．","①人間の顔面，顔，面（つら）；pro. prosw,pou sou/（ヘブライ的表現）＝pro. sou/( あなたの顔の前に＝あなたの前に，マタ11:10；pro,swpon pro.j pro,swpon( 顔と顔を合わせて，面と向かって，Ⅰコリ13:12．②神の顔，御顔（みかお）；擬人的表現；神の臨在，神のおられる所（前)，面前)  ③容貌，外観，姿，様，表面，うわべ，様子；ルカ21:35，マタ16:3. ④ble,pein eivj pro,swpon( qauma,zein pro,swpon( lamba,nein pro,swpon等は，いずれも「分け隔てする，差別扱いする」という意味のヘブライ的表現  ⑤pro. prosw,pou 属格((（位置的・時間的―①の「面前」の意味以外に）～の前に；使13:24，pro. prosw,pou th/j eivso,dou auvtou/( 彼が（入って）来る前に．⑥（形を持った）本人，人，Ⅱコリ1:11．",(76)顔,"""true""","[quiz question=""顔,舟、小舟,神殿、寺院、聖地,福音、朗報"" answer=""顔"" kaisetsu=""(76)①人間の顔面，顔，面（つら）；pro. prosw,pou sou/（ヘブライ的表現）＝pro. sou/( あなたの顔の前に＝あなたの前に，マタ11:10；pro,swpon pro.j pro,swpon( 顔と顔を合わせて，面と向かって，Ⅰコリ13:12．②神の顔，御顔（みかお）；擬人的表現；神の臨在，神のおられる所（前)，面前)  ③容貌，外観，姿，様，表面，うわべ，様子；ルカ21:35，マタ16:3. ④ble,pein eivj pro,swpon( qauma,zein pro,swpon( lamba,nein pro,swpon等は，いずれも「分け隔てする，差別扱いする」という意味のヘブライ的表現  ⑤pro. prosw,pou 属格((（位置的・時間的―①の「面前」の意味以外に）～の前に；使13:24，pro. prosw,pou th/j eivso,dou auvtou/( 彼が（入って）来る前に．⑥（形を持った）本人，人，Ⅱコリ1:11．"" random=""true""]πρόσωπον[/quiz]",,,
3:名詞の一般変化,3:名詞の一般変化クイズ,中性名詞,中性名詞クイズ,σάββατον,,Q. σάββατον,68,安息日,顔,舟、小舟,神殿、寺院、聖地,"(68)安息日、（ヘブライ語シャバトのアラム語形シャバタ がまずσάββαταと音訳され，この語形を古代ギリシャの祭礼の名の多くと同じに中性複数形と見て，逆算的にσάββατονという単数形を作った．元の複数形も単数の意味で使うことができた，σάββατα,-ων,τά 位格は τοῖς σάββασιν,マタ12:1,12）  ①安息日，週の第七日，今の土曜日；正確には金曜日の日没時刻から土曜日の日没時刻までの24時間；ὁδός σαββάτου, 安息日に許されている距離；労働も旅行も禁止された安息日に，町村の境から外に向かって出て行くことの可能な距離(ὁδόςの項②)――律法に距離の規定は無いが，伝承は出16:29，民35:5，ヨシ3:4を結び付けて解釈し2,000アンマ（約900メートル）とした．特別規定にわる拡大解釈では延長（例4,000アンマ，約1,800メートル）もされた． ②週間（一週間)，週 ―― 安息日σάββατονが一回りする周期，；τρώτηまたはμία(τῶν)σαββάτων あるいは (του)σαββάτου 週の第一日，日曜日；「安息日に続く第一日」とも訳せる．","安息日、（ヘブライ語シャバトのアラム語形シャバタ がまずσάββαταと音訳され，この語形を古代ギリシャの祭礼の名の多くと同じに中性複数形と見て，逆算的にσάββατονという単数形を作った．元の複数形も単数の意味で使うことができた，σάββατα,-ων,τά 位格は τοῖς σάββασιν,マタ12:1,12）  ①安息日，週の第七日，今の土曜日；正確には金曜日の日没時刻から土曜日の日没時刻までの24時間；ὁδός σαββάτου, 安息日に許されている距離；労働も旅行も禁止された安息日に，町村の境から外に向かって出て行くことの可能な距離(ὁδόςの項②)――律法に距離の規定は無いが，伝承は出16:29，民35:5，ヨシ3:4を結び付けて解釈し2,000アンマ（約900メートル）とした．特別規定にわる拡大解釈では延長（例4,000アンマ，約1,800メートル）もされた． ②週間（一週間)，週 ―― 安息日σάββατονが一回りする周期，；τρώτηまたはμία(τῶν)σαββάτων あるいは (του)σαββάτου 週の第一日，日曜日；「安息日に続く第一日」とも訳せる．",(68)安息日,"""true""","[quiz question=""安息日,顔,舟、小舟,神殿、寺院、聖地"" answer=""安息日"" kaisetsu=""(68)安息日、（ヘブライ語シャバトのアラム語形シャバタ がまずσάββαταと音訳され，この語形を古代ギリシャの祭礼の名の多くと同じに中性複数形と見て，逆算的にσάββατονという単数形を作った．元の複数形も単数の意味で使うことができた，σάββατα,-ων,τά 位格は τοῖς σάββασιν,マタ12:1,12）  ①安息日，週の第七日，今の土曜日；正確には金曜日の日没時刻から土曜日の日没時刻までの24時間；ὁδός σαββάτου, 安息日に許されている距離；労働も旅行も禁止された安息日に，町村の境から外に向かって出て行くことの可能な距離(ὁδόςの項②)――律法に距離の規定は無いが，伝承は出16:29，民35:5，ヨシ3:4を結び付けて解釈し2,000アンマ（約900メートル）とした．特別規定にわる拡大解釈では延長（例4,000アンマ，約1,800メートル）もされた． ②週間（一週間)，週 ―― 安息日σάββατονが一回りする周期，；τρώτηまたはμία(τῶν)σαββάτων あるいは (του)σαββάτου 週の第一日，日曜日；「安息日に続く第一日」とも訳せる．"" random=""true""]σάββατον[/quiz]",,,
3:名詞の一般変化,3:名詞の一般変化クイズ,中性名詞,中性名詞クイズ,σημεῖον,,Q. σημεῖον,77,しるし、奇跡,安息日,顔,舟、小舟,(77) ①しるし，目印，マーク，合図；そのもの（人）を他のもの（人）から区別する独特のしるし，ルカ2:12，Ⅱテサ3:17；証印，ロマ4:11．②兆（きざし)，象徴，証拠，表示，マタ16:3，Ⅰコリ14:22．③奇跡，しるし（神が目の前で生きて働いておられることに気づかせるショッキングな行為やできごと)，マタ12:38；奇跡の意味ではσημεῖα καὶ τέρατα また σημεῖα καὶ δυνάμεις という組み合せでも現われる，使4:30，同8:13．, ①しるし，目印，マーク，合図；そのもの（人）を他のもの（人）から区別する独特のしるし，ルカ2:12，Ⅱテサ3:17；証印，ロマ4:11．②兆（きざし)，象徴，証拠，表示，マタ16:3，Ⅰコリ14:22．③奇跡，しるし（神が目の前で生きて働いておられることに気づかせるショッキングな行為やできごと)，マタ12:38；奇跡の意味ではσημεῖα καὶ τέρατα また σημεῖα καὶ δυνάμεις という組み合せでも現われる，使4:30，同8:13．,(77)しるし、奇跡,"""true""","[quiz question=""しるし、奇跡,安息日,顔,舟、小舟"" answer=""しるし、奇跡"" kaisetsu=""(77) ①しるし，目印，マーク，合図；そのもの（人）を他のもの（人）から区別する独特のしるし，ルカ2:12，Ⅱテサ3:17；証印，ロマ4:11．②兆（きざし)，象徴，証拠，表示，マタ16:3，Ⅰコリ14:22．③奇跡，しるし（神が目の前で生きて働いておられることに気づかせるショッキングな行為やできごと)，マタ12:38；奇跡の意味ではσημεῖα καὶ τέρατα また σημεῖα καὶ δυνάμεις という組み合せでも現われる，使4:30，同8:13．"" random=""true""]σημεῖον[/quiz]",,,
3:名詞の一般変化,3:名詞の一般変化クイズ,中性名詞,中性名詞クイズ,τέκνον,,Q. τέκνον,99,子供,しるし、奇跡,安息日,顔,"(99)①（親に対する）子，子供；（先祖に対する）子孫；［呼格］年長者から年少者や弟子へのやさしさのこもった呼びかけ,「子よ！」．②［属格と］～の子（ヘブライ的表現；υἱός の項Ⅰの①をも参照せよ）；（性質や精神を）受け継ぐ者，具体的なかたちに表わす者；例，ルカ7:35，σοφίας  知恵に基づいて生活し，知恵を生活に表わす者；エフェ5:8，φωτός光の子；Ⅰペテ1:14，ὑπακοῆς，従順の子；ヨハ1:12，τέκνα θεοῦ 神の子，神から命を受けて生んで頂いただけでなく神の性質を合わせ持ち，神の性質に似る者たち．","①（親に対する）子，子供；（先祖に対する）子孫；［呼格］年長者から年少者や弟子へのやさしさのこもった呼びかけ,「子よ！」．②［属格と］～の子（ヘブライ的表現；υἱός の項Ⅰの①をも参照せよ）；（性質や精神を）受け継ぐ者，具体的なかたちに表わす者；例，ルカ7:35，σοφίας  知恵に基づいて生活し，知恵を生活に表わす者；エフェ5:8，φωτός光の子；Ⅰペテ1:14，ὑπακοῆς，従順の子；ヨハ1:12，τέκνα θεοῦ 神の子，神から命を受けて生んで頂いただけでなく神の性質を合わせ持ち，神の性質に似る者たち．",(99)子供,"""true""","[quiz question=""子供,しるし、奇跡,安息日,顔"" answer=""子供"" kaisetsu=""(99)①（親に対する）子，子供；（先祖に対する）子孫；［呼格］年長者から年少者や弟子へのやさしさのこもった呼びかけ,「子よ！」．②［属格と］～の子（ヘブライ的表現；υἱός の項Ⅰの①をも参照せよ）；（性質や精神を）受け継ぐ者，具体的なかたちに表わす者；例，ルカ7:35，σοφίας  知恵に基づいて生活し，知恵を生活に表わす者；エフェ5:8，φωτός光の子；Ⅰペテ1:14，ὑπακοῆς，従順の子；ヨハ1:12，τέκνα θεοῦ 神の子，神から命を受けて生んで頂いただけでなく神の性質を合わせ持ち，神の性質に似る者たち．"" random=""true""]τέκνον[/quiz]",,,
3:名詞の一般変化,3:名詞の一般変化クイズ,代名詞,代名詞クイズ,"αὐτός,ή,ό",,"Q. αὐτός,ή,ό",5597,彼、彼女、それ、彼ら,あれ,これ,安息日,"(5597)①《強意代名詞として》自分( 自身( 彼自身( 彼女自身など；主格は単独では人称代名詞を強調するために用いられ，他の名詞・代名詞に対しては述語的位置【この語が冠詞の前［αὐτός＋冠詞＋単語］（または冠詞を伴った語の後ろ［冠詞＋単語＋αὐτός］）に置かれる形】に置いた) また英語のthe veryのように「ほかでもない『その,この』」の意味をも表現した) ②《同一を表わす代名詞として》同じ( 同一の( 《この意味では属性的位置【この語が冠詞と単語との間に置かれる［冠詞＋αὐτός＋単語］か(または冠詞を伴った単語の後ろに同じ形の冠詞を（重複して）置き，その後ろにαὐτόςを続ける形式［冠詞＋単語＋冠詞＋αὐτός］】に置いた》) ③《単なる三人称代名詞として》斜格【主格・呼格以外の格】は「彼( 彼女( それ」などの意味で( 普通の人称代名詞の役割をした)英語の人称代名詞""he，she, it""と違って，それが代表する名詞の性に合わせλόγοςなら αὐτός , φωνήなら αὐτή , τέκνονなら αὐτόで受けた","①《強意代名詞として》自分( 自身( 彼自身( 彼女自身など；主格は単独では人称代名詞を強調するために用いられ，他の名詞・代名詞に対しては述語的位置【この語が冠詞の前［αὐτός＋冠詞＋単語］（または冠詞を伴った語の後ろ［冠詞＋単語＋αὐτός］）に置かれる形】に置いた) また英語のthe veryのように「ほかでもない『その,この』」の意味をも表現した) ②《同一を表わす代名詞として》同じ( 同一の( 《この意味では属性的位置【この語が冠詞と単語との間に置かれる［冠詞＋αὐτός＋単語］か(または冠詞を伴った単語の後ろに同じ形の冠詞を（重複して）置き，その後ろにαὐτόςを続ける形式［冠詞＋単語＋冠詞＋αὐτός］】に置いた》) ③《単なる三人称代名詞として》斜格【主格・呼格以外の格】は「彼( 彼女( それ」などの意味で( 普通の人称代名詞の役割をした)英語の人称代名詞""he，she, it""と違って，それが代表する名詞の性に合わせλόγοςなら αὐτός , φωνήなら αὐτή , τέκνονなら αὐτόで受けた",(5597)彼、彼女、それ、彼ら,"""true""","[quiz question=""彼、彼女、それ、彼ら,あれ,これ,安息日"" answer=""彼、彼女、それ、彼ら"" kaisetsu=""(5597)①《強意代名詞として》自分( 自身( 彼自身( 彼女自身など；主格は単独では人称代名詞を強調するために用いられ，他の名詞・代名詞に対しては述語的位置【この語が冠詞の前［αὐτός＋冠詞＋単語］（または冠詞を伴った語の後ろ［冠詞＋単語＋αὐτός］）に置かれる形】に置いた) また英語のthe veryのように「ほかでもない『その,この』」の意味をも表現した) ②《同一を表わす代名詞として》同じ( 同一の( 《この意味では属性的位置【この語が冠詞と単語との間に置かれる［冠詞＋αὐτός＋単語］か(または冠詞を伴った単語の後ろに同じ形の冠詞を（重複して）置き，その後ろにαὐτόςを続ける形式［冠詞＋単語＋冠詞＋αὐτός］】に置いた》) ③《単なる三人称代名詞として》斜格【主格・呼格以外の格】は「彼( 彼女( それ」などの意味で( 普通の人称代名詞の役割をした)英語の人称代名詞""he，she, it""と違って，それが代表する名詞の性に合わせλόγοςなら αὐτός , φωνήなら αὐτή , τέκνονなら αὐτόで受けた"" random=""true""]αὐτός,ή,ό[/quiz]",,,
3:名詞の一般変化,3:名詞の一般変化クイズ,固有名詞,固有名詞クイズ,Ἰησοῦς,,Q. Ἰησοῦς,917,イエス,ペテロ,パウロ,しるし、奇跡,(917) (ヘブライ語(「ヤハヴェは救い」の意味の「イェホシューア」の短縮形「イェシューア」(「イェシュー」に主格男性語尾-ςを付けてギリシャ語らしく造語された）  イエス（＝ヨシュア)，人． ①ナザレのイエス（ナザレのヨシュア)；神の子であり救い主である方の人としての名；ふつう写本中では聖なる名としてICまたはIHCと短縮される． ②ヌンの子ヨシュア；イスラエルの子らの指導者としてモーセの後継者（LXXの綴り字は同じἸησοῦς)，使7:45，ヘブ4:8―邦訳では普通「ヨシュア」.  ③主の先祖の一人，ルカ3:29―邦訳では普通「ヨシュア」. ④ユストという別名を持つイエス，コロサイ書著作の時にパウロと共にいたキリスト者，コロ4:11．  ⑤一部の写本による強盗バラバの別名「イエス」，マタ27:16，17．, (ヘブライ語(「ヤハヴェは救い」の意味の「イェホシューア」の短縮形「イェシューア」(「イェシュー」に主格男性語尾-ςを付けてギリシャ語らしく造語された）  イエス（＝ヨシュア)，人． ①ナザレのイエス（ナザレのヨシュア)；神の子であり救い主である方の人としての名；ふつう写本中では聖なる名としてICまたはIHCと短縮される． ②ヌンの子ヨシュア；イスラエルの子らの指導者としてモーセの後継者（LXXの綴り字は同じἸησοῦς)，使7:45，ヘブ4:8―邦訳では普通「ヨシュア」.  ③主の先祖の一人，ルカ3:29―邦訳では普通「ヨシュア」. ④ユストという別名を持つイエス，コロサイ書著作の時にパウロと共にいたキリスト者，コロ4:11．  ⑤一部の写本による強盗バラバの別名「イエス」，マタ27:16，17．,(917)イエス,"""true""","[quiz question=""イエス,ペテロ,パウロ,しるし、奇跡"" answer=""イエス"" kaisetsu=""(917) (ヘブライ語(「ヤハヴェは救い」の意味の「イェホシューア」の短縮形「イェシューア」(「イェシュー」に主格男性語尾-ςを付けてギリシャ語らしく造語された）  イエス（＝ヨシュア)，人． ①ナザレのイエス（ナザレのヨシュア)；神の子であり救い主である方の人としての名；ふつう写本中では聖なる名としてICまたはIHCと短縮される． ②ヌンの子ヨシュア；イスラエルの子らの指導者としてモーセの後継者（LXXの綴り字は同じἸησοῦς)，使7:45，ヘブ4:8―邦訳では普通「ヨシュア」.  ③主の先祖の一人，ルカ3:29―邦訳では普通「ヨシュア」. ④ユストという別名を持つイエス，コロサイ書著作の時にパウロと共にいたキリスト者，コロ4:11．  ⑤一部の写本による強盗バラバの別名「イエス」，マタ27:16，17．"" random=""true""]Ἰησοῦς[/quiz]",,,
3:名詞の一般変化,3:名詞の一般変化クイズ,固有名詞,固有名詞クイズ,Παῦλος,,Q. Παῦλος,158,パウロ,イエス,ペテロ,子供,(158)(158)パウロ、人名 ①使徒パウロ、ローマ名の第三の部分（cogno<men）に当たる。もとの名はサウル（ヘブライ名）。②行伝13:7に現われるキプロスのプロコンスル（地方総督）の名，これもローマ名の第三の部分で，はじめの二つは不明．《家柄のローマ市民は少なくとも三つの名をもっていた．順序は（第一）Praeno<men（英語first name：個人を示す名）(（第二）No<men（英語second name：氏族を示す名）(（第三）Cogno<men（英語third name：家系を示す名）；もしローマ市民の名に，二つの名だけが書いてある時は，たいていは個人名と家系名とであって，氏族名は省略されたものである．（研究社：田中秀央「羅和辞典」）参照》,(158)パウロ、人名 ①使徒パウロ、ローマ名の第三の部分（cogno<men）に当たる。もとの名はサウル（ヘブライ名）。②行伝13:7に現われるキプロスのプロコンスル（地方総督）の名，これもローマ名の第三の部分で，はじめの二つは不明．《家柄のローマ市民は少なくとも三つの名をもっていた．順序は（第一）Praeno<men（英語first name：個人を示す名）(（第二）No<men（英語second name：氏族を示す名）(（第三）Cogno<men（英語third name：家系を示す名）；もしローマ市民の名に，二つの名だけが書いてある時は，たいていは個人名と家系名とであって，氏族名は省略されたものである．（研究社：田中秀央「羅和辞典」）参照》,(158)パウロ,"""true""","[quiz question=""パウロ,イエス,ペテロ,子供"" answer=""パウロ"" kaisetsu=""(158)(158)パウロ、人名 ①使徒パウロ、ローマ名の第三の部分（cogno<men）に当たる。もとの名はサウル（ヘブライ名）。②行伝13:7に現われるキプロスのプロコンスル（地方総督）の名，これもローマ名の第三の部分で，はじめの二つは不明．《家柄のローマ市民は少なくとも三つの名をもっていた．順序は（第一）Praeno<men（英語first name：個人を示す名）(（第二）No<men（英語second name：氏族を示す名）(（第三）Cogno<men（英語third name：家系を示す名）；もしローマ市民の名に，二つの名だけが書いてある時は，たいていは個人名と家系名とであって，氏族名は省略されたものである．（研究社：田中秀央「羅和辞典」）参照》"" random=""true""]Παῦλος[/quiz]",,,
3:名詞の一般変化,3:名詞の一般変化クイズ,固有名詞,固有名詞クイズ,Πέτρος,,Q. Πέτρος,156,ペテロ,パウロ,イエス,子ども,(156) ペトロ，人名；もともと普通名詞の πέτρος は「石ころ」の意で，これとは対照的な πέτρα（岩盤，どっしりした岩）から離れた個々の石塊をさす．イエスがシモンに付けたアラム語のあだ名「ケファ」をギリシャ訳したもの；《もともとは「石」をも「岩盤」をも意味したアラム語の名詞「ケファ」を「教会の基礎であるキリスト信仰」として見れば（πέτρος－石ころ－ではなく)「岩盤」を意味するギリシャ語の女性名詞 πέτρα があり，これと同語幹で男子の人名に使うには（πέτρα－岩盤－ではなく）ギリシャ語の男性名詞 πέτρος があったのを利用したところに，イエスないし福音史家の機知を見ることができる．Πέτροςが固有名詞として固定したのは新約聖書以後である》．, ペトロ，人名；もともと普通名詞の πέτρος は「石ころ」の意で，これとは対照的な πέτρα（岩盤，どっしりした岩）から離れた個々の石塊をさす．イエスがシモンに付けたアラム語のあだ名「ケファ」をギリシャ訳したもの；《もともとは「石」をも「岩盤」をも意味したアラム語の名詞「ケファ」を「教会の基礎であるキリスト信仰」として見れば（πέτρος－石ころ－ではなく)「岩盤」を意味するギリシャ語の女性名詞 πέτρα があり，これと同語幹で男子の人名に使うには（πέτρα－岩盤－ではなく）ギリシャ語の男性名詞 πέτρος があったのを利用したところに，イエスないし福音史家の機知を見ることができる．Πέτροςが固有名詞として固定したのは新約聖書以後である》．,(156)ペテロ,"""true""","[quiz question=""ペテロ,パウロ,イエス,子ども"" answer=""ペテロ"" kaisetsu=""(156) ペトロ，人名；もともと普通名詞の πέτρος は「石ころ」の意で，これとは対照的な πέτρα（岩盤，どっしりした岩）から離れた個々の石塊をさす．イエスがシモンに付けたアラム語のあだ名「ケファ」をギリシャ訳したもの；《もともとは「石」をも「岩盤」をも意味したアラム語の名詞「ケファ」を「教会の基礎であるキリスト信仰」として見れば（πέτρος－石ころ－ではなく)「岩盤」を意味するギリシャ語の女性名詞 πέτρα があり，これと同語幹で男子の人名に使うには（πέτρα－岩盤－ではなく）ギリシャ語の男性名詞 πέτρος があったのを利用したところに，イエスないし福音史家の機知を見ることができる．Πέτροςが固有名詞として固定したのは新約聖書以後である》．"" random=""true""]Πέτρος[/quiz]",,,
3:名詞の一般変化,3:名詞の一般変化クイズ,動詞,動詞クイズ,πιστεύω,,Q. πιστεύω,241,（＋与格）信じる、信頼する、信仰する,（＋与格）憎む,（＋与格）見る、眺める,（＋与格）行く、来る,(241)（＋与格）信じる、信頼する、信仰する ①信頼する，信頼を置く，信じる，信仰を持つ，信仰する，頼み切る；(a)［人格の与格と］（人に）信を置く，～を信じる，～の言葉を本気で受け取る；［事物の対格また与格と］～を信じる，～を信用する；(b)［εἰς＋人格の対格また ἐν(ἐπί)＋人格の位格と］～を信じる；(人が人を信用してかかるとか，信頼してやる場合のように信じる本人の主体的判断の押し付けではなく) (神またキリストが求め給う全信頼を預ける形で）人格的信頼を全面的にかけて投入する，信じ込む，頼み切る，自分自身を委ねて服する；特に自分への依存や自分の行為の義への信頼を捨てて，神から与えられた義であるキリストへ信頼に全面的に切り替える．また，彼の中に信頼を置き切って委ね続ける；(c)［ἐν＋事物の位格］～を；マル1:15ἐν τῳ εὐαγγερίω，福音（の内容，使信）を. ②［事物の対格と人格の与格と］～に～を委ねる，任せる，託する，委託する，信託する；［受動］委ねられる，Ⅰテモ1:11，ロマ3:2．,（＋与格）信じる、信頼する、信仰する ①信頼する，信頼を置く，信じる，信仰を持つ，信仰する，頼み切る；(a)［人格の与格と］（人に）信を置く，～を信じる，～の言葉を本気で受け取る；［事物の対格また与格と］～を信じる，～を信用する；(b)［εἰς＋人格の対格また ἐν(ἐπί)＋人格の位格と］～を信じる；(人が人を信用してかかるとか，信頼してやる場合のように信じる本人の主体的判断の押し付けではなく) (神またキリストが求め給う全信頼を預ける形で）人格的信頼を全面的にかけて投入する，信じ込む，頼み切る，自分自身を委ねて服する；特に自分への依存や自分の行為の義への信頼を捨てて，神から与えられた義であるキリストへ信頼に全面的に切り替える．また，彼の中に信頼を置き切って委ね続ける；(c)［ἐν＋事物の位格］～を；マル1:15ἐν τῳ εὐαγγερίω，福音（の内容，使信）を. ②［事物の対格と人格の与格と］～に～を委ねる，任せる，託する，委託する，信託する；［受動］委ねられる，Ⅰテモ1:11，ロマ3:2．,(241)（＋与格）信じる、信頼する、信仰する,"""true""","[quiz question=""（＋与格）信じる、信頼する、信仰する,（＋与格）憎む,（＋与格）見る、眺める,（＋与格）行く、来る"" answer=""（＋与格）信じる、信頼する、信仰する"" kaisetsu=""(241)（＋与格）信じる、信頼する、信仰する ①信頼する，信頼を置く，信じる，信仰を持つ，信仰する，頼み切る；(a)［人格の与格と］（人に）信を置く，～を信じる，～の言葉を本気で受け取る；［事物の対格また与格と］～を信じる，～を信用する；(b)［εἰς＋人格の対格また ἐν(ἐπί)＋人格の位格と］～を信じる；(人が人を信用してかかるとか，信頼してやる場合のように信じる本人の主体的判断の押し付けではなく) (神またキリストが求め給う全信頼を預ける形で）人格的信頼を全面的にかけて投入する，信じ込む，頼み切る，自分自身を委ねて服する；特に自分への依存や自分の行為の義への信頼を捨てて，神から与えられた義であるキリストへ信頼に全面的に切り替える．また，彼の中に信頼を置き切って委ね続ける；(c)［ἐν＋事物の位格］～を；マル1:15ἐν τῳ εὐαγγερίω，福音（の内容，使信）を. ②［事物の対格と人格の与格と］～に～を委ねる，任せる，託する，委託する，信託する；［受動］委ねられる，Ⅰテモ1:11，ロマ3:2．"" random=""true""]πιστεύω[/quiz]",,,
4:前置詞,4:前置詞クイズ,前置詞,前置詞クイズ,ἀπό,,Q. ἀπό,646,＋属　〜から離れて,＋対：〜の下へ　＋属：〜によって,＋対：〜の上へ　＋属：〜のために,＋与：〜と共に,"(646)＋属　〜から離れて ；《基本的意味：分離》；①（位置的に）～から（離れて,去って）ἐκ が「内部から外部への移動」を意味するのに対しἀπό は「表面から分離して( 縁から離れて」を意味する②（時間的に）～から( ヨハ19:27その時から) ③（部分を表わす用法）～のうちから( ～のうちの；マタ27:21( 二人のうちのどちらかを) ④～によって～される（つまり「誰々から～される」）という意味での「から」；ヤコ1:13,使徒15:4等；～に（～される) ⑤～（という理由）から( ～の故に ヘブ5:7等；[接続詞句] ἀφ' ἧς ～, ἀφ'  ὁυ ～の故に( ～なので( （または）～時から( ～以来《この用法については o[jの項Ⅱ⑧(a)参照》) ⑥～の距離にわたって( 黙示14:20. ⑦［ヘブライ的表現］ヘブ13:24 ～を恐れる；黙示21:13 南に（方角）⑧《複合語の前綴では》「分離･断絶」","＋属　〜から離れて ；《基本的意味：分離》；①（位置的に）～から（離れて,去って）ἐκ が「内部から外部への移動」を意味するのに対しἀπό は「表面から分離して( 縁から離れて」を意味する②（時間的に）～から( ヨハ19:27その時から) ③（部分を表わす用法）～のうちから( ～のうちの；マタ27:21( 二人のうちのどちらかを) ④～によって～される（つまり「誰々から～される」）という意味での「から」；ヤコ1:13,使徒15:4等；～に（～される) ⑤～（という理由）から( ～の故に ヘブ5:7等；[接続詞句] ἀφ' ἧς ～, ἀφ'  ὁυ ～の故に( ～なので( （または）～時から( ～以来《この用法については o[jの項Ⅱ⑧(a)参照》) ⑥～の距離にわたって( 黙示14:20. ⑦［ヘブライ的表現］ヘブ13:24 ～を恐れる；黙示21:13 南に（方角）⑧《複合語の前綴では》「分離･断絶」",(646)＋属　〜から離れて,"""true""","[quiz question=""＋属　〜から離れて,＋対：〜の下へ　＋属：〜によって,＋対：〜の上へ　＋属：〜のために,＋与：〜と共に"" answer=""＋属　〜から離れて"" kaisetsu=""(646)＋属　〜から離れて ；《基本的意味：分離》；①（位置的に）～から（離れて,去って）ἐκ が「内部から外部への移動」を意味するのに対しἀπό は「表面から分離して( 縁から離れて」を意味する②（時間的に）～から( ヨハ19:27その時から) ③（部分を表わす用法）～のうちから( ～のうちの；マタ27:21( 二人のうちのどちらかを) ④～によって～される（つまり「誰々から～される」）という意味での「から」；ヤコ1:13,使徒15:4等；～に（～される) ⑤～（という理由）から( ～の故に ヘブ5:7等；[接続詞句] ἀφ' ἧς ～, ἀφ'  ὁυ ～の故に( ～なので( （または）～時から( ～以来《この用法については o[jの項Ⅱ⑧(a)参照》) ⑥～の距離にわたって( 黙示14:20. ⑦［ヘブライ的表現］ヘブ13:24 ～を恐れる；黙示21:13 南に（方角）⑧《複合語の前綴では》「分離･断絶」"" random=""true""]ἀπό[/quiz]",,,
4:前置詞,4:前置詞クイズ,前置詞,前置詞クイズ,διά,,Q. διά,676,＋対：〜の中へ、＋属：〜を通して,＋属　〜から離れて,＋対：〜の下へ　＋属：〜によって,＋対：〜の上へ　＋属：〜のために,(676)＋対：〜の中へ、＋属：〜を通して、介して,＋対：〜の中へ、＋属：〜を通して、介して,(676)＋対：〜の中へ、＋属：〜を通して,"""true""","[quiz question=""＋対：〜の中へ、＋属：〜を通して,＋属　〜から離れて,＋対：〜の下へ　＋属：〜によって,＋対：〜の上へ　＋属：〜のために"" answer=""＋対：〜の中へ、＋属：〜を通して"" kaisetsu=""(676)＋対：〜の中へ、＋属：〜を通して、介して"" random=""true""]διά[/quiz]",,,
4:前置詞,4:前置詞クイズ,前置詞,前置詞クイズ,εἰς,,Q. εἰς,1767,＋対：～へ､まで､のために､に対して,＋対：〜の中へ、＋属：〜を通して,＋属　〜から離れて,＋対：〜の下へ　＋属：〜によって,(1767)＋対：〜の中へ （基本的意味）中，内部；ただしἐνと異り，原則として内部に向って移動する．常に［対格と］  ①～の中へ，の間へ，～へ（と）；運動を表わす動詞と共に用い，その動作の結果あるものの中に入り込むこと，あるいはそのものを運動の終点・目標とすることをあらわす．上下という観念は元来含まれないが，動作が上より発してそのものに到達する時には，～の上へ，の上に，と訳せる例もある，マル1：10  ②～（に至る）まで，～までずっと；(時間的限界また継続を表す)；εἰς τέλος 最後まで，終りまで；（ある時間点に至る意味からそこまでの継続を表し）～中（じゅう），～の問，～にわたって  ③ ～（に至る）まで，～（の限度）まで，～ほど④ ～の中に，～で ⑤ ～に対立して，に逆らって，に対して，に向かって，ルカ12：10．⑥ ～について，に関連して⑦ ～に（なる），～に（する）等，(変化をあらわす動詞と共に用い，その結果「～に」なることを表す；本来ギリシャ語では「～になる」の「に」は主語と同格の補語（述語主格）を使うので前置詞は必要としない〈例ヨハ1:14〉が，ヘブライ語のbecomeが前置詞を伴うため，これをεἰς で訳したLXXの文体が新約本文に影響した⑧ ～のために，のための，の目的で；（目的や意図を表す）⑨ ～の故に，～の理由により．～の動機により，を根拠として；(理由･動機を表す),＋対：〜の中へ （基本的意味）中，内部；ただしἐνと異り，原則として内部に向って移動する．常に［対格と］  ①～の中へ，の間へ，～へ（と）；運動を表わす動詞と共に用い，その動作の結果あるものの中に入り込むこと，あるいはそのものを運動の終点・目標とすることをあらわす．上下という観念は元来含まれないが，動作が上より発してそのものに到達する時には，～の上へ，の上に，と訳せる例もある，マル1：10  ②～（に至る）まで，～までずっと；(時間的限界また継続を表す)；εἰς τέλος 最後まで，終りまで；（ある時間点に至る意味からそこまでの継続を表し）～中（じゅう），～の問，～にわたって  ③ ～（に至る）まで，～（の限度）まで，～ほど④ ～の中に，～で ⑤ ～に対立して，に逆らって，に対して，に向かって，ルカ12：10．⑥ ～について，に関連して⑦ ～に（なる），～に（する）等，(変化をあらわす動詞と共に用い，その結果「～に」なることを表す；本来ギリシャ語では「～になる」の「に」は主語と同格の補語（述語主格）を使うので前置詞は必要としない〈例ヨハ1:14〉が，ヘブライ語のbecomeが前置詞を伴うため，これをεἰς で訳したLXXの文体が新約本文に影響した⑧ ～のために，のための，の目的で；（目的や意図を表す）⑨ ～の故に，～の理由により．～の動機により，を根拠として；(理由･動機を表す),(1767)＋対：～へ､まで､のために､に対して,"""true""","[quiz question=""＋対：～へ､まで､のために､に対して,＋対：〜の中へ、＋属：〜を通して,＋属　〜から離れて,＋対：〜の下へ　＋属：〜によって"" answer=""＋対：～へ､まで､のために､に対して"" kaisetsu=""(1767)＋対：〜の中へ （基本的意味）中，内部；ただしἐνと異り，原則として内部に向って移動する．常に［対格と］  ①～の中へ，の間へ，～へ（と）；運動を表わす動詞と共に用い，その動作の結果あるものの中に入り込むこと，あるいはそのものを運動の終点・目標とすることをあらわす．上下という観念は元来含まれないが，動作が上より発してそのものに到達する時には，～の上へ，の上に，と訳せる例もある，マル1：10  ②～（に至る）まで，～までずっと；(時間的限界また継続を表す)；εἰς τέλος 最後まで，終りまで；（ある時間点に至る意味からそこまでの継続を表し）～中（じゅう），～の問，～にわたって  ③ ～（に至る）まで，～（の限度）まで，～ほど④ ～の中に，～で ⑤ ～に対立して，に逆らって，に対して，に向かって，ルカ12：10．⑥ ～について，に関連して⑦ ～に（なる），～に（する）等，(変化をあらわす動詞と共に用い，その結果「～に」なることを表す；本来ギリシャ語では「～になる」の「に」は主語と同格の補語（述語主格）を使うので前置詞は必要としない〈例ヨハ1:14〉が，ヘブライ語のbecomeが前置詞を伴うため，これをεἰς で訳したLXXの文体が新約本文に影響した⑧ ～のために，のための，の目的で；（目的や意図を表す）⑨ ～の故に，～の理由により．～の動機により，を根拠として；(理由･動機を表す)"" random=""true""]εἰς[/quiz]",,,
4:前置詞,4:前置詞クイズ,前置詞,前置詞クイズ,ἐκ,,Q. ἐκ,914,＋属：〜から（外へ向かって）,＋対：〜の中へ,＋対：〜の中へ、＋属：〜を通して,＋属　〜から離れて,(914)＋属：〜から（外へ向かって、中から外へ)［常に奪格と］  ①（出発点・分離・源泉等）～の中から，の中から外へ②（動作の出発点，特に受動動作の行為者）～によって，による ③（手段・方法・材料・条件等）～で，によって，を使って ④（源泉・よって立つ根本原理等）～に従って，を基本原理として，に発して⑤（理由・原因）～の故に，のために，黙示16：11⑥（部分的）～に属する，の（中の），（全体）の中から（の），のうちの ⑦（左右の位置）（右，左）側に,＋属：〜から（外へ向かって、中から外へ)［常に奪格と］  ①（出発点・分離・源泉等）～の中から，の中から外へ②（動作の出発点，特に受動動作の行為者）～によって，による ③（手段・方法・材料・条件等）～で，によって，を使って ④（源泉・よって立つ根本原理等）～に従って，を基本原理として，に発して⑤（理由・原因）～の故に，のために，黙示16：11⑥（部分的）～に属する，の（中の），（全体）の中から（の），のうちの ⑦（左右の位置）（右，左）側に,(914)＋属：〜から（外へ向かって）,"""true""","[quiz question=""＋属：〜から（外へ向かって）,＋対：〜の中へ,＋対：〜の中へ、＋属：〜を通して,＋属　〜から離れて"" answer=""＋属：〜から（外へ向かって）"" kaisetsu=""(914)＋属：〜から（外へ向かって、中から外へ)［常に奪格と］  ①（出発点・分離・源泉等）～の中から，の中から外へ②（動作の出発点，特に受動動作の行為者）～によって，による ③（手段・方法・材料・条件等）～で，によって，を使って ④（源泉・よって立つ根本原理等）～に従って，を基本原理として，に発して⑤（理由・原因）～の故に，のために，黙示16：11⑥（部分的）～に属する，の（中の），（全体）の中から（の），のうちの ⑦（左右の位置）（右，左）側に"" random=""true""]ἐκ[/quiz]",,,
4:前置詞,4:前置詞クイズ,前置詞,前置詞クイズ,ἐν,,Q. ἐν,2752,＋与：〜の中で,＋属：〜から（外へ向かって）,＋対：〜の中へ,＋対：〜の中へ、＋属：〜を通して,"(2752)＋与：〜の中で、まれに「ἑν+与」はまた、「〜によって」あるいは「〜とともに」をも意味する
（基本的意味）内部に，中に，Ⅰ．［位格と］  ①（場所） ～で，の中に，の上に，～に，のところに，のそばに，ルカ2:49， 私の父の家に；使8:14．エルサレム（市内）に②（状態・信仰的・霊的内在），Ⅰヨハ3:14，死の中に；ロマ8:1，キリスト･イエスにある（の中に身を置く）人たち ③（時間），ヨハ11:9，昼間のうちに；マタ12:2，安息日に  ④（原理・影響力・勢力の圏内），ロマ8:9，肉の支配下に；マル1:23，汚れた霊の力に捕らえられた；⑤（関係，場合），Ⅰコリ14:11，私にとっては．⑥（内訳・数量）行伝7:14，七十五人よりなる；エペ2:15数々の規定よりなる；マル4:8百倍に．⑦（運動を表す動詞と共に），ヨハ3:35彼の手中に；マタ10:16おおかみの中へ．⑧（理由・根拠），ガラ1:24 わたしのことで；使3:6，イエス･キリストの権威により⑨（ヘブライ語法の影響）～を告白する，を受け入れることを表明する；
 Ⅱ)［具格と］～で，によって，の手段により  ①（行為者，命と存在の根拠をなす者），Ⅰコリ6:2世があなたがたによって裁かれる；ガラ5:18 霊で導かれている以上は； ロマ8:1 キリスト･イエスでの（で生きる）人たち，(自分でではなく) キリストで生きることを可能にして頂きキリストできている人→Ⅰ②の位格的意味にも解釈できる；エペ6:21,「主で」生きている人ティキコ ②（手段・道具・媒介・携帯），黙示13:10， 剣で，ルカ1:51，み腕を以って；使3:6イエス・キリストの名により（の権威を帯び，その権威を用いて）←Ⅰ⑧の位格的意味にも解釈できる；ロマ1:18不義で；ヘブ9:25 血を携えて；Ⅰコリ4:21鞭を持って","＋与：〜の中で、まれに「ἑν+与」はまた、「〜によって」あるいは「〜とともに」をも意味する
（基本的意味）内部に，中に，Ⅰ．［位格と］  ①（場所） ～で，の中に，の上に，～に，のところに，のそばに，ルカ2:49， 私の父の家に；使8:14．エルサレム（市内）に②（状態・信仰的・霊的内在），Ⅰヨハ3:14，死の中に；ロマ8:1，キリスト･イエスにある（の中に身を置く）人たち ③（時間），ヨハ11:9，昼間のうちに；マタ12:2，安息日に  ④（原理・影響力・勢力の圏内），ロマ8:9，肉の支配下に；マル1:23，汚れた霊の力に捕らえられた；⑤（関係，場合），Ⅰコリ14:11，私にとっては．⑥（内訳・数量）行伝7:14，七十五人よりなる；エペ2:15数々の規定よりなる；マル4:8百倍に．⑦（運動を表す動詞と共に），ヨハ3:35彼の手中に；マタ10:16おおかみの中へ．⑧（理由・根拠），ガラ1:24 わたしのことで；使3:6，イエス･キリストの権威により⑨（ヘブライ語法の影響）～を告白する，を受け入れることを表明する；
 Ⅱ)［具格と］～で，によって，の手段により  ①（行為者，命と存在の根拠をなす者），Ⅰコリ6:2世があなたがたによって裁かれる；ガラ5:18 霊で導かれている以上は； ロマ8:1 キリスト･イエスでの（で生きる）人たち，(自分でではなく) キリストで生きることを可能にして頂きキリストできている人→Ⅰ②の位格的意味にも解釈できる；エペ6:21,「主で」生きている人ティキコ ②（手段・道具・媒介・携帯），黙示13:10， 剣で，ルカ1:51，み腕を以って；使3:6イエス・キリストの名により（の権威を帯び，その権威を用いて）←Ⅰ⑧の位格的意味にも解釈できる；ロマ1:18不義で；ヘブ9:25 血を携えて；Ⅰコリ4:21鞭を持って",(2752)＋与：〜の中で,"""true""","[quiz question=""＋与：〜の中で,＋属：〜から（外へ向かって）,＋対：〜の中へ,＋対：〜の中へ、＋属：〜を通して"" answer=""＋与：〜の中で"" kaisetsu=""(2752)＋与：〜の中で、まれに「ἑν+与」はまた、「〜によって」あるいは「〜とともに」をも意味する
（基本的意味）内部に，中に，Ⅰ．［位格と］  ①（場所） ～で，の中に，の上に，～に，のところに，のそばに，ルカ2:49， 私の父の家に；使8:14．エルサレム（市内）に②（状態・信仰的・霊的内在），Ⅰヨハ3:14，死の中に；ロマ8:1，キリスト･イエスにある（の中に身を置く）人たち ③（時間），ヨハ11:9，昼間のうちに；マタ12:2，安息日に  ④（原理・影響力・勢力の圏内），ロマ8:9，肉の支配下に；マル1:23，汚れた霊の力に捕らえられた；⑤（関係，場合），Ⅰコリ14:11，私にとっては．⑥（内訳・数量）行伝7:14，七十五人よりなる；エペ2:15数々の規定よりなる；マル4:8百倍に．⑦（運動を表す動詞と共に），ヨハ3:35彼の手中に；マタ10:16おおかみの中へ．⑧（理由・根拠），ガラ1:24 わたしのことで；使3:6，イエス･キリストの権威により⑨（ヘブライ語法の影響）～を告白する，を受け入れることを表明する；
 Ⅱ)［具格と］～で，によって，の手段により  ①（行為者，命と存在の根拠をなす者），Ⅰコリ6:2世があなたがたによって裁かれる；ガラ5:18 霊で導かれている以上は； ロマ8:1 キリスト･イエスでの（で生きる）人たち，(自分でではなく) キリストで生きることを可能にして頂きキリストできている人→Ⅰ②の位格的意味にも解釈できる；エペ6:21,「主で」生きている人ティキコ ②（手段・道具・媒介・携帯），黙示13:10， 剣で，ルカ1:51，み腕を以って；使3:6イエス・キリストの名により（の権威を帯び，その権威を用いて）←Ⅰ⑧の位格的意味にも解釈できる；ロマ1:18不義で；ヘブ9:25 血を携えて；Ⅰコリ4:21鞭を持って"" random=""true""]ἐν[/quiz]",,,
4:前置詞,4:前置詞クイズ,前置詞,前置詞クイズ,ἐνώπιον,,Q. ἐνώπιον,94,＋属：〜の前に,＋与：〜の中で,＋属：〜から（外へ向かって）,＋対：〜の中へ,"(94)＋属：〜の前に
顔を合わせて( の対中単） 本来は［副］,［準前置詞］(属格と) ①～の前に，の面前に，のいる所で，の前で  ②～の目に，の判断において；人についても言うが，特に「神のみ前に」(「神の目から見て」(evnw,pion tou/ qeou/）の用例が多い．","＋属：〜の前に
顔を合わせて( の対中単） 本来は［副］,［準前置詞］(属格と) ①～の前に，の面前に，のいる所で，の前で  ②～の目に，の判断において；人についても言うが，特に「神のみ前に」(「神の目から見て」(evnw,pion tou/ qeou/）の用例が多い．",(94)＋属：〜の前に,"""true""","[quiz question=""＋属：〜の前に,＋与：〜の中で,＋属：〜から（外へ向かって）,＋対：〜の中へ"" answer=""＋属：〜の前に"" kaisetsu=""(94)＋属：〜の前に
顔を合わせて( の対中単） 本来は［副］,［準前置詞］(属格と) ①～の前に，の面前に，のいる所で，の前で  ②～の目に，の判断において；人についても言うが，特に「神のみ前に」(「神の目から見て」(evnw,pion tou/ qeou/）の用例が多い．"" random=""true""]ἐνώπιον[/quiz]",,,
4:前置詞,4:前置詞クイズ,前置詞,前置詞クイズ,ἔξω,,Q. ἔξω,63,＋属：〜の外で,＋属：〜の前に,＋与：〜の中で,＋属：〜から（外へ向かって）,(63)＋属：〜の外で,＋属：〜の外で,(63)＋属：〜の外で,"""true""","[quiz question=""＋属：〜の外で,＋属：〜の前に,＋与：〜の中で,＋属：〜から（外へ向かって）"" answer=""＋属：〜の外で"" kaisetsu=""(63)＋属：〜の外で"" random=""true""]ἔξω[/quiz]",,,
4:前置詞,4:前置詞クイズ,前置詞,前置詞クイズ,ἐπί,,Q. ἐπί,890,＋対：〜の上へ、＋属：〜の上で、＋与：〜の上で,＋属：〜の外で,＋属：〜の前に,＋与：〜の中で,(890)＋対：〜の上へ（移動）、＋属：〜の上で（位置）、＋与：〜の上で、中で（位置）,＋対：〜の上へ（移動）、＋属：〜の上で（位置）、＋与：〜の上で、中で（位置）,(890)＋対：〜の上へ、＋属：〜の上で、＋与：〜の上で,"""true""","[quiz question=""＋対：〜の上へ、＋属：〜の上で、＋与：〜の上で,＋属：〜の外で,＋属：〜の前に,＋与：〜の中で"" answer=""＋対：〜の上へ、＋属：〜の上で、＋与：〜の上で"" kaisetsu=""(890)＋対：〜の上へ（移動）、＋属：〜の上で（位置）、＋与：〜の上で、中で（位置）"" random=""true""]ἐπί[/quiz]",,,
4:前置詞,4:前置詞クイズ,前置詞,前置詞クイズ,ἔως,,Q. ἔως,146,＋属：〜まで（時間）,＋対：〜の上へ、＋属：〜の上で、＋与：〜の上で,＋属：〜の外で,＋属：〜の前に,(146)＋属：〜まで（時間）,＋属：〜まで（時間）,(146)＋属：〜まで（時間）,"""true""","[quiz question=""＋属：〜まで（時間）,＋対：〜の上へ、＋属：〜の上で、＋与：〜の上で,＋属：〜の外で,＋属：〜の前に"" answer=""＋属：〜まで（時間）"" kaisetsu=""(146)＋属：〜まで（時間）"" random=""true""]ἔως[/quiz]",,,
4:前置詞,4:前置詞クイズ,前置詞,前置詞クイズ,κατά,,Q. κατά,473,＋対：〜によると、＋属：〜に反して,＋属：〜まで（時間）,＋対：〜の上へ、＋属：〜の上で、＋与：〜の上で,＋属：〜の外で,(473)＋対：〜によると、に従って、＋属：〜に反して、に対して,＋対：〜によると、に従って、＋属：〜に反して、に対して,(473)＋対：〜によると、＋属：〜に反して,"""true""","[quiz question=""＋対：〜によると、＋属：〜に反して,＋属：〜まで（時間）,＋対：〜の上へ、＋属：〜の上で、＋与：〜の上で,＋属：〜の外で"" answer=""＋対：〜によると、＋属：〜に反して"" kaisetsu=""(473)＋対：〜によると、に従って、＋属：〜に反して、に対して"" random=""true""]κατά[/quiz]",,,
4:前置詞,4:前置詞クイズ,前置詞,前置詞クイズ,μετά,,Q. μετά,469,＋対：〜の後で、＋属：〜と共に,＋対：〜によると、＋属：〜に反して,＋属：〜まで（時間）,＋対：〜の上へ、＋属：〜の上で、＋与：〜の上で,(469)＋対：〜の後で、＋属：〜と共に,＋対：〜の後で、＋属：〜と共に,(469)＋対：〜の後で、＋属：〜と共に,"""true""","[quiz question=""＋対：〜の後で、＋属：〜と共に,＋対：〜によると、＋属：〜に反して,＋属：〜まで（時間）,＋対：〜の上へ、＋属：〜の上で、＋与：〜の上で"" answer=""＋対：〜の後で、＋属：〜と共に"" kaisetsu=""(469)＋対：〜の後で、＋属：〜と共に"" random=""true""]μετά[/quiz]",,,
4:前置詞,4:前置詞クイズ,前置詞,前置詞クイズ,παρά,,Q. παρά,194,＋対：〜のそばを、＋属：〜の許から、＋与：〜のそばに,＋対：〜の後で、＋属：〜と共に,＋対：〜によると、＋属：〜に反して,＋属：〜まで（時間）,(194)＋対：〜の傍／側を（移動）、＋属：（人）の許から、＋与：〜の傍／側に（位置）,＋対：〜の傍／側を（移動）、＋属：（人）の許から、＋与：〜の傍／側に（位置）,(194)＋対：〜のそばを、＋属：〜の許から、＋与：〜のそばに,"""true""","[quiz question=""＋対：〜のそばを、＋属：〜の許から、＋与：〜のそばに,＋対：〜の後で、＋属：〜と共に,＋対：〜によると、＋属：〜に反して,＋属：〜まで（時間）"" answer=""＋対：〜のそばを、＋属：〜の許から、＋与：〜のそばに"" kaisetsu=""(194)＋対：〜の傍／側を（移動）、＋属：（人）の許から、＋与：〜の傍／側に（位置）"" random=""true""]παρά[/quiz]",,,
4:前置詞,4:前置詞クイズ,前置詞,前置詞クイズ,περί,,Q. περί,333,＋対：約、〜の回りに、＋属：〜に関して,＋対：〜のそばを、＋属：〜の許から、＋与：〜のそばに,＋対：〜の後で、＋属：〜と共に,＋対：〜によると、＋属：〜に反して,(333)＋対：約、〜の回りに、＋属：〜に関して,＋対：約、〜の回りに、＋属：〜に関して,(333)＋対：約、〜の回りに、＋属：〜に関して,"""true""","[quiz question=""＋対：約、〜の回りに、＋属：〜に関して,＋対：〜のそばを、＋属：〜の許から、＋与：〜のそばに,＋対：〜の後で、＋属：〜と共に,＋対：〜によると、＋属：〜に反して"" answer=""＋対：約、〜の回りに、＋属：〜に関して"" kaisetsu=""(333)＋対：約、〜の回りに、＋属：〜に関して"" random=""true""]περί[/quiz]",,,
4:前置詞,4:前置詞クイズ,前置詞,前置詞クイズ,πρό,,Q. πρό,47,＋属：〜より以前に,＋対：約、〜の回りに、＋属：〜に関して,＋対：〜のそばを、＋属：〜の許から、＋与：〜のそばに,＋対：〜の後で、＋属：〜と共に,(47)＋属：〜より以前に,＋属：〜より以前に,(47)＋属：〜より以前に,"""true""","[quiz question=""＋属：〜より以前に,＋対：約、〜の回りに、＋属：〜に関して,＋対：〜のそばを、＋属：〜の許から、＋与：〜のそばに,＋対：〜の後で、＋属：〜と共に"" answer=""＋属：〜より以前に"" kaisetsu=""(47)＋属：〜より以前に"" random=""true""]πρό[/quiz]",,,
4:前置詞,4:前置詞クイズ,前置詞,前置詞クイズ,πρός,,Q. πρός,700,＋対：〜へ、〜へ向かって,＋属：〜より以前に,＋対：約、〜の回りに、＋属：〜に関して,＋対：〜のそばを、＋属：〜の許から、＋与：〜のそばに,(700)＋対：〜へ、〜へ向かって,＋対：〜へ、〜へ向かって,(700)＋対：〜へ、〜へ向かって,"""true""","[quiz question=""＋対：〜へ、〜へ向かって,＋属：〜より以前に,＋対：約、〜の回りに、＋属：〜に関して,＋対：〜のそばを、＋属：〜の許から、＋与：〜のそばに"" answer=""＋対：〜へ、〜へ向かって"" kaisetsu=""(700)＋対：〜へ、〜へ向かって"" random=""true""]πρός[/quiz]",,,
4:前置詞,4:前置詞クイズ,前置詞,前置詞クイズ,σύν,,Q. σύν,128,＋与：〜と共に,＋対：〜へ、〜へ向かって,＋属：〜より以前に,＋対：約、〜の回りに、＋属：〜に関して,(128)＋与：〜と共に、συνはμεταに比べて古典的で少ない,＋与：〜と共に、συνはμεταに比べて古典的で少ない,(128)＋与：〜と共に,"""true""","[quiz question=""＋与：〜と共に,＋対：〜へ、〜へ向かって,＋属：〜より以前に,＋対：約、〜の回りに、＋属：〜に関して"" answer=""＋与：〜と共に"" kaisetsu=""(128)＋与：〜と共に、συνはμεταに比べて古典的で少ない"" random=""true""]σύν[/quiz]",,,
4:前置詞,4:前置詞クイズ,前置詞,前置詞クイズ,ὑπέρ,,Q. ὑπέρ,150,＋対：〜の上へ　＋属：〜のために,＋与：〜と共に,＋対：〜へ、〜へ向かって,＋属：〜より以前に,(150)＋対：〜の上へ、に、で　＋属：〜のために、代わりに,＋対：〜の上へ、に、で　＋属：〜のために、代わりに,(150)＋対：〜の上へ　＋属：〜のために,"""true""","[quiz question=""＋対：〜の上へ　＋属：〜のために,＋与：〜と共に,＋対：〜へ、〜へ向かって,＋属：〜より以前に"" answer=""＋対：〜の上へ　＋属：〜のために"" kaisetsu=""(150)＋対：〜の上へ、に、で　＋属：〜のために、代わりに"" random=""true""]ὑπέρ[/quiz]",,,
4:前置詞,4:前置詞クイズ,前置詞,前置詞クイズ,ὑπο,,Q. ὑπο,220,＋対：〜の下へ　＋属：〜によって,＋対：〜の上へ　＋属：〜のために,＋与：〜と共に,＋対：〜へ、〜へ向かって,(220)＋対：〜の下へ、に、で　＋属：〜によって（動作主、英語のby）,＋対：〜の下へ、に、で　＋属：〜によって（動作主、英語のby）,(220)＋対：〜の下へ　＋属：〜によって,"""true""","[quiz question=""＋対：〜の下へ　＋属：〜によって,＋対：〜の上へ　＋属：〜のために,＋与：〜と共に,＋対：〜へ、〜へ向かって"" answer=""＋対：〜の下へ　＋属：〜によって"" kaisetsu=""(220)＋対：〜の下へ、に、で　＋属：〜によって（動作主、英語のby）"" random=""true""]ὑπο[/quiz]",,,
4:前置詞,4:前置詞クイズ,複合動詞,複合動詞クイズ,ἀναβλέπω,,Q. ἀναβλέπω,25,見上げる、視力を戻す,去る、立ち去る,集める,＋与、礼拝する,(25)見上げる、視力を戻す,見上げる、視力を戻す,(25)見上げる、視力を戻す,"""true""","[quiz question=""見上げる、視力を戻す,去る、立ち去る,集める,＋与、礼拝する"" answer=""見上げる、視力を戻す"" kaisetsu=""(25)見上げる、視力を戻す"" random=""true""]ἀναβλέπω[/quiz]",,,
4:前置詞,4:前置詞クイズ,複合動詞,複合動詞クイズ,ἀπολύω,,Q. ἀπολύω,66,開放する、離婚する、解散する,見上げる、視力を戻す,去る、立ち去る,集める,(66)開放する、離婚する、解散する,開放する、離婚する、解散する,(66)開放する、離婚する、解散する,"""true""","[quiz question=""開放する、離婚する、解散する,見上げる、視力を戻す,去る、立ち去る,集める"" answer=""開放する、離婚する、解散する"" kaisetsu=""(66)開放する、離婚する、解散する"" random=""true""]ἀπολύω[/quiz]",,,
4:前置詞,4:前置詞クイズ,複合動詞,複合動詞クイズ,ἐκβάλλω,,Q. ἐκβάλλω,81,放り出す、追い出す、外へ投げる,開放する、離婚する、解散する,見上げる、視力を戻す,去る、立ち去る,(81)放り出す、追い出す、外へ投げる,放り出す、追い出す、外へ投げる,(81)放り出す、追い出す、外へ投げる,"""true""","[quiz question=""放り出す、追い出す、外へ投げる,開放する、離婚する、解散する,見上げる、視力を戻す,去る、立ち去る"" answer=""放り出す、追い出す、外へ投げる"" kaisetsu=""(81)放り出す、追い出す、外へ投げる"" random=""true""]ἐκβάλλω[/quiz]",,,
4:前置詞,4:前置詞クイズ,複合動詞,複合動詞クイズ,ἐπικαλέω,,Q. ἐπικαλέω,30,呼び求める、名前を呼ぶ,放り出す、追い出す、外へ投げる,開放する、離婚する、解散する,見上げる、視力を戻す,(30)呼び求める、名前を呼ぶ,呼び求める、名前を呼ぶ,(30)呼び求める、名前を呼ぶ,"""true""","[quiz question=""呼び求める、名前を呼ぶ,放り出す、追い出す、外へ投げる,開放する、離婚する、解散する,見上げる、視力を戻す"" answer=""呼び求める、名前を呼ぶ"" kaisetsu=""(30)呼び求める、名前を呼ぶ"" random=""true""]ἐπικαλέω[/quiz]",,,
4:前置詞,4:前置詞クイズ,複合動詞,複合動詞クイズ,κατοικέω,,Q. κατοικέω,44,住む、移住する、宿る,呼び求める、名前を呼ぶ,放り出す、追い出す、外へ投げる,開放する、離婚する、解散する,(44)住む、移住する、宿る,住む、移住する、宿る,(44)住む、移住する、宿る,"""true""","[quiz question=""住む、移住する、宿る,呼び求める、名前を呼ぶ,放り出す、追い出す、外へ投げる,開放する、離婚する、解散する"" answer=""住む、移住する、宿る"" kaisetsu=""(44)住む、移住する、宿る"" random=""true""]κατοικέω[/quiz]",,,
4:前置詞,4:前置詞クイズ,複合動詞,複合動詞クイズ,παρακαλέω,,Q. παρακαλέω,109,勧める、励ます、慰める、養成する,住む、移住する、宿る,呼び求める、名前を呼ぶ,放り出す、追い出す、外へ投げる,(109)勧める、励ます、慰める、養成する,勧める、励ます、慰める、養成する,(109)勧める、励ます、慰める、養成する,"""true""","[quiz question=""勧める、励ます、慰める、養成する,住む、移住する、宿る,呼び求める、名前を呼ぶ,放り出す、追い出す、外へ投げる"" answer=""勧める、励ます、慰める、養成する"" kaisetsu=""(109)勧める、励ます、慰める、養成する"" random=""true""]παρακαλέω[/quiz]",,,
4:前置詞,4:前置詞クイズ,複合動詞,複合動詞クイズ,παραλαμβάνω,,Q. παραλαμβάνω,49,受ける、連れる,勧める、励ます、慰める、養成する,住む、移住する、宿る,呼び求める、名前を呼ぶ,(49)受ける、連れる,受ける、連れる,(49)受ける、連れる,"""true""","[quiz question=""受ける、連れる,勧める、励ます、慰める、養成する,住む、移住する、宿る,呼び求める、名前を呼ぶ"" answer=""受ける、連れる"" kaisetsu=""(49)受ける、連れる"" random=""true""]παραλαμβάνω[/quiz]",,,
4:前置詞,4:前置詞クイズ,複合動詞,複合動詞クイズ,περιπατέω,,Q. περιπατέω,95,歩く、生きる,受ける、連れる,勧める、励ます、慰める、養成する,住む、移住する、宿る,(95)歩く、生きる,歩く、生きる,(95)歩く、生きる,"""true""","[quiz question=""歩く、生きる,受ける、連れる,勧める、励ます、慰める、養成する,住む、移住する、宿る"" answer=""歩く、生きる"" kaisetsu=""(95)歩く、生きる"" random=""true""]περιπατέω[/quiz]",,,
4:前置詞,4:前置詞クイズ,複合動詞,複合動詞クイズ,προσκυνέω,,Q. προσκυνέω,60,＋与、礼拝する,歩く、生きる,受ける、連れる,勧める、励ます、慰める、養成する,(60)＋与、礼拝する,＋与、礼拝する,(60)＋与、礼拝する,"""true""","[quiz question=""＋与、礼拝する,歩く、生きる,受ける、連れる,勧める、励ます、慰める、養成する"" answer=""＋与、礼拝する"" kaisetsu=""(60)＋与、礼拝する"" random=""true""]προσκυνέω[/quiz]",,,
4:前置詞,4:前置詞クイズ,複合動詞,複合動詞クイズ,συνάγω,,Q. συνάγω,59,集める,＋与、礼拝する,歩く、生きる,受ける、連れる,(59)集める,集める,(59)集める,"""true""","[quiz question=""集める,＋与、礼拝する,歩く、生きる,受ける、連れる"" answer=""集める"" kaisetsu=""(59)集める"" random=""true""]συνάγω[/quiz]",,,
4:前置詞,4:前置詞クイズ,複合動詞,複合動詞クイズ,ὑπάγω,,Q. ὑπάγω,79,去る、立ち去る,集める,＋与、礼拝する,歩く、生きる,(79)去る、立ち去る,去る、立ち去る,(79)去る、立ち去る,"""true""","[quiz question=""去る、立ち去る,集める,＋与、礼拝する,歩く、生きる"" answer=""去る、立ち去る"" kaisetsu=""(79)去る、立ち去る"" random=""true""]ὑπάγω[/quiz]",,,
4:前置詞,4:前置詞クイズ,疑問詞と否定詞,疑問詞と否定詞クイズ,"οὐ,οὐκ,οὐχ",,"Q. οὐ,οὐκ,οὐχ",1606,〜しない、でない,いかに＿,どこ？,冠詞,(1606)〜しない、でない,〜しない、でない,(1606)〜しない、でない,"""true""","[quiz question=""〜しない、でない,去る、立ち去る,集める,＋与、礼拝する"" answer=""〜しない、でない"" kaisetsu=""(1606)〜しない、でない"" random=""true""]οὐ,οὐκ,οὐχ[/quiz]",,,
4:前置詞,4:前置詞クイズ,疑問詞と否定詞,疑問詞と否定詞クイズ,ποῦ,,Q. ποῦ,48,どこ？,〜しない、でない,いかに＿,どこ？,(48)どこ？,どこ？,(48)どこ？,"""true""","[quiz question=""どこ？,〜しない、でない,去る、立ち去る,集める"" answer=""どこ？"" kaisetsu=""(48)どこ？"" random=""true""]ποῦ[/quiz]",,,
4:前置詞,4:前置詞クイズ,疑問詞と否定詞,疑問詞と否定詞クイズ,πῶς,,Q. πῶς,103,いかに＿,どこ？,〜しない、でない,いかに,(103)いかに＿,いかに＿,(103)いかに＿,"""true""","[quiz question=""いかに＿,どこ？,〜しない、でない,去る、立ち去る"" answer=""いかに＿"" kaisetsu=""(103)いかに＿"" random=""true""]πῶς[/quiz]",,,
5:形容詞,5:形容詞クイズ,形容詞,形容詞クイズ,"ἀγαθός,ή,όν",,"Q. ἀγαθός,ή,όν",102,善い、立派な、正しい,悪い、邪悪な,〜程大きい,唯一の、〜だけの,(102)善い、立派な、正しい,善い、立派な、正しい,(102)善い、立派な、正しい,"""true""","[quiz question=""善い、立派な、正しい,悪い、邪悪な,〜程大きい,見上げる、視力を戻す"" answer=""善い、立派な、正しい"" kaisetsu=""(102)善い、立派な、正しい"" random=""true""]ἀγαθός,ή,όν[/quiz]",,,
5:形容詞,5:形容詞クイズ,形容詞,形容詞クイズ,"ἀγαπητός,ή,όν",,"Q. ἀγαπητός,ή,όν",61,愛すべき、愛されている,盲目の,忠実は、信仰のある,死んでいる、死んだ,(61)愛すべき、愛されている,愛すべき、愛されている,(61)愛すべき、愛されている,"""true""","[quiz question=""愛すべき、愛されている,盲目の,忠実は、信仰のある,開放する、離婚する、解散する"" answer=""愛すべき、愛されている"" kaisetsu=""(61)愛すべき、愛されている"" random=""true""]ἀγαπητός,ή,όν[/quiz]",,,
5:形容詞,5:形容詞クイズ,形容詞,形容詞クイズ,"ἅγιος,α,ον",,"Q. ἅγιος,α,ον",233,聖い,善い、立派な、正しい,悪い、邪悪な,〜程大きい,(233)聖い,聖い,(233)聖い,"""true""","[quiz question=""聖い,善い、立派な、正しい,悪い、邪悪な,放り出す、追い出す、外へ投げる"" answer=""聖い"" kaisetsu=""(233)聖い"" random=""true""]ἅγιος,α,ον[/quiz]",,,
5:形容詞,5:形容詞クイズ,形容詞,形容詞クイズ,"δίκαιος,αί α,ον",,"Q. δίκαιος,αί α,ον",79,正しい、義である,愛すべき、愛されている,盲目の,忠実は、信仰のある,(79)正しい、義である,正しい、義である,(79)正しい、義である,"""true""","[quiz question=""正しい、義である,愛すべき、愛されている,盲目の,呼び求める、名前を呼ぶ"" answer=""正しい、義である"" kaisetsu=""(79)正しい、義である"" random=""true""]δίκαιος,αί α,ον[/quiz]",,,
5:形容詞,5:形容詞クイズ,形容詞,形容詞クイズ,"ἕκαστος,η,ον",,"Q. ἕκαστος,η,ον",82,それぞれの,聖い,善い、立派な、正しい,悪い、邪悪な,(82)それぞれの,それぞれの,(82)それぞれの,"""true""","[quiz question=""それぞれの,聖い,善い、立派な、正しい,住む、移住する、宿る"" answer=""それぞれの"" kaisetsu=""(82)それぞれの"" random=""true""]ἕκαστος,η,ον[/quiz]",,,
5:形容詞,5:形容詞クイズ,形容詞,形容詞クイズ,"ἕτερος,έ ρα,ον",,"Q. ἕτερος,έ ρα,ον",98,別の、もう一つの,正しい、義である,愛すべき、愛されている,盲目の,(98)別の、もう一つの,別の、もう一つの,(98)別の、もう一つの,"""true""","[quiz question=""別の、もう一つの,正しい、義である,愛すべき、愛されている,勧める、励ます、慰める、養成する"" answer=""別の、もう一つの"" kaisetsu=""(98)別の、もう一つの"" random=""true""]ἕτερος,έ ρα,ον[/quiz]",,,
5:形容詞,5:形容詞クイズ,形容詞,形容詞クイズ,"ἴδιος,ί α,ον",,"Q. ἴδιος,ί α,ον",114,個人の、自分自身の,それぞれの,聖い,善い、立派な、正しい,(114)個人の、自分自身の,個人の、自分自身の,(114)個人の、自分自身の,"""true""","[quiz question=""個人の、自分自身の,それぞれの,聖い,善い、立派な、正しい"" answer=""個人の、自分自身の"" kaisetsu=""(114)個人の、自分自身の"" random=""true""]ἴδιος,ί α,ον[/quiz]",,,
5:形容詞,5:形容詞クイズ,形容詞,形容詞クイズ,"Ἰουδαῖος,αί α,ον",,"Q. Ἰουδαῖος,αί α,ον",195,ユダヤ人の,別の、もう一つの,正しい、義である,愛すべき、愛されている,(195)ユダヤ人の,ユダヤ人の,(195)ユダヤ人の,"""true""","[quiz question=""ユダヤ人の,別の、もう一つの,正しい、義である,愛すべき、愛されている"" answer=""ユダヤ人の"" kaisetsu=""(195)ユダヤ人の"" random=""true""]Ἰουδαῖος,αί α,ον[/quiz]",,,
5:形容詞,5:形容詞クイズ,形容詞,形容詞クイズ,"κακόσ,ή,όν",,"Q. κακόσ,ή,όν",50,悪い,個人の、自分自身の,それぞれの,聖い,(50)悪い（一般的な意味で）καλοςの対語,悪い（一般的な意味で）καλοςの対語,(50)悪い,"""true""","[quiz question=""悪い,個人の、自分自身の,それぞれの,聖い"" answer=""悪い"" kaisetsu=""(50)悪い（一般的な意味で）καλοςの対語"" random=""true""]κακόσ,ή,όν[/quiz]",,,
5:形容詞,5:形容詞クイズ,形容詞,形容詞クイズ,"καινός,ή,όν",,"Q. καινός,ή,όν",42,新しい,ユダヤ人の,別の、もう一つの,正しい、義である,(42)新しい,新しい,(42)新しい,"""true""","[quiz question=""新しい,ユダヤ人の,別の、もう一つの,正しい、義である"" answer=""新しい"" kaisetsu=""(42)新しい"" random=""true""]καινός,ή,όν[/quiz]",,,
5:形容詞,5:形容詞クイズ,形容詞,形容詞クイズ,"καλός,ή,όν",,"Q. καλός,ή,όν",100,美しい、良い,悪い,個人の、自分自身の,それぞれの,(100)美しい、良い（美しいの意味合いはαγαθοςと同じ）美しいという意味で使われるのはルカの「みごとな石」のところだけ。有益という意味合いが強い。,美しい、良い（美しいの意味合いはαγαθοςと同じ）美しいという意味で使われるのはルカの「みごとな石」のところだけ。有益という意味合いが強い。,(100)美しい、良い,"""true""","[quiz question=""美しい、良い,悪い,個人の、自分自身の,それぞれの"" answer=""美しい、良い"" kaisetsu=""(100)美しい、良い（美しいの意味合いはαγαθοςと同じ）美しいという意味で使われるのはルカの「みごとな石」のところだけ。有益という意味合いが強い。"" random=""true""]καλός,ή,όν[/quiz]",,,
5:形容詞,5:形容詞クイズ,形容詞,形容詞クイズ,"μακάριος,ί α,ον",,"Q. μακάριος,ί α,ον",50,幸せな、幸いな,新しい,ユダヤ人の,別の、もう一つの,(50)幸せな、幸いな,幸せな、幸いな,(50)幸せな、幸いな,"""true""","[quiz question=""幸せな、幸いな,新しい,ユダヤ人の,別の、もう一つの"" answer=""幸せな、幸いな"" kaisetsu=""(50)幸せな、幸いな"" random=""true""]μακάριος,ί α,ον[/quiz]",,,
5:形容詞,5:形容詞クイズ,形容詞,形容詞クイズ,"μόνος,η,ον",,"Q. μόνος,η,ον",114,唯一の、〜だけの,美しい、良い,悪い,個人の、自分自身の,(114)唯一の、〜だけの,唯一の、〜だけの,(114)唯一の、〜だけの,"""true""","[quiz question=""唯一の、〜だけの,美しい、良い,悪い,個人の、自分自身の"" answer=""唯一の、〜だけの"" kaisetsu=""(114)唯一の、〜だけの"" random=""true""]μόνος,η,ον[/quiz]",,,
5:形容詞,5:形容詞クイズ,形容詞,形容詞クイズ,"νεκρός,ά,όν",,"Q. νεκρός,ά,όν",128,死んでいる、死んだ,幸せな、幸いな,新しい,ユダヤ人の,(128)死んでいる、死んだ,死んでいる、死んだ,(128)死んでいる、死んだ,"""true""","[quiz question=""死んでいる、死んだ,幸せな、幸いな,新しい,ユダヤ人の"" answer=""死んでいる、死んだ"" kaisetsu=""(128)死んでいる、死んだ"" random=""true""]νεκρός,ά,όν[/quiz]",,,
5:形容詞,5:形容詞クイズ,形容詞,形容詞クイズ,"ὅσος,η,ον",,"Q. ὅσος,η,ον",110,〜程大きい,唯一の、〜だけの,美しい、良い,悪い,(110)〜程大きい,〜程大きい,(110)〜程大きい,"""true""","[quiz question=""〜程大きい,唯一の、〜だけの,美しい、良い,悪い"" answer=""〜程大きい"" kaisetsu=""(110)〜程大きい"" random=""true""]ὅσος,η,ον[/quiz]",,,
5:形容詞,5:形容詞クイズ,形容詞,形容詞クイズ,"πιστός,ή,όν",,"Q. πιστός,ή,όν",67,忠実は、信仰のある,死んでいる、死んだ,幸せな、幸いな,新しい,(67)忠実は、信仰のある,忠実は、信仰のある,(67)忠実は、信仰のある,"""true""","[quiz question=""忠実は、信仰のある,死んでいる、死んだ,幸せな、幸いな,新しい"" answer=""忠実は、信仰のある"" kaisetsu=""(67)忠実は、信仰のある"" random=""true""]πιστός,ή,όν[/quiz]",,,
5:形容詞,5:形容詞クイズ,形容詞,形容詞クイズ,"πονηρός,ά,όν",,"Q. πονηρός,ά,όν",78,悪い、邪悪な,〜程大きい,唯一の、〜だけの,美しい、良い,(78)悪い、邪悪な。第一義は苦労（πονος）に圧せられ苦痛をともなう苦しい、辛い、パウロは4回しか使っていない。人格的堕落。,悪い、邪悪な。第一義は苦労（πονος）に圧せられ苦痛をともなう苦しい、辛い、パウロは4回しか使っていない。人格的堕落。,(78)悪い、邪悪な,"""true""","[quiz question=""悪い、邪悪な,〜程大きい,唯一の、〜だけの,美しい、良い"" answer=""悪い、邪悪な"" kaisetsu=""(78)悪い、邪悪な。第一義は苦労（πονος）に圧せられ苦痛をともなう苦しい、辛い、パウロは4回しか使っていない。人格的堕落。"" random=""true""]πονηρός,ά,όν[/quiz]",,,
5:形容詞,5:形容詞クイズ,形容詞,形容詞クイズ,"τυφλός,ή,όν",,"Q. τυφλός,ή,όν",50,盲目の,忠実は、信仰のある,死んでいる、死んだ,幸せな、幸いな,(50)盲目の,盲目の,(50)盲目の,"""true""","[quiz question=""盲目の,忠実は、信仰のある,死んでいる、死んだ,幸せな、幸いな"" answer=""盲目の"" kaisetsu=""(50)盲目の"" random=""true""]τυφλός,ή,όν[/quiz]",,,
5:形容詞,5:形容詞クイズ,不規則な形容詞,不規則な形容詞クイズ,μέγας,,Q. μέγας,243,大きい、偉大な,悪い,聖い,美しい、良い,(243)大きい、偉大な,大きい、偉大な,(243)大きい、偉大な,"""true""","[quiz question=""大きい、偉大な,悪い、邪悪な,〜程大きい,唯一の、〜だけの"" answer=""大きい、偉大な"" kaisetsu=""(243)大きい、偉大な"" random=""true""]μέγας[/quiz]",,,
5:形容詞,5:形容詞クイズ,不規則な形容詞,不規則な形容詞クイズ,μεγάλη,,Q. μεγάλη,243,大きい、偉大な,新しい,正しい、義である,幸せな、幸いな,(243)大きい、偉大な 、μεγάςの形女単主,大きい、偉大な 、μεγάςの形女単主,(243)大きい、偉大な,"""true""","[quiz question=""大きい、偉大な,盲目の,忠実は、信仰のある,死んでいる、死んだ"" answer=""大きい、偉大な"" kaisetsu=""(243)大きい、偉大な 、μεγάςの形女単主"" random=""true""]μεγάλη[/quiz]",,,
5:形容詞,5:形容詞クイズ,不規則な形容詞,不規則な形容詞クイズ,μέγα,,Q. μέγα,243,大きい、偉大な,美しい、良い,悪い,聖い,(243)大きい、偉大な 、μεγάςの形中単主対,大きい、偉大な 、μεγάςの形中単主対,(243)大きい、偉大な,"""true""","[quiz question=""大きい、偉大な,美しい、良い,悪い、邪悪な,〜程大きい"" answer=""大きい、偉大な"" kaisetsu=""(243)大きい、偉大な 、μεγάςの形中単主対"" random=""true""]μέγα[/quiz]",,,
5:形容詞,5:形容詞クイズ,不規則な形容詞,不規則な形容詞クイズ,πολύς,,Q. πολύς,416,多い,幸せな、幸いな,新しい,正しい、義である,(416)多い,多い,(416)多い,"""true""","[quiz question=""多い,幸せな、幸いな,盲目の,忠実は、信仰のある"" answer=""多い"" kaisetsu=""(416)多い"" random=""true""]πολύς[/quiz]",,,
5:形容詞,5:形容詞クイズ,不規則な形容詞,不規則な形容詞クイズ,πολλή,,Q. πολλή,416,多い ,聖い,美しい、良い,悪い,(416)多い 、πολύςの形女単主,多い 、πολύςの形女単主,(416)多い ,"""true""","[quiz question=""多い ,聖い,美しい、良い,悪い、邪悪な"" answer=""多い "" kaisetsu=""(416)多い 、πολύςの形女単主"" random=""true""]πολλή[/quiz]",,,
5:形容詞,5:形容詞クイズ,不規則な形容詞,不規則な形容詞クイズ,πολύ,,Q. πολύ,416,多い,正しい、義である,幸せな、幸いな,新しい,(416)多い 、πολύςの形女単主対,多い 、πολύςの形女単主対,(416)多い,"""true""","[quiz question=""多い,正しい、義である,幸せな、幸いな,盲目の"" answer=""多い"" kaisetsu=""(416)多い 、πολύςの形女単主対"" random=""true""]πολύ[/quiz]",,,
5:形容詞,5:形容詞クイズ,女性名詞,女性名詞クイズ,Γαλιλαία,,Q. Γαλιλαία,61,ガリラヤ地方,（ユダヤ人）会堂,頭（あたま、かしら）,平和,(61)ガリラヤ地方,ガリラヤ地方,(61)ガリラヤ地方,"""true""","[quiz question=""ガリラヤ地方,（ユダヤ人）会堂,頭（あたま、かしら）,善い、立派な、正しい"" answer=""ガリラヤ地方"" kaisetsu=""(61)ガリラヤ地方"" random=""true""]Γαλιλαία[/quiz]",,,
5:形容詞,5:形容詞クイズ,女性名詞,女性名詞クイズ,εἰρήνη,,Q. εἰρήνη,92,平和,ガリラヤ地方,（ユダヤ人）会堂,頭（あたま、かしら）,(92)平和,平和,(92)平和,"""true""","[quiz question=""平和,ガリラヤ地方,正しい、義である,幸せな、幸いな"" answer=""平和"" kaisetsu=""(92)平和"" random=""true""]εἰρήνη[/quiz]",,,
5:形容詞,5:形容詞クイズ,女性名詞,女性名詞クイズ,κεφαλή,,Q. κεφαλή,75,頭（あたま、かしら）,平和,ガリラヤ地方,（ユダヤ人）会堂,(75)頭（あたま、かしら）,頭（あたま、かしら）,(75)頭（あたま、かしら）,"""true""","[quiz question=""頭（あたま、かしら）,平和,ガリラヤ地方,聖い"" answer=""頭（あたま、かしら）"" kaisetsu=""(75)頭（あたま、かしら）"" random=""true""]κεφαλή[/quiz]",,,
5:形容詞,5:形容詞クイズ,女性名詞,女性名詞クイズ,συναγωγή,,Q. συναγωγή,56,（ユダヤ人）会堂,頭（あたま、かしら）,平和,ガリラヤ地方,(56)（ユダヤ人）会堂,（ユダヤ人）会堂,(56)（ユダヤ人）会堂,"""true""","[quiz question=""（ユダヤ人）会堂,頭（あたま、かしら）,平和,正しい、義である"" answer=""（ユダヤ人）会堂"" kaisetsu=""(56)（ユダヤ人）会堂"" random=""true""]συναγωγή[/quiz]",,,
5:形容詞,5:形容詞クイズ,接続詞,接続詞クイズ,ἀλλά,,Q. ἀλλά,638,しかし,私は〜です。,時期、季節,〜のように,(638)しかし,しかし,(638)しかし,"""true""","[quiz question=""しかし,（ユダヤ人）会堂,頭（あたま、かしら）,平和"" answer=""しかし"" kaisetsu=""(638)しかし"" random=""true""]ἀλλά[/quiz]",,,
5:形容詞,5:形容詞クイズ,接続詞,接続詞クイズ,εἰ,,Q. εἰ,502,もし,しかし,私は〜です。,時期、季節,(502)もし,もし,(502)もし,"""true""","[quiz question=""もし,しかし,（ユダヤ人）会堂,頭（あたま、かしら）"" answer=""もし"" kaisetsu=""(502)もし"" random=""true""]εἰ[/quiz]",,,
5:形容詞,5:形容詞クイズ,接続詞,接続詞クイズ,ἤ,,Q. ἤ,343,あるいは、〜か,もし,しかし,私は〜です。,(343)あるいは、〜か,あるいは、〜か,(343)あるいは、〜か,"""true""","[quiz question=""あるいは、〜か,もし,しかし,（ユダヤ人）会堂"" answer=""あるいは、〜か"" kaisetsu=""(343)あるいは、〜か"" random=""true""]ἤ[/quiz]",,,
5:形容詞,5:形容詞クイズ,接続詞,接続詞クイズ,ὡς,,Q. ὡς,504,〜のように,あるいは、〜か,もし,しかし,(504)〜のように,〜のように,(504)〜のように,"""true""","[quiz question=""〜のように,あるいは、〜か,もし,しかし"" answer=""〜のように"" kaisetsu=""(504)〜のように"" random=""true""]ὡς[/quiz]",,,
5:形容詞,5:形容詞クイズ,その他,その他クイズ,"καιρός,ὀ",,"Q. καιρός,ὀ",85,時期、季節,〜のように,あるいは、〜か,もし,(85)時期、季節,時期、季節,(85)時期、季節,"""true""","[quiz question=""時期、季節,〜のように,あるいは、〜か,もし"" answer=""時期、季節"" kaisetsu=""(85)時期、季節"" random=""true""]καιρός,ὀ[/quiz]",,,
5:形容詞,5:形容詞クイズ,その他,その他クイズ,εἰμί,,Q. εἰμί,2462,私は〜です。,時期、季節,〜のように,あるいは、〜か,(2462)私は〜です。一人称のbe動詞,私は〜です。一人称のbe動詞,(2462)私は〜です。,"""true""","[quiz question=""私は〜です。,時期、季節,〜のように,あるいは、〜か"" answer=""私は〜です。"" kaisetsu=""(2462)私は〜です。一人称のbe動詞"" random=""true""]εἰμί[/quiz]",,,
5:形容詞,5:形容詞クイズ,特別な語,特別な語クイズ,"Ἱεροσόλυμα,τά",,"Q. Ἱεροσόλυμα,τά",77,エルサレム,ユダヤ,ヨルダン,サマリア,(77)エルサレム、常に中性複数形、　同じ意味でἡ Ἰερουσαλήμ（主女単、格変化なし）あり。,エルサレム、常に中性複数形、　同じ意味でἡ Ἰερουσαλήμ（主女単、格変化なし）あり。,(77)エルサレム,"""true""","[quiz question=""エルサレム,私は〜です。,時期、季節,〜のように"" answer=""エルサレム"" kaisetsu=""(77)エルサレム、常に中性複数形、　同じ意味でἡ Ἰερουσαλήμ（主女単、格変化なし）あり。"" random=""true""]Ἱεροσόλυμα,τά[/quiz]",,,
5:形容詞,5:形容詞クイズ,特別な語,特別な語クイズ,"Ἰερουσαλήμ,ἡ",,"Q. Ἰερουσαλήμ,ἡ",63,エルサレム,ユダヤ,ヨルダン,サマリア,"(63)エルサレム、主女単で格変化なし、同じ意味でἹεροσόλυμα,τά　あり","エルサレム、主女単で格変化なし、同じ意味でἹεροσόλυμα,τά　あり",(63)エルサレム,"""true""","[quiz question=""エルサレム,ユダヤ,私は〜です。,時期、季節"" answer=""エルサレム"" kaisetsu=""(63)エルサレム、主女単で格変化なし、同じ意味でἹεροσόλυμα,τά　あり"" random=""true""]Ἰερουσαλήμ,ἡ[/quiz]",,,
5:形容詞,5:形容詞クイズ,特別な語,特別な語クイズ,"αἰώνιος,ον",,"Q. αἰώνιος,ον",71,永遠の,一時の,大きい,小さい,(71)永遠の、女性変化しないので、女性名詞を就職するときも男性形になる。たとえば永遠の命は　ἡ αἰώνιος ζωή,永遠の、女性変化しないので、女性名詞を就職するときも男性形になる。たとえば永遠の命は　ἡ αἰώνιος ζωή,(71)永遠の,"""true""","[quiz question=""永遠の,一時の,大きい,私は〜です。"" answer=""永遠の"" kaisetsu=""(71)永遠の、女性変化しないので、女性名詞を就職するときも男性形になる。たとえば永遠の命は　ἡ αἰώνιος ζωή"" random=""true""]αἰώνιος,ον[/quiz]",,,
6:動詞の時制,6:動詞の時制クイズ,ω動詞,ω動詞クイズ,ἀνοίγω,,Q. ἀνοίγω,77,私は開く,感謝する,ある、存在する,叫ぶ、叫び声を上げる,(77)私は開く,私は開く,(77)私は開く,"""true""","[quiz question=""私は開く,感謝する,ある、存在する,しかし"" answer=""私は開く"" kaisetsu=""(77)私は開く"" random=""true""]ἀνοίγω[/quiz]",,,
6:動詞の時制,6:動詞の時制クイズ,ω動詞,ω動詞クイズ,ἀποκαλύπτω,,Q. ἀποκαλύπτω,26,現す、掲示する,建て上げる,求める、頼む、願う,送る,(26)現す、掲示する,現す、掲示する,(26)現す、掲示する,"""true""","[quiz question=""現す、掲示する,建て上げる,求める、頼む、願う,もし"" answer=""現す、掲示する"" kaisetsu=""(26)現す、掲示する"" random=""true""]ἀποκαλύπτω[/quiz]",,,
6:動詞の時制,6:動詞の時制クイズ,ω動詞,ω動詞クイズ,βαπτἰζω,,Q. βαπτἰζω,77,洗礼を授ける,〜に注意する,誉める、祝福する,説得する、説き勧める,(77)洗礼を授ける,洗礼を授ける,(77)洗礼を授ける,"""true""","[quiz question=""洗礼を授ける,〜に注意する,誉める、祝福する,あるいは、〜か"" answer=""洗礼を授ける"" kaisetsu=""(77)洗礼を授ける"" random=""true""]βαπτἰζω[/quiz]",,,
6:動詞の時制,6:動詞の時制クイズ,ω動詞,ω動詞クイズ,γράφω,,Q. γράφω,191,書く、手紙を書く,私は開く,感謝する,救う,(191)書く、手紙を書く,書く、手紙を書く,(191)書く、手紙を書く,"""true""","[quiz question=""書く、手紙を書く,私は開く,感謝する,サマリア"" answer=""書く、手紙を書く"" kaisetsu=""(191)書く、手紙を書く"" random=""true""]γράφω[/quiz]",,,
6:動詞の時制,6:動詞の時制クイズ,ω動詞,ω動詞クイズ,διώκω,,Q. διώκω,45,迫害する、追求する,現す、掲示する,建て上げる,ある、存在する,(45)迫害する、追求する,迫害する、追求する,(45)迫害する、追求する,"""true""","[quiz question=""迫害する、追求する,現す、掲示する,建て上げる,サマリア"" answer=""迫害する、追求する"" kaisetsu=""(45)迫害する、追求する"" random=""true""]διώκω[/quiz]",,,
6:動詞の時制,6:動詞の時制クイズ,ω動詞,ω動詞クイズ,δοξάζω,,Q. δοξάζω,61,栄光を現す、賛美する,洗礼を授ける,〜に注意する,求める、頼む、願う,(61)栄光を現す、賛美する,栄光を現す、賛美する,(61)栄光を現す、賛美する,"""true""","[quiz question=""栄光を現す、賛美する,洗礼を授ける,〜に注意する,小さい"" answer=""栄光を現す、賛美する"" kaisetsu=""(61)栄光を現す、賛美する"" random=""true""]δοξάζω[/quiz]",,,
6:動詞の時制,6:動詞の時制クイズ,ω動詞,ω動詞クイズ,κηρύσσω,,Q. κηρύσσω,61,宣べる、説教する,書く、手紙を書く,私は開く,誉める、祝福する,(61)宣べる、説教する,宣べる、説教する,(61)宣べる、説教する,"""true""","[quiz question=""宣べる、説教する,書く、手紙を書く,私は開く,叫ぶ、叫び声を上げる"" answer=""宣べる、説教する"" kaisetsu=""(61)宣べる、説教する"" random=""true""]κηρύσσω[/quiz]",,,
6:動詞の時制,6:動詞の時制クイズ,ω動詞,ω動詞クイズ,κράζω,,Q. κράζω,56,叫ぶ、叫び声を上げる,迫害する、追求する,現す、掲示する,感謝する,(56)叫ぶ、叫び声を上げる,叫ぶ、叫び声を上げる,(56)叫ぶ、叫び声を上げる,"""true""","[quiz question=""叫ぶ、叫び声を上げる,迫害する、追求する,現す、掲示する,送る"" answer=""叫ぶ、叫び声を上げる"" kaisetsu=""(56)叫ぶ、叫び声を上げる"" random=""true""]κράζω[/quiz]",,,
6:動詞の時制,6:動詞の時制クイズ,ω動詞,ω動詞クイズ,πείθω,,Q. πείθω,79,送る,栄光を現す、賛美する,洗礼を授ける,建て上げる,(79)送る,送る,(79)送る,"""true""","[quiz question=""送る,栄光を現す、賛美する,洗礼を授ける,説得する、説き勧める"" answer=""送る"" kaisetsu=""(79)送る"" random=""true""]πείθω[/quiz]",,,
6:動詞の時制,6:動詞の時制クイズ,ω動詞,ω動詞クイズ,πεμπω,,Q. πεμπω,52,説得する、説き勧める,宣べる、説教する,書く、手紙を書く,〜に注意する,(52)説得する、説き勧める,説得する、説き勧める,(52)説得する、説き勧める,"""true""","[quiz question=""説得する、説き勧める,宣べる、説教する,書く、手紙を書く,救う"" answer=""説得する、説き勧める"" kaisetsu=""(52)説得する、説き勧める"" random=""true""]πεμπω[/quiz]",,,
6:動詞の時制,6:動詞の時制クイズ,ω動詞,ω動詞クイズ,σώζω,,Q. σώζω,106,救う,叫ぶ、叫び声を上げる,迫害する、追求する,私は開く,(106)救う（σῴζωと綴る場合有り）,救う（σῴζωと綴る場合有り）,(106)救う,"""true""","[quiz question=""救う,叫ぶ、叫び声を上げる,迫害する、追求する,私は開く"" answer=""救う"" kaisetsu=""(106)救う（σῴζωと綴る場合有り）"" random=""true""]σώζω[/quiz]",,,
6:動詞の時制,6:動詞の時制クイズ,ω動詞,ω動詞クイズ,ὑπάρχω,,Q. ὑπάρχω,60,ある、存在する,送る,栄光を現す、賛美する,現す、掲示する,(60)ある、存在する、ルカが使う（ヤイロは会堂長だった、私には金銀はない、土地や家を持っている人は売って）,ある、存在する、ルカが使う（ヤイロは会堂長だった、私には金銀はない、土地や家を持っている人は売って）,(60)ある、存在する,"""true""","[quiz question=""ある、存在する,送る,栄光を現す、賛美する,現す、掲示する"" answer=""ある、存在する"" kaisetsu=""(60)ある、存在する、ルカが使う（ヤイロは会堂長だった、私には金銀はない、土地や家を持っている人は売って）"" random=""true""]ὑπάρχω[/quiz]",,,
6:動詞の時制,6:動詞の時制クイズ,εω動詞,εω動詞クイズ,αἰτέω,,Q. αἰτέω,70,求める、頼む、願う,説得する、説き勧める,宣べる、説教する,洗礼を授ける,(70)求める、頼む、願う。二重対角をとり、「私は上に命乞いをする」はαἰτω τον θεον ζωήν となる（エレメンツp53脚注）,求める、頼む、願う。二重対角をとり、「私は上に命乞いをする」はαἰτω τον θεον ζωήν となる（エレメンツp53脚注）,(70)求める、頼む、願う,"""true""","[quiz question=""求める、頼む、願う,説得する、説き勧める,宣べる、説教する,洗礼を授ける"" answer=""求める、頼む、願う"" kaisetsu=""(70)求める、頼む、願う。二重対角をとり、「私は上に命乞いをする」はαἰτω τον θεον ζωήν となる（エレメンツp53脚注）"" random=""true""]αἰτέω[/quiz]",,,
6:動詞の時制,6:動詞の時制クイズ,εω動詞,εω動詞クイズ,εὐλογέω,,Q. εὐλογέω,42,誉める、祝福する,救う,叫ぶ、叫び声を上げる,書く、手紙を書く,(42)誉める、祝福する,誉める、祝福する,(42)誉める、祝福する,"""true""","[quiz question=""誉める、祝福する,救う,叫ぶ、叫び声を上げる,書く、手紙を書く"" answer=""誉める、祝福する"" kaisetsu=""(42)誉める、祝福する"" random=""true""]εὐλογέω[/quiz]",,,
6:動詞の時制,6:動詞の時制クイズ,εω動詞,εω動詞クイズ,εὐχαριστέω,,Q. εὐχαριστέω,38,感謝する,ある、存在する,送る,迫害する、追求する,(38)感謝する,感謝する,(38)感謝する,"""true""","[quiz question=""感謝する,ある、存在する,送る,迫害する、追求する"" answer=""感謝する"" kaisetsu=""(38)感謝する"" random=""true""]εὐχαριστέω[/quiz]",,,
6:動詞の時制,6:動詞の時制クイズ,εω動詞,εω動詞クイズ,οἰκοδομέω,,Q. οἰκοδομέω,40,建て上げる,求める、頼む、願う,説得する、説き勧める,栄光を現す、賛美する,(40)建て上げる,建て上げる,(40)建て上げる,"""true""","[quiz question=""建て上げる,求める、頼む、願う,説得する、説き勧める,栄光を現す、賛美する"" answer=""建て上げる"" kaisetsu=""(40)建て上げる"" random=""true""]οἰκοδομέω[/quiz]",,,
6:動詞の時制,6:動詞の時制クイズ,εω動詞,εω動詞クイズ,προσέχω,,Q. προσέχω,24,〜に注意する,誉める、祝福する,救う,宣べる、説教する,(24)＋与で〜に注意する（思いとか心に対して、偽預言者に警戒せよ）、マタイ、ルカ、使徒に集中。,＋与で〜に注意する（思いとか心に対して、偽預言者に警戒せよ）、マタイ、ルカ、使徒に集中。,(24)〜に注意する,"""true""","[quiz question=""〜に注意する,誉める、祝福する,救う,宣べる、説教する"" answer=""〜に注意する"" kaisetsu=""(24)＋与で〜に注意する（思いとか心に対して、偽預言者に警戒せよ）、マタイ、ルカ、使徒に集中。"" random=""true""]προσέχω[/quiz]",,,
6:動詞の時制,6:動詞の時制クイズ,時間に関する語彙,時間に関する語彙クイズ,ἄρτι,,Q. ἄρτι,36,今まさに、今すぐ,今日,いつも,まだ〜ない,(36)今まさに、今すぐ,今まさに、今すぐ,(36)今まさに、今すぐ,"""true""","[quiz question=""今まさに、今すぐ,感謝する,ある、存在する,叫ぶ、叫び声を上げる"" answer=""今まさに、今すぐ"" kaisetsu=""(36)今まさに、今すぐ"" random=""true""]ἄρτι[/quiz]",,,
6:動詞の時制,6:動詞の時制クイズ,時間に関する語彙,時間に関する語彙クイズ,ἔτι,,Q. ἔτι,93,未だ、なお,その時、それから、そして,かつて,もう一度、もとへ,(93)未だ、なお,未だ、なお,(93)未だ、なお,"""true""","[quiz question=""未だ、なお,建て上げる,求める、頼む、願う,送る"" answer=""未だ、なお"" kaisetsu=""(93)未だ、なお"" random=""true""]ἔτι[/quiz]",,,
6:動詞の時制,6:動詞の時制クイズ,時間に関する語彙,時間に関する語彙クイズ,ἤδη,,Q. ἤδη,61,すでに,今まさに、今すぐ,今日,いつも,(61)すでに,すでに,(61)すでに,"""true""","[quiz question=""すでに,〜に注意する,誉める、祝福する,説得する、説き勧める"" answer=""すでに"" kaisetsu=""(61)すでに"" random=""true""]ἤδη[/quiz]",,,
6:動詞の時制,6:動詞の時制クイズ,時間に関する語彙,時間に関する語彙クイズ,νῦν,,Q. νῦν,147,今,未だ、なお,その時、それから、そして,かつて,(147)今,今,(147)今,"""true""","[quiz question=""今,未だ、なお,感謝する,救う"" answer=""今"" kaisetsu=""(147)今"" random=""true""]νῦν[/quiz]",,,
6:動詞の時制,6:動詞の時制クイズ,時間に関する語彙,時間に関する語彙クイズ,ὅτε,,Q. ὅτε,103,〜の時に,すでに,今まさに、今すぐ,今日,(103)〜の時に,〜の時に,(103)〜の時に,"""true""","[quiz question=""〜の時に,すでに,建て上げる,ある、存在する"" answer=""〜の時に"" kaisetsu=""(103)〜の時に"" random=""true""]ὅτε[/quiz]",,,
6:動詞の時制,6:動詞の時制クイズ,時間に関する語彙,時間に関する語彙クイズ,οὐκέτι,,Q. οὐκέτι,47,もはや〜ない,今,未だ、なお,その時、それから、そして,(47)もはや〜ない,もはや〜ない,(47)もはや〜ない,"""true""","[quiz question=""もはや〜ない,今,〜に注意する,求める、頼む、願う"" answer=""もはや〜ない"" kaisetsu=""(47)もはや〜ない"" random=""true""]οὐκέτι[/quiz]",,,
6:動詞の時制,6:動詞の時制クイズ,時間に関する語彙,時間に関する語彙クイズ,οὔπω,,Q. οὔπω,26,まだ〜ない,〜の時に,すでに,今まさに、今すぐ,(26)まだ〜ない,まだ〜ない,(26)まだ〜ない,"""true""","[quiz question=""まだ〜ない,〜の時に,すでに,誉める、祝福する"" answer=""まだ〜ない"" kaisetsu=""(26)まだ〜ない"" random=""true""]οὔπω[/quiz]",,,
6:動詞の時制,6:動詞の時制クイズ,時間に関する語彙,時間に関する語彙クイズ,πάλιν,,Q. πάλιν,141,もう一度、もとへ,もはや〜ない,今,未だ、なお,(141)もう一度、もとへ,もう一度、もとへ,(141)もう一度、もとへ,"""true""","[quiz question=""もう一度、もとへ,もはや〜ない,今,感謝する"" answer=""もう一度、もとへ"" kaisetsu=""(141)もう一度、もとへ"" random=""true""]πάλιν[/quiz]",,,
6:動詞の時制,6:動詞の時制クイズ,時間に関する語彙,時間に関する語彙クイズ,πάντοτε,,Q. πάντοτε,41,いつも,まだ〜ない,〜の時に,すでに,(41)いつも,いつも,(41)いつも,"""true""","[quiz question=""いつも,まだ〜ない,〜の時に,建て上げる"" answer=""いつも"" kaisetsu=""(41)いつも"" random=""true""]πάντοτε[/quiz]",,,
6:動詞の時制,6:動詞の時制クイズ,時間に関する語彙,時間に関する語彙クイズ,πότε,,Q. πότε,29,かつて,もう一度、もとへ,もはや〜ない,今,(29)かつて、後置詞であって、文頭に置かれない,かつて、後置詞であって、文頭に置かれない,(29)かつて,"""true""","[quiz question=""かつて,もう一度、もとへ,もはや〜ない,〜に注意する"" answer=""かつて"" kaisetsu=""(29)かつて、後置詞であって、文頭に置かれない"" random=""true""]πότε[/quiz]",,,
6:動詞の時制,6:動詞の時制クイズ,時間に関する語彙,時間に関する語彙クイズ,σήμερον,,Q. σήμερον,41,今日,いつも,まだ〜ない,〜の時に,(41)今日,今日,(41)今日,"""true""","[quiz question=""今日,いつも,まだ〜ない,〜の時に"" answer=""今日"" kaisetsu=""(41)今日"" random=""true""]σήμερον[/quiz]",,,
6:動詞の時制,6:動詞の時制クイズ,時間に関する語彙,時間に関する語彙クイズ,τότε,,Q. τότε,160,その時、それから、そして,かつて,もう一度、もとへ,もはや〜ない,(160)その時、それから、そして,その時、それから、そして,(160)その時、それから、そして,"""true""","[quiz question=""その時、それから、そして,かつて,もう一度、もとへ,もはや〜ない"" answer=""その時、それから、そして"" kaisetsu=""(160)その時、それから、そして"" random=""true""]τότε[/quiz]",,,
6:動詞の時制,6:動詞の時制クイズ,その他,その他クイズ,δύο,,Q. δύο,135,２（数詞）,デュエット,３,まだ,(135)数詞　２,数詞　２,(135)２（数詞）,"""true""","[quiz question=""２（数詞）,今日,いつも,まだ〜ない"" answer=""２（数詞）"" kaisetsu=""(135)数詞　２"" random=""true""]δύο[/quiz]",,,
6:動詞の時制,6:動詞の時制クイズ,その他,その他クイズ,Τιμόθεος,,Q. Τιμόθεος,24,テモテ,ヨハネ,テオピロ,シドン,(24)テモテ,テモテ,(24)テモテ,"""true""","[quiz question=""テモテ,その時、それから、そして,かつて,もう一度、もとへ"" answer=""テモテ"" kaisetsu=""(24)テモテ"" random=""true""]Τιμόθεος[/quiz]",,,
6:動詞の時制,6:動詞の時制クイズ,その他,その他クイズ,"τόπος,ὁ",,"Q. τόπος,ὁ",94,場所、地方（複数）,国,外国,異邦人,(94)場所、地方（複数）,場所、地方（複数）,(94)場所、地方（複数）,"""true""","[quiz question=""場所、地方（複数）,国,今日,いつも"" answer=""場所、地方（複数）"" kaisetsu=""(94)場所、地方（複数）"" random=""true""]τόπος,ὁ[/quiz]",,,
12:第３変化（１）,12:第３変化（１）クイズ,第３変化名詞,第３変化名詞クイズ,"ἀνήρ,ἀνδρος,ὁ",,"Q. ἀνήρ,ἀνδρος,ὁ",216,男、夫,妻、女,シモン,支配者,"(216)男、夫、ἀνήρ, ἀνδρός,ὁ","男、夫、ἀνήρ, ἀνδρός,ὁ",(216)男、夫,"""true""","[quiz question=""男、夫,妻、女,その時、それから、そして,かつて"" answer=""男、夫"" kaisetsu=""(216)男、夫、ἀνήρ, ἀνδρός,ὁ"" random=""true""]ἀνήρ,ἀνδρος,ὁ[/quiz]",,,
12:第３変化（１）,12:第３変化（１）クイズ,第３変化名詞,第３変化名詞クイズ,ἀνδρός,,Q. ἀνδρός,216,男、夫,妻、女,シモン,支配者,"(216)男、夫、ἀνήρ, ἀνδρός,ὁ","男、夫、ἀνήρ, ἀνδρός,ὁ",(216)男、夫,"""true""","[quiz question=""男、夫,妻、女,今まさに、今すぐ,今日"" answer=""男、夫"" kaisetsu=""(216)男、夫、ἀνήρ, ἀνδρός,ὁ"" random=""true""]ἀνδρός[/quiz]",,,
12:第３変化（１）,12:第３変化（１）クイズ,第３変化名詞,第３変化名詞クイズ,"ἀστήρ,ἀστέρος,ὁ",,"Q. ἀστήρ,ἀστέρος,ὁ",24,星,男、夫,妻、女,シモン,"(24)星　ἀστήρ,ἀστέρος,ὁ","星　ἀστήρ,ἀστέρος,ὁ",(24)星,"""true""","[quiz question=""星,男、夫,未だ、なお,その時、それから、そして"" answer=""星"" kaisetsu=""(24)星　ἀστήρ,ἀστέρος,ὁ"" random=""true""]ἀστήρ,ἀστέρος,ὁ[/quiz]",,,
12:第３変化（１）,12:第３変化（１）クイズ,第３変化名詞,第３変化名詞クイズ,ἀστέρος,,Q. ἀστέρος,24,星,男、夫,妻、女,シモン,"(24)星　ἀστήρ,ἀστέρος,ὁ","星　ἀστήρ,ἀστέρος,ὁ",(24)星,"""true""","[quiz question=""星,男、夫,すでに,今まさに、今すぐ"" answer=""星"" kaisetsu=""(24)星　ἀστήρ,ἀστέρος,ὁ"" random=""true""]ἀστέρος[/quiz]",,,
12:第３変化（１）,12:第３変化（１）クイズ,第３変化名詞,第３変化名詞クイズ,"σωτήρ,σωτῆρος,ὁ",,"Q. σωτήρ,σωτῆρος,ὁ",24,救世主,星,男、夫,妻、女,"(24)救世主　σωτήρ,σωτῆρος,ὁ","救世主　σωτήρ,σωτῆρος,ὁ",(24)救世主,"""true""","[quiz question=""救世主,星,今,未だ、なお"" answer=""救世主"" kaisetsu=""(24)救世主　σωτήρ,σωτῆρος,ὁ"" random=""true""]σωτήρ,σωτῆρος,ὁ[/quiz]",,,
12:第３変化（１）,12:第３変化（１）クイズ,第３変化名詞,第３変化名詞クイズ,σωτῆρος,,Q. σωτῆρος,24,救世主,星,男、夫,妻、女,"(24)救世主　σωτήρ,σωτῆρος,ὁ","救世主　σωτήρ,σωτῆρος,ὁ",(24)救世主,"""true""","[quiz question=""救世主,星,〜の時に,すでに"" answer=""救世主"" kaisetsu=""(24)救世主　σωτήρ,σωτῆρος,ὁ"" random=""true""]σωτῆρος[/quiz]",,,
12:第３変化（１）,12:第３変化（１）クイズ,第３変化名詞,第３変化名詞クイズ,"αἰών,αἰῶνος,ὁ",,"Q. αἰών,αἰῶνος,ὁ",122,時代、世代、世,救世主,星,男、夫,"(122)時代、世代、世　αἰών,αἰῶνος,ὁ 　「εἰς τον αἰωνα」永遠に","時代、世代、世　αἰών,αἰῶνος,ὁ 　「εἰς τον αἰωνα」永遠に",(122)時代、世代、世,"""true""","[quiz question=""時代、世代、世,救世主,もはや〜ない,今"" answer=""時代、世代、世"" kaisetsu=""(122)時代、世代、世　αἰών,αἰῶνος,ὁ 　「εἰς τον αἰωνα」永遠に"" random=""true""]αἰών,αἰῶνος,ὁ[/quiz]",,,
12:第３変化（１）,12:第３変化（１）クイズ,第３変化名詞,第３変化名詞クイズ,αἰῶνος,,Q. αἰῶνος,122,時代、世代、世,救世主,星,男、夫,"(122)時代、世代、世　αἰών,αἰῶνος,ὁ 　「εἰς τον αἰωνα」永遠に","時代、世代、世　αἰών,αἰῶνος,ὁ 　「εἰς τον αἰωνα」永遠に",(122)時代、世代、世,"""true""","[quiz question=""時代、世代、世,救世主,まだ〜ない,〜の時に"" answer=""時代、世代、世"" kaisetsu=""(122)時代、世代、世　αἰών,αἰῶνος,ὁ 　「εἰς τον αἰωνα」永遠に"" random=""true""]αἰῶνος[/quiz]",,,
12:第３変化（１）,12:第３変化（１）クイズ,第３変化名詞,第３変化名詞クイズ,"ἄρχων,ἄρχοντος,ὁ",,"Q. ἄρχων,ἄρχοντος,ὁ",37,支配者,時代、世代、世,救世主,星,"(37)支配者　ἄρχων,ἄρχοντος,ὁ","支配者　ἄρχων,ἄρχοντος,ὁ",(37)支配者,"""true""","[quiz question=""支配者,時代、世代、世,もう一度、もとへ,もはや〜ない"" answer=""支配者"" kaisetsu=""(37)支配者　ἄρχων,ἄρχοντος,ὁ"" random=""true""]ἄρχων,ἄρχοντος,ὁ[/quiz]",,,
12:第３変化（１）,12:第３変化（１）クイズ,第３変化名詞,第３変化名詞クイズ,ἄρχοντος,,Q. ἄρχοντος,37,支配者,時代、世代、世,救世主,星,"(37)支配者　ἄρχων,ἄρχοντος,ὁ","支配者　ἄρχων,ἄρχοντος,ὁ",(37)支配者,"""true""","[quiz question=""支配者,時代、世代、世,３,まだ"" answer=""支配者"" kaisetsu=""(37)支配者　ἄρχων,ἄρχοντος,ὁ"" random=""true""]ἄρχοντος[/quiz]",,,
12:第３変化（１）,12:第３変化（１）クイズ,第３変化名詞,第３変化名詞クイズ,"Σίμων,Σίμωνος,ὁ",,"Q. Σίμων,Σίμωνος,ὁ",75,シモン,支配者,時代、世代、世,救世主,"(75)シモン　Σίμων,Σίμωνος,ὁ　","シモン　Σίμων,Σίμωνος,ὁ　",(75)シモン,"""true""","[quiz question=""シモン,支配者,テオピロ,シドン"" answer=""シモン"" kaisetsu=""(75)シモン　Σίμων,Σίμωνος,ὁ　"" random=""true""]Σίμων,Σίμωνος,ὁ[/quiz]",,,
12:第３変化（１）,12:第３変化（１）クイズ,第３変化名詞,第３変化名詞クイズ,Σίμωνος,,Q. Σίμωνος,75,シモン,支配者,時代、世代、世,救世主,"(75)シモン　Σίμων,Σίμωνος,ὁ　","シモン　Σίμων,Σίμωνος,ὁ　",(75)シモン,"""true""","[quiz question=""シモン,支配者,外国,異邦人"" answer=""シモン"" kaisetsu=""(75)シモン　Σίμων,Σίμωνος,ὁ　"" random=""true""]Σίμωνος[/quiz]",,,
12:第３変化（１）,12:第３変化（１）クイズ,第３変化名詞,第３変化名詞クイズ,"γυνή,γθναικός,ἡ",,"Q. γυνή,γθναικός,ἡ",215,妻、女,シモン,支配者,時代、世代、世,"(215)妻、女　γυνή,γυναικός ἡ","妻、女　γυνή,γυναικός ἡ",(215)妻、女,"""true""","[quiz question=""妻、女,シモン,シモン,支配者"" answer=""妻、女"" kaisetsu=""(215)妻、女　γυνή,γυναικός ἡ"" random=""true""]γυνή,γθναικός,ἡ[/quiz]",,,
12:第３変化（１）,12:第３変化（１）クイズ,第３変化名詞,第３変化名詞クイズ,γυναικός,,Q. γυναικός,215,妻、女,シモン,支配者,時代、世代、世,"(215)妻、女　γυνή,γυναικός ἡ","妻、女　γυνή,γυναικός ἡ",(215)妻、女,"""true""","[quiz question=""妻、女,シモン,シモン,支配者"" answer=""妻、女"" kaisetsu=""(215)妻、女　γυνή,γυναικός ἡ"" random=""true""]γυναικός[/quiz]",,,
12:第３変化（１）,12:第３変化（１）クイズ,第３変化名詞,第３変化名詞クイズ,"ἐλπίς,ἐλπίδος,ἡ",,"Q. ἐλπίς,ἐλπίδος,ἡ",53,希望,体、身体,口,言葉、語られたこと,(53)希望,希望,(53)希望,"""true""","[quiz question=""希望,体、身体,妻、女,シモン"" answer=""希望"" kaisetsu=""(53)希望"" random=""true""]ἐλπίς,ἐλπίδος,ἡ[/quiz]",,,
12:第３変化（１）,12:第３変化（１）クイズ,第３変化名詞,第３変化名詞クイズ,ἐλπίδος,,Q. ἐλπίδος,53,希望,体、身体,口,言葉、語られたこと,(53)希望,希望,(53)希望,"""true""","[quiz question=""希望,体、身体,妻、女,シモン"" answer=""希望"" kaisetsu=""(53)希望"" random=""true""]ἐλπίδος[/quiz]",,,
12:第３変化（１）,12:第３変化（１）クイズ,第３変化名詞,第３変化名詞クイズ,"θυγάτηρ,θυγατρός,ἡ",,"Q. θυγάτηρ,θυγατρός,ἡ",28,娘,希望,体、身体,口,(28)娘,娘,(28)娘,"""true""","[quiz question=""娘,希望,男、夫,妻、女"" answer=""娘"" kaisetsu=""(28)娘"" random=""true""]θυγάτηρ,θυγατρός,ἡ[/quiz]",,,
12:第３変化（１）,12:第３変化（１）クイズ,第３変化名詞,第３変化名詞クイズ,θυγατρός,,Q. θυγατρός,28,娘,希望,体、身体,口,(28)娘,娘,(28)娘,"""true""","[quiz question=""娘,希望,男、夫,妻、女"" answer=""娘"" kaisetsu=""(28)娘"" random=""true""]θυγατρός[/quiz]",,,
12:第３変化（１）,12:第３変化（１）クイズ,第３変化名詞,第３変化名詞クイズ,"μήτηρ,μητρός,ἡ",,"Q. μήτηρ,μητρός,ἡ",83,母,娘,希望,体、身体,(83)母,母,(83)母,"""true""","[quiz question=""母,娘,星,男、夫"" answer=""母"" kaisetsu=""(83)母"" random=""true""]μήτηρ,μητρός,ἡ[/quiz]",,,
12:第３変化（１）,12:第３変化（１）クイズ,第３変化名詞,第３変化名詞クイズ,μητρός,,Q. μητρός,83,母,娘,希望,体、身体,(83)母,母,(83)母,"""true""","[quiz question=""母,娘,星,男、夫"" answer=""母"" kaisetsu=""(83)母"" random=""true""]μητρός[/quiz]",,,
12:第３変化（１）,12:第３変化（１）クイズ,第３変化名詞,第３変化名詞クイズ,"νύξ,νυκτός,ἡ",,"Q. νύξ,νυκτός,ἡ",61,夜,母,娘,希望,(61)夜,夜,(61)夜,"""true""","[quiz question=""夜,母,救世主,星"" answer=""夜"" kaisetsu=""(61)夜"" random=""true""]νύξ,νυκτός,ἡ[/quiz]",,,
12:第３変化（１）,12:第３変化（１）クイズ,第３変化名詞,第３変化名詞クイズ,νυκτός,,Q. νυκτός,61,夜,母,娘,希望,(61)夜,夜,(61)夜,"""true""","[quiz question=""夜,母,救世主,星"" answer=""夜"" kaisetsu=""(61)夜"" random=""true""]νυκτός[/quiz]",,,
12:第３変化（１）,12:第３変化（１）クイズ,第３変化名詞,第３変化名詞クイズ,"πῦρ,πυρός,τό",,"Q. πῦρ,πυρός,τό",71,火,夜,母,娘,(71)火,火,(71)火,"""true""","[quiz question=""火,夜,時代、世代、世,救世主"" answer=""火"" kaisetsu=""(71)火"" random=""true""]πῦρ,πυρός,τό[/quiz]",,,
12:第３変化（１）,12:第３変化（１）クイズ,第３変化名詞,第３変化名詞クイズ,πυρός,,Q. πυρός,71,火,夜,母,娘,(71)火,火,(71)火,"""true""","[quiz question=""火,夜,時代、世代、世,救世主"" answer=""火"" kaisetsu=""(71)火"" random=""true""]πυρός[/quiz]",,,
12:第３変化（１）,12:第３変化（１）クイズ,第３変化名詞,第３変化名詞クイズ,"ὕδωρ,ὕδατος,τό",,"Q. ὕδωρ,ὕδατος,τό",76,水,火,夜,母,(76)水,水,(76)水,"""true""","[quiz question=""水,火,支配者,時代、世代、世"" answer=""水"" kaisetsu=""(76)水"" random=""true""]ὕδωρ,ὕδατος,τό[/quiz]",,,
12:第３変化（１）,12:第３変化（１）クイズ,第３変化名詞,第３変化名詞クイズ,ὕδατος,,Q. ὕδατος,76,水,火,夜,母,(76)水,水,(76)水,"""true""","[quiz question=""水,火,支配者,時代、世代、世"" answer=""水"" kaisetsu=""(76)水"" random=""true""]ὕδατος[/quiz]",,,
12:第３変化（１）,12:第３変化（１）クイズ,第３変化名詞,第３変化名詞クイズ,"αἷμα,αἵματος,τό",,"Q. αἷμα,αἵματος,τό",97,血,水,火,夜,(97)血,血,(97)血,"""true""","[quiz question=""血,水,口,言葉、語られたこと"" answer=""血"" kaisetsu=""(97)血"" random=""true""]αἷμα,αἵματος,τό[/quiz]",,,
12:第３変化（１）,12:第３変化（１）クイズ,第３変化名詞,第３変化名詞クイズ,αἵματος,,Q. αἵματος,97,血,水,火,夜,(97)血,血,(97)血,"""true""","[quiz question=""血,水,口,言葉、語られたこと"" answer=""血"" kaisetsu=""(97)血"" random=""true""]αἵματος[/quiz]",,,
12:第３変化（１）,12:第３変化（１）クイズ,第３変化名詞,第３変化名詞クイズ,"θέλημα,θελήματος,τό",,"Q. θέλημα,θελήματος,τό",62,意思,血,水,火,(62)意思,意思,(62)意思,"""true""","[quiz question=""意思,血,体、身体,口"" answer=""意思"" kaisetsu=""(62)意思"" random=""true""]θέλημα,θελήματος,τό[/quiz]",,,
12:第３変化（１）,12:第３変化（１）クイズ,第３変化名詞,第３変化名詞クイズ,θελήματος,,Q. θελήματος,62,意思,血,水,火,(62)意思,意思,(62)意思,"""true""","[quiz question=""意思,血,体、身体,口"" answer=""意思"" kaisetsu=""(62)意思"" random=""true""]θελήματος[/quiz]",,,
12:第３変化（１）,12:第３変化（１）クイズ,第３変化名詞,第３変化名詞クイズ,"ὄνομα,ὀνόματος,τό",,"Q. ὄνομα,ὀνόματος,τό",231,名前,意思,血,水,(231)名前,名前,(231)名前,"""true""","[quiz question=""名前,意思,希望,体、身体"" answer=""名前"" kaisetsu=""(231)名前"" random=""true""]ὄνομα,ὀνόματος,τό[/quiz]",,,
12:第３変化（１）,12:第３変化（１）クイズ,第３変化名詞,第３変化名詞クイズ,ὀνόματος,,Q. ὀνόματος,231,名前,意思,血,水,(231)名前,名前,(231)名前,"""true""","[quiz question=""名前,意思,希望,体、身体"" answer=""名前"" kaisetsu=""(231)名前"" random=""true""]ὀνόματος[/quiz]",,,
12:第３変化（１）,12:第３変化（１）クイズ,第３変化名詞,第３変化名詞クイズ,"πνεῦμα,πνεύματος,τό",,"Q. πνεῦμα,πνεύματος,τό",379,霊、風,名前,意思,血,(379)霊、風,霊、風,(379)霊、風,"""true""","[quiz question=""霊、風,名前,娘,希望"" answer=""霊、風"" kaisetsu=""(379)霊、風"" random=""true""]πνεῦμα,πνεύματος,τό[/quiz]",,,
12:第３変化（１）,12:第３変化（１）クイズ,第３変化名詞,第３変化名詞クイズ,πνεύματος,,Q. πνεύματος,379,霊、風,名前,意思,血,(379)霊、風,霊、風,(379)霊、風,"""true""","[quiz question=""霊、風,名前,娘,希望"" answer=""霊、風"" kaisetsu=""(379)霊、風"" random=""true""]πνεύματος[/quiz]",,,
12:第３変化（１）,12:第３変化（１）クイズ,第３変化名詞,第３変化名詞クイズ,"πούς,ποδός,ὁ",,"Q. πούς,ποδός,ὁ",93,足,霊、風,名前,意思,(93)足,足,(93)足,"""true""","[quiz question=""足,霊、風,母,娘"" answer=""足"" kaisetsu=""(93)足"" random=""true""]πούς,ποδός,ὁ[/quiz]",,,
12:第３変化（１）,12:第３変化（１）クイズ,第３変化名詞,第３変化名詞クイズ,ποδός,,Q. ποδός,93,足,霊、風,名前,意思,(93)足,足,(93)足,"""true""","[quiz question=""足,霊、風,母,娘"" answer=""足"" kaisetsu=""(93)足"" random=""true""]ποδός[/quiz]",,,
12:第３変化（１）,12:第３変化（１）クイズ,第３変化名詞,第３変化名詞クイズ,"πάτηρ,πατρός,ὁ",,"Q. πάτηρ,πατρός,ὁ",413,父,足,霊、風,名前,(413)父,父,(413)父,"""true""","[quiz question=""父,足,夜,母"" answer=""父"" kaisetsu=""(413)父"" random=""true""]πάτηρ,πατρός,ὁ[/quiz]",,,
12:第３変化（１）,12:第３変化（１）クイズ,第３変化名詞,第３変化名詞クイズ,πατρός,,Q. πατρός,413,父,足,霊、風,名前,(413)父,父,(413)父,"""true""","[quiz question=""父,足,夜,母"" answer=""父"" kaisetsu=""(413)父"" random=""true""]πατρός[/quiz]",,,
12:第３変化（１）,12:第３変化（１）クイズ,第３変化名詞,第３変化名詞クイズ,"σάρξ,σαρκός,ἡ",,"Q. σάρξ,σαρκός,ἡ",147,肉、人,父,足,霊、風,(147)肉、人,肉、人,(147)肉、人,"""true""","[quiz question=""肉、人,父,火,夜"" answer=""肉、人"" kaisetsu=""(147)肉、人"" random=""true""]σάρξ,σαρκός,ἡ[/quiz]",,,
12:第３変化（１）,12:第３変化（１）クイズ,第３変化名詞,第３変化名詞クイズ,σαρκός,,Q. σαρκός,147,肉、人,父,足,霊、風,(147)肉、人,肉、人,(147)肉、人,"""true""","[quiz question=""肉、人,父,足,霊、風"" answer=""肉、人"" kaisetsu=""(147)肉、人"" random=""true""]σαρκός[/quiz]",,,
12:第３変化（１）,12:第３変化（１）クイズ,第３変化名詞,第３変化名詞クイズ,"χάρις,χάριτος,ἡ",,"Q. χάρις,χάριτος,ἡ",155,恵、好意,肉、人,父,足,(155)恵、好意,恵、好意,(155)恵、好意,"""true""","[quiz question=""恵、好意,肉、人,父,足"" answer=""恵、好意"" kaisetsu=""(155)恵、好意"" random=""true""]χάρις,χάριτος,ἡ[/quiz]",,,
12:第３変化（１）,12:第３変化（１）クイズ,第３変化名詞,第３変化名詞クイズ,χάριτος,,Q. χάριτος,155,恵、好意,肉、人,父,足,(155)恵、好意,恵、好意,(155)恵、好意,"""true""","[quiz question=""恵、好意,肉、人,父,足"" answer=""恵、好意"" kaisetsu=""(155)恵、好意"" random=""true""]χάριτος[/quiz]",,,
12:第３変化（１）,12:第３変化（１）クイズ,第３変化名詞,第３変化名詞クイズ,"χείρ,χειρὀς,ἡ",,"Q. χείρ,χειρὀς,ἡ",177,手,恵、好意,肉、人,父,(177)手,手,(177)手,"""true""","[quiz question=""手,恵、好意,肉、人,父"" answer=""手"" kaisetsu=""(177)手"" random=""true""]χείρ,χειρὀς,ἡ[/quiz]",,,
12:第３変化（１）,12:第３変化（１）クイズ,第３変化名詞,第３変化名詞クイズ,χειρός,,Q. χειρός,177,手,恵、好意,肉、人,父,(177)手,手,(177)手,"""true""","[quiz question=""手,恵、好意,肉、人,父"" answer=""手"" kaisetsu=""(177)手"" random=""true""]χειρός[/quiz]",,,
12:第３変化（１）,12:第３変化（１）クイズ,第３変化名詞,第３変化名詞クイズ,"φῶς,φωτός,τό",,"Q. φῶς,φωτός,τό",73,光,手,恵、好意,肉、人,(73)光,光,(73)光,"""true""","[quiz question=""光,手,恵、好意,肉、人"" answer=""光"" kaisetsu=""(73)光"" random=""true""]φῶς,φωτός,τό[/quiz]",,,
12:第３変化（１）,12:第３変化（１）クイズ,第３変化名詞,第３変化名詞クイズ,φωτός,,Q. φωτός,73,光,手,恵、好意,肉、人,(73)光,光,(73)光,"""true""","[quiz question=""光,手,恵、好意,肉、人"" answer=""光"" kaisetsu=""(73)光"" random=""true""]φωτός[/quiz]",,,
12:第３変化（１）,12:第３変化（１）クイズ,第３変化名詞,第３変化名詞クイズ,"ῥῆμα,ῥήματος,τό",,"Q. ῥῆμα,ῥήματος,τό",68,言葉、語られたこと,光,手,恵、好意,(68)言葉、語られたこと,言葉、語られたこと,(68)言葉、語られたこと,"""true""","[quiz question=""言葉、語られたこと,光,手,恵、好意"" answer=""言葉、語られたこと"" kaisetsu=""(68)言葉、語られたこと"" random=""true""]ῥῆμα,ῥήματος,τό[/quiz]",,,
12:第３変化（１）,12:第３変化（１）クイズ,第３変化名詞,第３変化名詞クイズ,ῥήματος,,Q. ῥήματος,68,言葉、語られたこと,光,手,恵、好意,(68)言葉、語られたこと,言葉、語られたこと,(68)言葉、語られたこと,"""true""","[quiz question=""言葉、語られたこと,光,手,恵、好意"" answer=""言葉、語られたこと"" kaisetsu=""(68)言葉、語られたこと"" random=""true""]ῥήματος[/quiz]",,,
12:第３変化（１）,12:第３変化（１）クイズ,第３変化名詞,第３変化名詞クイズ,"στόμα,σώματος,τό",,"Q. στόμα,σώματος,τό",78,口,言葉、語られたこと,光,手,(78)口,口,(78)口,"""true""","[quiz question=""口,言葉、語られたこと,光,手"" answer=""口"" kaisetsu=""(78)口"" random=""true""]στόμα,σώματος,τό[/quiz]",,,
12:第３変化（１）,12:第３変化（１）クイズ,第３変化名詞,第３変化名詞クイズ,στόματος,,Q. στόματος,78,口,言葉、語られたこと,光,手,(78)口,口,(78)口,"""true""","[quiz question=""口,言葉、語られたこと,光,手"" answer=""口"" kaisetsu=""(78)口"" random=""true""]στόματος[/quiz]",,,
12:第３変化（１）,12:第３変化（１）クイズ,第３変化名詞,第３変化名詞クイズ,σῶμα,,Q. σῶμα,142,体、身体,口,言葉、語られたこと,光,(142)体、身体,体、身体,(142)体、身体,"""true""","[quiz question=""体、身体,口,言葉、語られたこと,光"" answer=""体、身体"" kaisetsu=""(142)体、身体"" random=""true""]σῶμα[/quiz]",,,
12:第３変化（１）,12:第３変化（１）クイズ,第３変化名詞,第３変化名詞クイズ,σώματος,,Q. σώματος,142,体、身体,口,言葉、語られたこと,光,(142)体、身体,体、身体,(142)体、身体,"""true""","[quiz question=""体、身体,口,言葉、語られたこと,光"" answer=""体、身体"" kaisetsu=""(142)体、身体"" random=""true""]σώματος[/quiz]",,,
12:第３変化（１）,12:第３変化（１）クイズ,形容詞,形容詞クイズ,μείζων,,Q. μείζων,48,より大きい、より偉大,ちょうど〜のように、〜のように,〜な者なら誰でも（不定関係代名詞）,誰？何？,(48)より大きい、より偉大,より大きい、より偉大,(48)より大きい、より偉大,"""true""","[quiz question=""より大きい、より偉大,ちょうど〜のように、〜のように,〜な者なら誰でも（不定関係代名詞）,誰？何？"" answer=""より大きい、より偉大"" kaisetsu=""(48)より大きい、より偉大"" random=""true""]μείζων[/quiz]",,,
12:第３変化（１）,12:第３変化（１）クイズ,形容詞,形容詞クイズ,πλείων,,Q. πλείων,55,より多い、より多くの,より大きい、より偉大,ちょうど〜のように、〜のように,〜な者なら誰でも（不定関係代名詞）,(55)より多い、より多くの,より多い、より多くの,(55)より多い、より多くの,"""true""","[quiz question=""より多い、より多くの,より大きい、より偉大,ちょうど〜のように、〜のように,〜な者なら誰でも（不定関係代名詞）"" answer=""より多い、より多くの"" kaisetsu=""(55)より多い、より多くの"" random=""true""]πλείων[/quiz]",,,
12:第３変化（１）,12:第３変化（１）クイズ,その他,その他クイズ,τις,τι,Q. τις,525,誰か、誰でもある（人々）,より多い、より多くの,より大きい、より偉大,ちょうど〜のように、〜のように,(525)誰か、誰でもある（人々）,誰か、誰でもある（人々）,(525)誰か、誰でもある（人々）,"""true""","[quiz question=""誰か、誰でもある（人々）,より多い、より多くの,より大きい、より偉大,ちょうど〜のように、〜のように"" answer=""誰か、誰でもある（人々）"" kaisetsu=""(525)誰か、誰でもある（人々）"" random=""true""]τις[/quiz]",,,
12:第３変化（１）,12:第３変化（１）クイズ,その他,その他クイズ,τίς,τί,Q. τίς,556,誰？何？,誰か、誰でもある（人々）,より多い、より多くの,より大きい、より偉大,(556)誰？何？,誰？何？,(556)誰？何？,"""true""","[quiz question=""誰？何？,誰か、誰でもある（人々）,より多い、より多くの,より大きい、より偉大"" answer=""誰？何？"" kaisetsu=""(556)誰？何？"" random=""true""]τίς[/quiz]",,,
12:第３変化（１）,12:第３変化（１）クイズ,その他,その他クイズ,ὅστις,,Q. ὅστις,153,〜な者なら誰でも（不定関係代名詞）,誰？何？,誰か、誰でもある（人々）,より多い、より多くの,(153)〜な者なら誰でも（不定関係代名詞）,〜な者なら誰でも（不定関係代名詞）,(153)〜な者なら誰でも（不定関係代名詞）,"""true""","[quiz question=""〜な者なら誰でも（不定関係代名詞）,誰？何？,誰か、誰でもある（人々）,より多い、より多くの"" answer=""〜な者なら誰でも（不定関係代名詞）"" kaisetsu=""(153)〜な者なら誰でも（不定関係代名詞）"" random=""true""]ὅστις[/quiz]",,,
12:第３変化（１）,12:第３変化（１）クイズ,その他,その他クイズ,ὥσπερ,,Q. ὥσπερ,36,ちょうど〜のように、〜のように,〜な者なら誰でも（不定関係代名詞）,誰？何？,誰か、誰でもある（人々）,(36)ちょうど〜のように、〜のように,ちょうど〜のように、〜のように,(36)ちょうど〜のように、〜のように,"""true""","[quiz question=""ちょうど〜のように、〜のように,〜な者なら誰でも（不定関係代名詞）,誰？何？,誰か、誰でもある（人々）"" answer=""ちょうど〜のように、〜のように"" kaisetsu=""(36)ちょうど〜のように、〜のように"" random=""true""]ὥσπερ[/quiz]",,,
13:第３変化（２）,13:第３変化（２）クイズ,第３変化の中性名詞（単数・属格が-ους）,第３変化の中性名詞（単数・属格が-ους）クイズ,ἔθνος,,Q. ἔθνος,162,国民、民族、異邦人（複）,弱い、病気の,真実の、本当の,両親,(162)国民、民族、異邦人（複）,国民、民族、異邦人（複）,(162)国民、民族、異邦人（複）,"""true""","[quiz question=""国民、民族、異邦人（複）,弱い、病気の,真実の、本当の,両親"" answer=""国民、民族、異邦人（複）"" kaisetsu=""(162)国民、民族、異邦人（複）"" random=""true""]ἔθνος[/quiz]",,,
13:第３変化（２）,13:第３変化（２）クイズ,第３変化の中性名詞（単数・属格が-ους）,第３変化の中性名詞（単数・属格が-ους）クイズ,ἔλεος,,Q. ἔλεος,27,憐れみ、慈悲,国民、民族、異邦人（複）,弱い、病気の,真実の、本当の,(27)憐れみ、慈悲,憐れみ、慈悲,(27)憐れみ、慈悲,"""true""","[quiz question=""憐れみ、慈悲,国民、民族、異邦人（複）,弱い、病気の,真実の、本当の"" answer=""憐れみ、慈悲"" kaisetsu=""(27)憐れみ、慈悲"" random=""true""]ἔλεος[/quiz]",,,
13:第３変化（２）,13:第３変化（２）クイズ,第３変化の中性名詞（単数・属格が-ους）,第３変化の中性名詞（単数・属格が-ους）クイズ,ἔτος,,Q. ἔτος,49,年、年齢,憐れみ、慈悲,国民、民族、異邦人（複）,弱い、病気の,(49)年、年齢,年、年齢,(49)年、年齢,"""true""","[quiz question=""年、年齢,憐れみ、慈悲,国民、民族、異邦人（複）,弱い、病気の"" answer=""年、年齢"" kaisetsu=""(49)年、年齢"" random=""true""]ἔτος[/quiz]",,,
13:第３変化（２）,13:第３変化（２）クイズ,第３変化の中性名詞（単数・属格が-ους）,第３変化の中性名詞（単数・属格が-ους）クイズ,μέλος,,Q. μέλος,34,（体の）部分、肢体,年、年齢,憐れみ、慈悲,国民、民族、異邦人（複）,(34)（体の）部分、肢体,（体の）部分、肢体,(34)（体の）部分、肢体,"""true""","[quiz question=""（体の）部分、肢体,年、年齢,憐れみ、慈悲,国民、民族、異邦人（複）"" answer=""（体の）部分、肢体"" kaisetsu=""(34)（体の）部分、肢体"" random=""true""]μέλος[/quiz]",,,
13:第３変化（２）,13:第３変化（２）クイズ,第３変化の中性名詞（単数・属格が-ους）,第３変化の中性名詞（単数・属格が-ους）クイズ,μέρος,,Q. μέρος,42,分け前、一部分,（体の）部分、肢体,年、年齢,憐れみ、慈悲,(42)分け前、一部分,分け前、一部分,(42)分け前、一部分,"""true""","[quiz question=""分け前、一部分,（体の）部分、肢体,年、年齢,憐れみ、慈悲"" answer=""分け前、一部分"" kaisetsu=""(42)分け前、一部分"" random=""true""]μέρος[/quiz]",,,
13:第３変化（２）,13:第３変化（２）クイズ,第３変化の中性名詞（単数・属格が-ους）,第３変化の中性名詞（単数・属格が-ους）クイズ,ὄρος,,Q. ὄρος,63,山、丘,分け前、一部分,（体の）部分、肢体,年、年齢,(63)山、丘,山、丘,(63)山、丘,"""true""","[quiz question=""山、丘,分け前、一部分,（体の）部分、肢体,年、年齢"" answer=""山、丘"" kaisetsu=""(63)山、丘"" random=""true""]ὄρος[/quiz]",,,
13:第３変化（２）,13:第３変化（２）クイズ,第３変化の中性名詞（単数・属格が-ους）,第３変化の中性名詞（単数・属格が-ους）クイズ,πλῆθος,,Q. πλῆθος,31,群衆、多数,山、丘,分け前、一部分,（体の）部分、肢体,(31)群衆、多数,群衆、多数,(31)群衆、多数,"""true""","[quiz question=""群衆、多数,山、丘,分け前、一部分,（体の）部分、肢体"" answer=""群衆、多数"" kaisetsu=""(31)群衆、多数"" random=""true""]πλῆθος[/quiz]",,,
13:第３変化（２）,13:第３変化（２）クイズ,第３変化の中性名詞（単数・属格が-ους）,第３変化の中性名詞（単数・属格が-ους）クイズ,σκεῦος,,Q. σκεῦος,23,もの、容器、（複）所有物,群衆、多数,山、丘,分け前、一部分,(23)もの、容器、（複）所有物,もの、容器、（複）所有物,(23)もの、容器、（複）所有物,"""true""","[quiz question=""もの、容器、（複）所有物,群衆、多数,山、丘,分け前、一部分"" answer=""もの、容器、（複）所有物"" kaisetsu=""(23)もの、容器、（複）所有物"" random=""true""]σκεῦος[/quiz]",,,
13:第３変化（２）,13:第３変化（２）クイズ,第３変化の中性名詞（単数・属格が-ους）,第３変化の中性名詞（単数・属格が-ους）クイズ,σκότος,,Q. σκότος,31,暗闇,もの、容器、（複）所有物,群衆、多数,山、丘,(31)暗闇,暗闇,(31)暗闇,"""true""","[quiz question=""暗闇,もの、容器、（複）所有物,群衆、多数,山、丘"" answer=""暗闇"" kaisetsu=""(31)暗闇"" random=""true""]σκότος[/quiz]",,,
13:第３変化（２）,13:第３変化（２）クイズ,第３変化の中性名詞（単数・属格が-ους）,第３変化の中性名詞（単数・属格が-ους）クイズ,τέλος,,Q. τέλος,40,終わり、目的、目標,暗闇,もの、容器、（複）所有物,群衆、多数,(40)終わり、目的、目標,終わり、目的、目標,(40)終わり、目的、目標,"""true""","[quiz question=""終わり、目的、目標,暗闇,もの、容器、（複）所有物,群衆、多数"" answer=""終わり、目的、目標"" kaisetsu=""(40)終わり、目的、目標"" random=""true""]τέλος[/quiz]",,,
13:第３変化（２）,13:第３変化（２）クイズ,第３変化の男性名詞（単数・属格が-εως）,第３変化の男性名詞（単数・属格が-εως）クイズ,ἀρχιερεύς,,Q. ἀρχιερεύς,122,大祭司、祭司長,終わり、目的、目標,暗闇,もの、容器、（複）所有物,(122)大祭司、祭司長,大祭司、祭司長,(122)大祭司、祭司長,"""true""","[quiz question=""大祭司、祭司長,終わり、目的、目標,暗闇,もの、容器、（複）所有物"" answer=""大祭司、祭司長"" kaisetsu=""(122)大祭司、祭司長"" random=""true""]ἀρχιερεύς[/quiz]",,,
13:第３変化（２）,13:第３変化（２）クイズ,第３変化の男性名詞（単数・属格が-εως）,第３変化の男性名詞（単数・属格が-εως）クイズ,βασιλεύς,,Q. βασιλεύς,115,王,大祭司、祭司長,終わり、目的、目標,暗闇,(115)王,王,(115)王,"""true""","[quiz question=""王,大祭司、祭司長,終わり、目的、目標,暗闇"" answer=""王"" kaisetsu=""(115)王"" random=""true""]βασιλεύς[/quiz]",,,
13:第３変化（２）,13:第３変化（２）クイズ,第３変化の男性名詞（単数・属格が-εως）,第３変化の男性名詞（単数・属格が-εως）クイズ,γραμματεύς,,Q. γραμματεύς,63,律法学者,王,大祭司、祭司長,終わり、目的、目標,(63)律法学者,律法学者,(63)律法学者,"""true""","[quiz question=""律法学者,王,大祭司、祭司長,終わり、目的、目標"" answer=""律法学者"" kaisetsu=""(63)律法学者"" random=""true""]γραμματεύς[/quiz]",,,
13:第３変化（２）,13:第３変化（２）クイズ,第３変化の男性名詞（単数・属格が-εως）,第３変化の男性名詞（単数・属格が-εως）クイズ,ἱερεύς,,Q. ἱερεύς,31,祭司,律法学者,王,大祭司、祭司長,(31)祭司,祭司,(31)祭司,"""true""","[quiz question=""祭司,律法学者,王,大祭司、祭司長"" answer=""祭司"" kaisetsu=""(31)祭司"" random=""true""]ἱερεύς[/quiz]",,,
13:第３変化（２）,13:第３変化（２）クイズ,第３変化の男性名詞（不規則変化）,第３変化の男性名詞（不規則変化）クイズ,Μωϋσῆς,,Q. Μωϋσῆς,80,モーセ,祭司,律法学者,王,"(80)モーセ（Μωϋσῆς,Μωϋσῆν,Μωϋσέως,Μωϋσῖ または,Μωϋσῇ）","モーセ（Μωϋσῆς,Μωϋσῆν,Μωϋσέως,Μωϋσῖ または,Μωϋσῇ）",(80)モーセ,"""true""","[quiz question=""モーセ,祭司,律法学者,王"" answer=""モーセ"" kaisetsu=""(80)モーセ（Μωϋσῆς,Μωϋσῆν,Μωϋσέως,Μωϋσῖ または,Μωϋσῇ）"" random=""true""]Μωϋσῆς[/quiz]",,,
13:第３変化（２）,13:第３変化（２）クイズ,第３変化の男性名詞（不規則変化）,第３変化の男性名詞（不規則変化）クイズ,νοῦς,,Q. νοῦς,24,知能、思考,モーセ,祭司,律法学者,"(24)知能、思考（νοῦς,νοῦν,νοός,νοΐ）","知能、思考（νοῦς,νοῦν,νοός,νοΐ）",(24)知能、思考,"""true""","[quiz question=""知能、思考,モーセ,祭司,律法学者"" answer=""知能、思考"" kaisetsu=""(24)知能、思考（νοῦς,νοῦν,νοός,νοΐ）"" random=""true""]νοῦς[/quiz]",,,
13:第３変化（２）,13:第３変化（２）クイズ,第３変化の女性名詞（単数・属格が-εως）,第３変化の女性名詞（単数・属格が-εως）クイズ,ἀνάστασις,,Q. ἀνάστασις,42,復活,知能、思考,モーセ,祭司,(42)復活,復活,(42)復活,"""true""","[quiz question=""復活,知能、思考,モーセ,祭司"" answer=""復活"" kaisetsu=""(42)復活"" random=""true""]ἀνάστασις[/quiz]",,,
13:第３変化（２）,13:第３変化（２）クイズ,第３変化の女性名詞（単数・属格が-εως）,第３変化の女性名詞（単数・属格が-εως）クイズ,γνῶσις,,Q. γνῶσις,29,知恵,復活,知能、思考,モーセ,(29)知恵,知恵,(29)知恵,"""true""","[quiz question=""知恵,復活,知能、思考,モーセ"" answer=""知恵"" kaisetsu=""(29)知恵"" random=""true""]γνῶσις[/quiz]",,,
13:第３変化（２）,13:第３変化（２）クイズ,第３変化の女性名詞（単数・属格が-εως）,第３変化の女性名詞（単数・属格が-εως）クイズ,δύναμις,,Q. δύναμις,115,力、奇跡,知恵,復活,知能、思考,(115)力、奇跡,力、奇跡,(115)力、奇跡,"""true""","[quiz question=""力、奇跡,知恵,復活,知能、思考"" answer=""力、奇跡"" kaisetsu=""(115)力、奇跡"" random=""true""]δύναμις[/quiz]",,,
13:第３変化（２）,13:第３変化（２）クイズ,第３変化の女性名詞（単数・属格が-εως）,第３変化の女性名詞（単数・属格が-εως）クイズ,θλῖψις,,Q. θλῖψις,45,艱難、苦しみ,力、奇跡,知恵,復活,(45)艱難、苦しみ,艱難、苦しみ,(45)艱難、苦しみ,"""true""","[quiz question=""艱難、苦しみ,力、奇跡,知恵,復活"" answer=""艱難、苦しみ"" kaisetsu=""(45)艱難、苦しみ"" random=""true""]θλῖψις[/quiz]",,,
13:第３変化（２）,13:第３変化（２）クイズ,第３変化の女性名詞（単数・属格が-εως）,第３変化の女性名詞（単数・属格が-εως）クイズ,κρίσις,,Q. κρίσις,47,裁き,艱難、苦しみ,力、奇跡,知恵,(47)裁き,裁き,(47)裁き,"""true""","[quiz question=""裁き,艱難、苦しみ,力、奇跡,知恵"" answer=""裁き"" kaisetsu=""(47)裁き"" random=""true""]κρίσις[/quiz]",,,
13:第３変化（２）,13:第３変化（２）クイズ,第３変化の女性名詞（単数・属格が-εως）,第３変化の女性名詞（単数・属格が-εως）クイズ,παράκλησις,,Q. παράκλησις,29,励まし,裁き,艱難、苦しみ,力、奇跡,(29)励まし,励まし,(29)励まし,"""true""","[quiz question=""励まし,裁き,艱難、苦しみ,力、奇跡"" answer=""励まし"" kaisetsu=""(29)励まし"" random=""true""]παράκλησις[/quiz]",,,
13:第３変化（２）,13:第３変化（２）クイズ,第３変化の女性名詞（単数・属格が-εως）,第３変化の女性名詞（単数・属格が-εως）クイズ,πίστις,,Q. πίστις,243,信仰,励まし,裁き,艱難、苦しみ,(243)信仰,信仰,(243)信仰,"""true""","[quiz question=""信仰,励まし,裁き,艱難、苦しみ"" answer=""信仰"" kaisetsu=""(243)信仰"" random=""true""]πίστις[/quiz]",,,
13:第３変化（２）,13:第３変化（２）クイズ,第３変化の女性名詞（単数・属格が-εως）,第３変化の女性名詞（単数・属格が-εως）クイズ,πόλις,,Q. πόλις,162,都市、街,信仰,励まし,裁き,(162)都市、街,都市、街,(162)都市、街,"""true""","[quiz question=""都市、街,信仰,励まし,裁き"" answer=""都市、街"" kaisetsu=""(162)都市、街"" random=""true""]πόλις[/quiz]",,,
13:第３変化（２）,13:第３変化（２）クイズ,第３変化の女性名詞（単数・属格が-εως）,第３変化の女性名詞（単数・属格が-εως）クイズ,συνείδησις,,Q. συνείδησις,30,両親,都市、街,信仰,励まし,(30)両親,両親,(30)両親,"""true""","[quiz question=""両親,都市、街,信仰,励まし"" answer=""両親"" kaisetsu=""(30)両親"" random=""true""]συνείδησις[/quiz]",,,
13:第３変化（２）,13:第３変化（２）クイズ,第３変化の形容詞（単数・属格が-ους）,第３変化の形容詞（単数・属格が-ους）クイズ,ἀληθής,,Q. ἀληθής,26,真実の、本当の,両親,都市、街,信仰,(26)真実の、本当の,真実の、本当の,(26)真実の、本当の,"""true""","[quiz question=""真実の、本当の,両親,都市、街,信仰"" answer=""真実の、本当の"" kaisetsu=""(26)真実の、本当の"" random=""true""]ἀληθής[/quiz]",,,
13:第３変化（２）,13:第３変化（２）クイズ,第３変化の形容詞（単数・属格が-ους）,第３変化の形容詞（単数・属格が-ους）クイズ,ἀσθενής,,Q. ἀσθενής,26,弱い、病気の,真実の、本当の,両親,都市、街,(26)弱い、病気の,弱い、病気の,(26)弱い、病気の,"""true""","[quiz question=""弱い、病気の,真実の、本当の,両親,都市、街"" answer=""弱い、病気の"" kaisetsu=""(26)弱い、病気の"" random=""true""]ἀσθενής[/quiz]",,,
13:第３変化（２）,13:第３変化（２）クイズ,その他,その他クイズ,πᾶς,,Q. πᾶς,1243,すべての、みな、全体の,１つ／１人〜ない,両親,１つの、1人の,(1243)すべての、みな、全体の,すべての、みな、全体の,(1243)すべての、みな、全体の,"""true""","[quiz question=""すべての、みな、全体の,１つ／１人〜ない,両親,１つの、1人の"" answer=""すべての、みな、全体の"" kaisetsu=""(1243)すべての、みな、全体の"" random=""true""]πᾶς[/quiz]",,,
13:第３変化（２）,13:第３変化（２）クイズ,その他,その他クイズ,ἅπας,,Q. ἅπας,34,すべての、みな,すべての、みな、全体の,１つ／１人〜ない,両親,(34)すべての、みな,すべての、みな,(34)すべての、みな,"""true""","[quiz question=""すべての、みな,すべての、みな、全体の,１つ／１人〜ない,両親"" answer=""すべての、みな"" kaisetsu=""(34)すべての、みな"" random=""true""]ἅπας[/quiz]",,,
13:第３変化（２）,13:第３変化（２）クイズ,その他,その他クイズ,"εἷς,μία,ἕν",,"Q. εἷς,μία,ἕν",345,１つの、1人の,すべての、みな,すべての、みな、全体の,１つ／１人〜ない,(345)１つの、1人の,１つの、1人の,(345)１つの、1人の,"""true""","[quiz question=""１つの、1人の,すべての、みな,すべての、みな、全体の,１つ／１人〜ない"" answer=""１つの、1人の"" kaisetsu=""(345)１つの、1人の"" random=""true""]εἷς,μία,ἕν[/quiz]",,,
13:第３変化（２）,13:第３変化（２）クイズ,その他,その他クイズ,οὐδείς,,Q. οὐδείς,234,１つ／１人〜ない,１つの、1人の,すべての、みな,両親,(234)１つ／１人〜ない,１つ／１人〜ない,(234)１つ／１人〜ない,"""true""","[quiz question=""１つ／１人〜ない,１つの、1人の,すべての、みな,両親"" answer=""１つ／１人〜ない"" kaisetsu=""(234)１つ／１人〜ない"" random=""true""]οὐδείς[/quiz]",,,
13:第３変化（２）,13:第３変化（２）クイズ,その他,その他クイズ,μηδείς,,Q. μηδείς,90,１つ／１人〜ない,両親,１つの、1人の,すべての、みな,(90)１つ／１人〜ない,１つ／１人〜ない,(90)１つ／１人〜ない,"""true""","[quiz question=""１つ／１人〜ない,両親,１つの、1人の,すべての、みな"" answer=""１つ／１人〜ない"" kaisetsu=""(90)１つ／１人〜ない"" random=""true""]μηδείς[/quiz]",,,
14:分詞,14:分詞クイズ,一般変化の男性名詞,一般変化の男性名詞クイズ,ἁμαρτωλός,,Q. ἁμαρτωλός,47,罪びと,長老,石,ヤコブ,(47)罪びと,罪びと,(47)罪びと,"""true""","[quiz question=""罪びと,長老,石,ヤコブ"" answer=""罪びと"" kaisetsu=""(47)罪びと"" random=""true""]ἁμαρτωλός[/quiz]",,,
14:分詞,14:分詞クイズ,一般変化の男性名詞,一般変化の男性名詞クイズ,διδάσκαλος,,Q. διδάσκαλος,59,教師,罪びと,長老,石,(59)教師,教師,(59)教師,"""true""","[quiz question=""教師,罪びと,長老,石"" answer=""教師"" kaisetsu=""(59)教師"" random=""true""]διδάσκαλος[/quiz]",,,
14:分詞,14:分詞クイズ,一般変化の男性名詞,一般変化の男性名詞クイズ,θρόνος,,Q. θρόνος,62,座席、玉座,教師,罪びと,長老,(62)座席、玉座,座席、玉座,(62)座席、玉座,"""true""","[quiz question=""座席、玉座,教師,罪びと,長老"" answer=""座席、玉座"" kaisetsu=""(62)座席、玉座"" random=""true""]θρόνος[/quiz]",,,
14:分詞,14:分詞クイズ,一般変化の男性名詞,一般変化の男性名詞クイズ,Ἰάκωβος,,Q. Ἰάκωβος,42,ヤコブ,座席、玉座,教師,罪びと,(42)ヤコブ,ヤコブ,(42)ヤコブ,"""true""","[quiz question=""ヤコブ,座席、玉座,教師,罪びと"" answer=""ヤコブ"" kaisetsu=""(42)ヤコブ"" random=""true""]Ἰάκωβος[/quiz]",,,
14:分詞,14:分詞クイズ,一般変化の男性名詞,一般変化の男性名詞クイズ,λίθος,,Q. λίθος,59,石,ヤコブ,座席、玉座,教師,(59)石,石,(59)石,"""true""","[quiz question=""石,ヤコブ,座席、玉座,教師"" answer=""石"" kaisetsu=""(59)石"" random=""true""]λίθος[/quiz]",,,
14:分詞,14:分詞クイズ,一般変化の男性名詞,一般変化の男性名詞クイズ,πρεσβύτερος,,Q. πρεσβύτερος,66,長老,石,ヤコブ,座席、玉座,(66)長老,長老,(66)長老,"""true""","[quiz question=""長老,石,ヤコブ,座席、玉座"" answer=""長老"" kaisetsu=""(66)長老"" random=""true""]πρεσβύτερος[/quiz]",,,
14:分詞,14:分詞クイズ,第３変化名詞,第３変化名詞クイズ,"ἀμπελών,ἀμπελῶνος,ὁ",,"Q. ἀμπελών,ἀμπελῶνος,ὁ",23,ぶどう園,過越祭（無変化名詞）,種,子供、給仕,(23)ぶどう園,ぶどう園,(23)ぶどう園,"""true""","[quiz question=""ぶどう園,過越祭（無変化名詞）,種,子供、給仕"" answer=""ぶどう園"" kaisetsu=""(23)ぶどう園"" random=""true""]ἀμπελών,ἀμπελῶνος,ὁ[/quiz]",,,
14:分詞,14:分詞クイズ,第３変化名詞,第３変化名詞クイズ,"εἰκών,εἰκόνος,ἡ",,"Q. εἰκών,εἰκόνος,ἡ",23,像、似姿、姿,ぶどう園,過越祭（無変化名詞）,種,(23)像、似姿、姿,像、似姿、姿,(23)像、似姿、姿,"""true""","[quiz question=""像、似姿、姿,ぶどう園,過越祭（無変化名詞）,種"" answer=""像、似姿、姿"" kaisetsu=""(23)像、似姿、姿"" random=""true""]εἰκών,εἰκόνος,ἡ[/quiz]",,,
14:分詞,14:分詞クイズ,第３変化名詞,第３変化名詞クイズ,"῾Έλλην,Ἕλληνος,ὁ",,"Q. ῾Έλλην,Ἕλληνος,ὁ",25,ギリシャ人,像、似姿、姿,ぶどう園,過越祭（無変化名詞）,(25)ギリシャ人,ギリシャ人,(25)ギリシャ人,"""true""","[quiz question=""ギリシャ人,像、似姿、姿,ぶどう園,過越祭（無変化名詞）"" answer=""ギリシャ人"" kaisetsu=""(25)ギリシャ人"" random=""true""]῾Έλλην,Ἕλληνος,ὁ[/quiz]",,,
14:分詞,14:分詞クイズ,第３変化名詞,第３変化名詞クイズ,"Καῖσαρ,Καίσαρος,ὁ",,"Q. Καῖσαρ,Καίσαρος,ὁ",29,カエサル,ギリシャ人,像、似姿、姿,ぶどう園,(29)カエサル,カエサル,(29)カエサル,"""true""","[quiz question=""カエサル,ギリシャ人,像、似姿、姿,ぶどう園"" answer=""カエサル"" kaisetsu=""(29)カエサル"" random=""true""]Καῖσαρ,Καίσαρος,ὁ[/quiz]",,,
14:分詞,14:分詞クイズ,第３変化名詞,第３変化名詞クイズ,"κρίμα,κρίματος,τὀ",,"Q. κρίμα,κρίματος,τὀ",27,裁き、決定、判決,カエサル,ギリシャ人,像、似姿、姿,(27)裁き、決定、判決,裁き、決定、判決,(27)裁き、決定、判決,"""true""","[quiz question=""裁き、決定、判決,カエサル,ギリシャ人,像、似姿、姿"" answer=""裁き、決定、判決"" kaisetsu=""(27)裁き、決定、判決"" random=""true""]κρίμα,κρίματος,τὀ[/quiz]",,,
14:分詞,14:分詞クイズ,第３変化名詞,第３変化名詞クイズ,"οὖς,ὠτός,τό",,"Q. οὖς,ὠτός,τό",36,耳,裁き、決定、判決,カエサル,ギリシャ人,(36)耳,耳,(36)耳,"""true""","[quiz question=""耳,裁き、決定、判決,カエサル,ギリシャ人"" answer=""耳"" kaisetsu=""(36)耳"" random=""true""]οὖς,ὠτός,τό[/quiz]",,,
14:分詞,14:分詞クイズ,第３変化名詞,第３変化名詞クイズ,"παῖς,παιδός,ὁ",,"Q. παῖς,παιδός,ὁ",24,子供、給仕,耳,裁き、決定、判決,カエサル,(24)子供、給仕,子供、給仕,(24)子供、給仕,"""true""","[quiz question=""子供、給仕,耳,裁き、決定、判決,カエサル"" answer=""子供、給仕"" kaisetsu=""(24)子供、給仕"" random=""true""]παῖς,παιδός,ὁ[/quiz]",,,
14:分詞,14:分詞クイズ,第３変化名詞,第３変化名詞クイズ,"σπέρμα,σπέρματος,τό",,"Q. σπέρμα,σπέρματος,τό",43,種,子供、給仕,耳,裁き、決定、判決,(43)種,種,(43)種,"""true""","[quiz question=""種,子供、給仕,耳,裁き、決定、判決"" answer=""種"" kaisetsu=""(43)種"" random=""true""]σπέρμα,σπέρματος,τό[/quiz]",,,
14:分詞,14:分詞クイズ,第３変化名詞,第３変化名詞クイズ,"πάσχα,τὀ",,"Q. πάσχα,τὀ",29,過越祭（無変化名詞）,種,子供、給仕,耳,(29)過越祭（無変化名詞）,過越祭（無変化名詞）,(29)過越祭（無変化名詞）,"""true""","[quiz question=""過越祭（無変化名詞）,種,子供、給仕,耳"" answer=""過越祭（無変化名詞）"" kaisetsu=""(29)過越祭（無変化名詞）"" random=""true""]πάσχα,τὀ[/quiz]",,,
14:分詞,14:分詞クイズ,動詞,動詞クイズ,ἀγοράζω,,Q. ἀγοράζω,30,買う,声を上げる、呼ぶ,従わせる,預言する,(30)買う,買う,(30)買う,"""true""","[quiz question=""買う,声を上げる、呼ぶ,従わせる,預言する"" answer=""買う"" kaisetsu=""(30)買う"" random=""true""]ἀγοράζω[/quiz]",,,
14:分詞,14:分詞クイズ,動詞,動詞クイズ,βρασφημέω,,Q. βρασφημέω,34,冒涜する,恵む、贈与する,見張る、保護する,つまづかせる,(34)冒涜する,冒涜する,(34)冒涜する,"""true""","[quiz question=""冒涜する,恵む、贈与する,見張る、保護する,つまづかせる"" answer=""冒涜する"" kaisetsu=""(34)冒涜する"" random=""true""]βρασφημέω[/quiz]",,,
14:分詞,14:分詞クイズ,動詞,動詞クイズ,διακονέω,,Q. διακονέω,37,仕える,買う,声を上げる、呼ぶ,従わせる,(37)仕える,仕える,(37)仕える,"""true""","[quiz question=""仕える,買う,声を上げる、呼ぶ,従わせる"" answer=""仕える"" kaisetsu=""(37)仕える"" random=""true""]διακονέω[/quiz]",,,
14:分詞,14:分詞クイズ,動詞,動詞クイズ,διαλογίζομαι,,Q. διαλογίζομαι,16,議論する、考慮する,冒涜する,恵む、贈与する,見張る、保護する,(16)議論する、考慮する,議論する、考慮する,(16)議論する、考慮する,"""true""","[quiz question=""議論する、考慮する,冒涜する,恵む、贈与する,見張る、保護する"" answer=""議論する、考慮する"" kaisetsu=""(16)議論する、考慮する"" random=""true""]διαλογίζομαι[/quiz]",,,
14:分詞,14:分詞クイズ,動詞,動詞クイズ,ἐλπίζω,,Q. ἐλπίζω,31,希望する,仕える,買う,声を上げる、呼ぶ,(31)希望する,希望する,(31)希望する,"""true""","[quiz question=""希望する,仕える,買う,声を上げる、呼ぶ"" answer=""希望する"" kaisetsu=""(31)希望する"" random=""true""]ἐλπίζω[/quiz]",,,
14:分詞,14:分詞クイズ,動詞,動詞クイズ,ἑτοιμάζω,,Q. ἑτοιμάζω,40,準備する,議論する、考慮する,冒涜する,恵む、贈与する,(40)準備する,準備する,(40)準備する,"""true""","[quiz question=""準備する,議論する、考慮する,冒涜する,恵む、贈与する"" answer=""準備する"" kaisetsu=""(40)準備する"" random=""true""]ἑτοιμάζω[/quiz]",,,
14:分詞,14:分詞クイズ,動詞,動詞クイズ,κρατέω,,Q. κρατέω,47,捕縛する、つかんでいる,希望する,仕える,買う,(47)捕縛する、つかんでいる,捕縛する、つかんでいる,(47)捕縛する、つかんでいる,"""true""","[quiz question=""捕縛する、つかんでいる,希望する,仕える,買う"" answer=""捕縛する、つかんでいる"" kaisetsu=""(47)捕縛する、つかんでいる"" random=""true""]κρατέω[/quiz]",,,
14:分詞,14:分詞クイズ,動詞,動詞クイズ,μισέω,,Q. μισέω,40,憎む,準備する,議論する、考慮する,冒涜する,(40)憎む,憎む,(40)憎む,"""true""","[quiz question=""憎む,準備する,議論する、考慮する,冒涜する"" answer=""憎む"" kaisetsu=""(40)憎む"" random=""true""]μισέω[/quiz]",,,
14:分詞,14:分詞クイズ,動詞,動詞クイズ,πειράζω,,Q. πειράζω,38,試みる、誘惑する,捕縛する、つかんでいる,希望する,仕える,(38)試みる、誘惑する,試みる、誘惑する,(38)試みる、誘惑する,"""true""","[quiz question=""試みる、誘惑する,捕縛する、つかんでいる,希望する,仕える"" answer=""試みる、誘惑する"" kaisetsu=""(38)試みる、誘惑する"" random=""true""]πειράζω[/quiz]",,,
14:分詞,14:分詞クイズ,動詞,動詞クイズ,πράσσω,,Q. πράσσω,39,行う、振る舞う,憎む,準備する,議論する、考慮する,(39)行う、振る舞う,行う、振る舞う,(39)行う、振る舞う,"""true""","[quiz question=""行う、振る舞う,憎む,準備する,議論する、考慮する"" answer=""行う、振る舞う"" kaisetsu=""(39)行う、振る舞う"" random=""true""]πράσσω[/quiz]",,,
14:分詞,14:分詞クイズ,動詞,動詞クイズ,προφητεύω,,Q. προφητεύω,28,預言する,試みる、誘惑する,捕縛する、つかんでいる,希望する,(28)預言する,預言する,(28)預言する,"""true""","[quiz question=""預言する,試みる、誘惑する,捕縛する、つかんでいる,希望する"" answer=""預言する"" kaisetsu=""(28)預言する"" random=""true""]προφητεύω[/quiz]",,,
14:分詞,14:分詞クイズ,動詞,動詞クイズ,σκανδαλίζω,,Q. σκανδαλίζω,29,つまづかせる,行う、振る舞う,憎む,準備する,(29)つまづかせる,つまづかせる,(29)つまづかせる,"""true""","[quiz question=""つまづかせる,行う、振る舞う,憎む,準備する"" answer=""つまづかせる"" kaisetsu=""(29)つまづかせる"" random=""true""]σκανδαλίζω[/quiz]",,,
14:分詞,14:分詞クイズ,動詞,動詞クイズ,ὑποτάσσω,,Q. ὑποτάσσω,38,従わせる,預言する,試みる、誘惑する,捕縛する、つかんでいる,(38)従わせる,従わせる,(38)従わせる,"""true""","[quiz question=""従わせる,預言する,試みる、誘惑する,捕縛する、つかんでいる"" answer=""従わせる"" kaisetsu=""(38)従わせる"" random=""true""]ὑποτάσσω[/quiz]",,,
14:分詞,14:分詞クイズ,動詞,動詞クイズ,φυλάσσω,,Q. φυλάσσω,31,見張る、保護する,つまづかせる,行う、振る舞う,憎む,(31)見張る、保護する,見張る、保護する,(31)見張る、保護する,"""true""","[quiz question=""見張る、保護する,つまづかせる,行う、振る舞う,憎む"" answer=""見張る、保護する"" kaisetsu=""(31)見張る、保護する"" random=""true""]φυλάσσω[/quiz]",,,
14:分詞,14:分詞クイズ,動詞,動詞クイズ,φωνέω,,Q. φωνέω,43,声を上げる、呼ぶ,従わせる,預言する,試みる、誘惑する,(43)声を上げる、呼ぶ,声を上げる、呼ぶ,(43)声を上げる、呼ぶ,"""true""","[quiz question=""声を上げる、呼ぶ,従わせる,預言する,試みる、誘惑する"" answer=""声を上げる、呼ぶ"" kaisetsu=""(43)声を上げる、呼ぶ"" random=""true""]φωνέω[/quiz]",,,
14:分詞,14:分詞クイズ,動詞,動詞クイズ,καρίζομαι,,Q. καρίζομαι,23,恵む、贈与する,見張る、保護する,つまづかせる,行う、振る舞う,(23)恵む、贈与する,恵む、贈与する,(23)恵む、贈与する,"""true""","[quiz question=""恵む、贈与する,見張る、保護する,つまづかせる,行う、振る舞う"" answer=""恵む、贈与する"" kaisetsu=""(23)恵む、贈与する"" random=""true""]καρίζομαι[/quiz]",,,
15:受動態と中間態,15:受動態と中間態クイズ,第２変化名刺,第２変化名刺クイズ,διάβολος,,Q. διάβολος,37,誹謗者、悪魔,時間、期間,恐れ,フィリポ,(37)誹謗者、悪魔,誹謗者、悪魔,(37)誹謗者、悪魔,"""true""","[quiz question=""誹謗者、悪魔,時間、期間,恐れ,フィリポ"" answer=""誹謗者、悪魔"" kaisetsu=""(37)誹謗者、悪魔"" random=""true""]διάβολος[/quiz]",,,
15:受動態と中間態,15:受動態と中間態クイズ,第２変化名刺,第２変化名刺クイズ,καρπός,,Q. καρπός,66,果実、実、成果、収穫,誹謗者、悪魔,時間、期間,恐れ,(66)果実、実、成果、収穫,果実、実、成果、収穫,(66)果実、実、成果、収穫,"""true""","[quiz question=""果実、実、成果、収穫,誹謗者、悪魔,時間、期間,恐れ"" answer=""果実、実、成果、収穫"" kaisetsu=""(66)果実、実、成果、収穫"" random=""true""]καρπός[/quiz]",,,
15:受動態と中間態,15:受動態と中間態クイズ,第２変化名刺,第２変化名刺クイズ,ναός,,Q. ναός,45,神殿、聖所,果実、実、成果、収穫,誹謗者、悪魔,時間、期間,(45)神殿、聖所,神殿、聖所,(45)神殿、聖所,"""true""","[quiz question=""神殿、聖所,果実、実、成果、収穫,誹謗者、悪魔,時間、期間"" answer=""神殿、聖所"" kaisetsu=""(45)神殿、聖所"" random=""true""]ναός[/quiz]",,,
15:受動態と中間態,15:受動態と中間態クイズ,第２変化名刺,第２変化名刺クイズ,φίριππος,,Q. φίριππος,36,フィリポ,神殿、聖所,果実、実、成果、収穫,誹謗者、悪魔,(36)フィリポ,フィリポ,(36)フィリポ,"""true""","[quiz question=""フィリポ,神殿、聖所,果実、実、成果、収穫,誹謗者、悪魔"" answer=""フィリポ"" kaisetsu=""(36)フィリポ"" random=""true""]φίριππος[/quiz]",,,
15:受動態と中間態,15:受動態と中間態クイズ,第２変化名刺,第２変化名刺クイズ,φόβος,,Q. φόβος,47,恐れ,フィリポ,神殿、聖所,果実、実、成果、収穫,(47)恐れ,恐れ,(47)恐れ,"""true""","[quiz question=""恐れ,フィリポ,神殿、聖所,果実、実、成果、収穫"" answer=""恐れ"" kaisetsu=""(47)恐れ"" random=""true""]φόβος[/quiz]",,,
15:受動態と中間態,15:受動態と中間態クイズ,第２変化名刺,第２変化名刺クイズ,χρόνος,,Q. χρόνος,54,時間、期間,恐れ,フィリポ,神殿、聖所,(54)時間、期間,時間、期間,(54)時間、期間,"""true""","[quiz question=""時間、期間,恐れ,フィリポ,神殿、聖所"" answer=""時間、期間"" kaisetsu=""(54)時間、期間"" random=""true""]χρόνος[/quiz]",,,
15:受動態と中間態,15:受動態と中間態クイズ,受動態の異態動詞になり得る動詞,受動態の異態動詞になり得る動詞クイズ,ἀποκρίνομαι,,Q. ἀποκρίνομαι,231,（＋与格）答える,恐れる,行く,出て行く,(231)（＋与格）答える,（＋与格）答える,(231)（＋与格）答える,"""true""","[quiz question=""（＋与格）答える,恐れる,行く,出て行く"" answer=""（＋与格）答える"" kaisetsu=""(231)（＋与格）答える"" random=""true""]ἀποκρίνομαι[/quiz]",,,
15:受動態と中間態,15:受動態と中間態クイズ,受動態の異態動詞になり得る動詞,受動態の異態動詞になり得る動詞クイズ,βούλομαι,,Q. βούλομαι,37,望む、意図する,（＋与格）答える,恐れる,行く,(37)望む、意図する,望む、意図する,(37)望む、意図する,"""true""","[quiz question=""望む、意図する,（＋与格）答える,恐れる,行く"" answer=""望む、意図する"" kaisetsu=""(37)望む、意図する"" random=""true""]βούλομαι[/quiz]",,,
15:受動態と中間態,15:受動態と中間態クイズ,受動態の異態動詞になり得る動詞,受動態の異態動詞になり得る動詞クイズ,ἐκπορεύομαι,,Q. ἐκπορεύομαι,33,出て行く,望む、意図する,（＋与格）答える,恐れる,(33)出て行く,出て行く,(33)出て行く,"""true""","[quiz question=""出て行く,望む、意図する,（＋与格）答える,恐れる"" answer=""出て行く"" kaisetsu=""(33)出て行く"" random=""true""]ἐκπορεύομαι[/quiz]",,,
15:受動態と中間態,15:受動態と中間態クイズ,受動態の異態動詞になり得る動詞,受動態の異態動詞になり得る動詞クイズ,πορεύομαι,,Q. πορεύομαι,153,行く,出て行く,望む、意図する,（＋与格）答える,(153)行く,行く,(153)行く,"""true""","[quiz question=""行く,出て行く,望む、意図する,（＋与格）答える"" answer=""行く"" kaisetsu=""(153)行く"" random=""true""]πορεύομαι[/quiz]",,,
15:受動態と中間態,15:受動態と中間態クイズ,受動態の異態動詞になり得る動詞,受動態の異態動詞になり得る動詞クイズ,φοβέομαι,,Q. φοβέομαι,95,恐れる,行く,出て行く,望む、意図する,(95)恐れる,恐れる,(95)恐れる,"""true""","[quiz question=""恐れる,行く,出て行く,望む、意図する"" answer=""恐れる"" kaisetsu=""(95)恐れる"" random=""true""]φοβέομαι[/quiz]",,,
15:受動態と中間態,15:受動態と中間態クイズ,その他の動詞,その他の動詞クイズ,ἁγιάζω,,Q. ἁγιάζω,28,清める、聖別する,考慮する,明るみに出す、輝く,戻る,(28)清める、聖別する,清める、聖別する,(28)清める、聖別する,"""true""","[quiz question=""清める、聖別する,考慮する,明るみに出す、輝く,戻る"" answer=""清める、聖別する"" kaisetsu=""(28)清める、聖別する"" random=""true""]ἁγιάζω[/quiz]",,,
15:受動態と中間態,15:受動態と中間態クイズ,その他の動詞,その他の動詞クイズ,ἀσθενέω,,Q. ἀσθενέω,33,病気である、貧しい,清める、聖別する,考慮する,明るみに出す、輝く,(33)病気である、貧しい,病気である、貧しい,(33)病気である、貧しい,"""true""","[quiz question=""病気である、貧しい,清める、聖別する,考慮する,明るみに出す、輝く"" answer=""病気である、貧しい"" kaisetsu=""(33)病気である、貧しい"" random=""true""]ἀσθενέω[/quiz]",,,
15:受動態と中間態,15:受動態と中間態クイズ,その他の動詞,その他の動詞クイズ,βαστάζω,,Q. βαστάζω,27,取り上げる、背負う、運ぶ,病気である、貧しい,清める、聖別する,考慮する,(27)取り上げる、背負う、運ぶ,取り上げる、背負う、運ぶ,(27)取り上げる、背負う、運ぶ,"""true""","[quiz question=""取り上げる、背負う、運ぶ,病気である、貧しい,清める、聖別する,考慮する"" answer=""取り上げる、背負う、運ぶ"" kaisetsu=""(27)取り上げる、背負う、運ぶ"" random=""true""]βαστάζω[/quiz]",,,
15:受動態と中間態,15:受動態と中間態クイズ,その他の動詞,その他の動詞クイズ,γαμέω,,Q. γαμέω,28,結婚する,取り上げる、背負う、運ぶ,病気である、貧しい,清める、聖別する,(28)結婚する,結婚する,(28)結婚する,"""true""","[quiz question=""結婚する,取り上げる、背負う、運ぶ,病気である、貧しい,清める、聖別する"" answer=""結婚する"" kaisetsu=""(28)結婚する"" random=""true""]γαμέω[/quiz]",,,
15:受動態と中間態,15:受動態と中間態クイズ,その他の動詞,その他の動詞クイズ,γνωρίζω,,Q. γνωρίζω,25,知らしめる,結婚する,取り上げる、背負う、運ぶ,病気である、貧しい,(25)知らしめる,知らしめる,(25)知らしめる,"""true""","[quiz question=""知らしめる,結婚する,取り上げる、背負う、運ぶ,病気である、貧しい"" answer=""知らしめる"" kaisetsu=""(25)知らしめる"" random=""true""]γνωρίζω[/quiz]",,,
15:受動態と中間態,15:受動態と中間態クイズ,その他の動詞,その他の動詞クイズ,δουλεύω,,Q. δουλεύω,25,奴隷として仕える,知らしめる,結婚する,取り上げる、背負う、運ぶ,(25)奴隷として仕える,奴隷として仕える,(25)奴隷として仕える,"""true""","[quiz question=""奴隷として仕える,知らしめる,結婚する,取り上げる、背負う、運ぶ"" answer=""奴隷として仕える"" kaisetsu=""(25)奴隷として仕える"" random=""true""]δουλεύω[/quiz]",,,
15:受動態と中間態,15:受動態と中間態クイズ,その他の動詞,その他の動詞クイズ,ἐκχέω,,Q. ἐκχέω,27,注ぎ出す,奴隷として仕える,知らしめる,結婚する,(27)注ぎ出す,注ぎ出す,(27)注ぎ出す,"""true""","[quiz question=""注ぎ出す,奴隷として仕える,知らしめる,結婚する"" answer=""注ぎ出す"" kaisetsu=""(27)注ぎ出す"" random=""true""]ἐκχέω[/quiz]",,,
15:受動態と中間態,15:受動態と中間態クイズ,その他の動詞,その他の動詞クイズ,ἐνδύω,,Q. ἐνδύω,27,着せる,注ぎ出す,奴隷として仕える,知らしめる,(27)着せる,着せる,(27)着せる,"""true""","[quiz question=""着せる,注ぎ出す,奴隷として仕える,知らしめる"" answer=""着せる"" kaisetsu=""(27)着せる"" random=""true""]ἐνδύω[/quiz]",,,
15:受動態と中間態,15:受動態と中間態クイズ,その他の動詞,その他の動詞クイズ,ἐπιστρέφω,,Q. ἐπιστρέφω,36,ふり返る,着せる,注ぎ出す,奴隷として仕える,(36)ふり返る,ふり返る,(36)ふり返る,"""true""","[quiz question=""ふり返る,着せる,注ぎ出す,奴隷として仕える"" answer=""ふり返る"" kaisetsu=""(36)ふり返る"" random=""true""]ἐπιστρέφω[/quiz]",,,
15:受動態と中間態,15:受動態と中間態クイズ,その他の動詞,その他の動詞クイズ,ἥκω,,Q. ἥκω,26,来ている、いる,ふり返る,着せる,注ぎ出す,(26)来ている、いる,来ている、いる,(26)来ている、いる,"""true""","[quiz question=""来ている、いる,ふり返る,着せる,注ぎ出す"" answer=""来ている、いる"" kaisetsu=""(26)来ている、いる"" random=""true""]ἥκω[/quiz]",,,
15:受動態と中間態,15:受動態と中間態クイズ,その他の動詞,その他の動詞クイズ,ἰσχύω,,Q. ἰσχύω,28,〜強い、価値がある,来ている、いる,ふり返る,着せる,(28)〜強い、価値がある,〜強い、価値がある,(28)〜強い、価値がある,"""true""","[quiz question=""〜強い、価値がある,来ている、いる,ふり返る,着せる"" answer=""〜強い、価値がある"" kaisetsu=""(28)〜強い、価値がある"" random=""true""]ἰσχύω[/quiz]",,,
15:受動態と中間態,15:受動態と中間態クイズ,その他の動詞,その他の動詞クイズ,κελεύω,,Q. κελεύω,25,命令する,〜強い、価値がある,来ている、いる,ふり返る,(25)命令する,命令する,(25)命令する,"""true""","[quiz question=""命令する,〜強い、価値がある,来ている、いる,ふり返る"" answer=""命令する"" kaisetsu=""(25)命令する"" random=""true""]κελεύω[/quiz]",,,
15:受動態と中間態,15:受動態と中間態クイズ,その他の動詞,その他の動詞クイズ,κλαίω,,Q. κλαίω,40,（声に出して）泣く、泣き悲しむ,命令する,〜強い、価値がある,来ている、いる,(40)（声に出して）泣く、泣き悲しむ,（声に出して）泣く、泣き悲しむ,(40)（声に出して）泣く、泣き悲しむ,"""true""","[quiz question=""（声に出して）泣く、泣き悲しむ,命令する,〜強い、価値がある,来ている、いる"" answer=""（声に出して）泣く、泣き悲しむ"" kaisetsu=""(40)（声に出して）泣く、泣き悲しむ"" random=""true""]κλαίω[/quiz]",,,
15:受動態と中間態,15:受動態と中間態クイズ,その他の動詞,その他の動詞クイズ,κωλύω,,Q. κωλύω,23,妨げる,（声に出して）泣く、泣き悲しむ,命令する,〜強い、価値がある,(23)妨げる,妨げる,(23)妨げる,"""true""","[quiz question=""妨げる,（声に出して）泣く、泣き悲しむ,命令する,〜強い、価値がある"" answer=""妨げる"" kaisetsu=""(23)妨げる"" random=""true""]κωλύω[/quiz]",,,
15:受動態と中間態,15:受動態と中間態クイズ,その他の動詞,その他の動詞クイズ,λυπέω,,Q. λυπέω,26,苦しませる、悲しませる,妨げる,（声に出して）泣く、泣き悲しむ,命令する,(26)苦しませる、悲しませる,苦しませる、悲しませる,(26)苦しませる、悲しませる,"""true""","[quiz question=""苦しませる、悲しませる,妨げる,（声に出して）泣く、泣き悲しむ,命令する"" answer=""苦しませる、悲しませる"" kaisetsu=""(26)苦しませる、悲しませる"" random=""true""]λυπέω[/quiz]",,,
15:受動態と中間態,15:受動態と中間態クイズ,その他の動詞,その他の動詞クイズ,ὑποστρέφω,,Q. ὑποστρέφω,35,戻る,苦しませる、悲しませる,妨げる,（声に出して）泣く、泣き悲しむ,(35)戻る,戻る,(35)戻る,"""true""","[quiz question=""戻る,苦しませる、悲しませる,妨げる,（声に出して）泣く、泣き悲しむ"" answer=""戻る"" kaisetsu=""(35)戻る"" random=""true""]ὑποστρέφω[/quiz]",,,
15:受動態と中間態,15:受動態と中間態クイズ,その他の動詞,その他の動詞クイズ,φαίνω,,Q. φαίνω,31,明るみに出す、輝く,戻る,苦しませる、悲しませる,妨げる,(31)明るみに出す、輝く,明るみに出す、輝く,(31)明るみに出す、輝く,"""true""","[quiz question=""明るみに出す、輝く,戻る,苦しませる、悲しませる,妨げる"" answer=""明るみに出す、輝く"" kaisetsu=""(31)明るみに出す、輝く"" random=""true""]φαίνω[/quiz]",,,
15:受動態と中間態,15:受動態と中間態クイズ,その他の動詞,その他の動詞クイズ,φρονέω,,Q. φρονέω,26,考慮する,明るみに出す、輝く,戻る,苦しませる、悲しませる,(26)考慮する,考慮する,(26)考慮する,"""true""","[quiz question=""考慮する,明るみに出す、輝く,戻る,苦しませる、悲しませる"" answer=""考慮する"" kaisetsu=""(26)考慮する"" random=""true""]φρονέω[/quiz]",,,
16:完了形,16:完了形クイズ,第1変化の女性名詞,第1変化の女性名詞クイズ,ἀκοή,,Q. ἀκοή,24,報告、噂、聴聞,地方、田舎,寡婦、未亡人,部族、民族,(24)報告、噂、聴聞,報告、噂、聴聞,(24)報告、噂、聴聞,"""true""","[quiz question=""報告、噂、聴聞,地方、田舎,寡婦、未亡人,部族、民族"" answer=""報告、噂、聴聞"" kaisetsu=""(24)報告、噂、聴聞"" random=""true""]ἀκοή[/quiz]",,,
16:完了形,16:完了形クイズ,第1変化の女性名詞,第1変化の女性名詞クイズ,ἀσθένεια,,Q. ἀσθένεια,24,弱さ、病気,報告、噂、聴聞,地方、田舎,寡婦、未亡人,(24)弱さ、病気,弱さ、病気,(24)弱さ、病気,"""true""","[quiz question=""弱さ、病気,報告、噂、聴聞,地方、田舎,寡婦、未亡人"" answer=""弱さ、病気"" kaisetsu=""(24)弱さ、病気"" random=""true""]ἀσθένεια[/quiz]",,,
16:完了形,16:完了形クイズ,第1変化の女性名詞,第1変化の女性名詞クイズ,διδαχή,,Q. διδαχή,30,教え（内容／行為）,弱さ、病気,報告、噂、聴聞,地方、田舎,(30)教え（内容／行為）,教え（内容／行為）,(30)教え（内容／行為）,"""true""","[quiz question=""教え（内容／行為）,弱さ、病気,報告、噂、聴聞,地方、田舎"" answer=""教え（内容／行為）"" kaisetsu=""(30)教え（内容／行為）"" random=""true""]διδαχή[/quiz]",,,
16:完了形,16:完了形クイズ,第1変化の女性名詞,第1変化の女性名詞クイズ,ἑορτή,,Q. ἑορτή,25,祭り、節介,教え（内容／行為）,弱さ、病気,報告、噂、聴聞,(25)祭り、節介,祭り、節介,(25)祭り、節介,"""true""","[quiz question=""祭り、節介,教え（内容／行為）,弱さ、病気,報告、噂、聴聞"" answer=""祭り、節介"" kaisetsu=""(25)祭り、節介"" random=""true""]ἑορτή[/quiz]",,,
16:完了形,16:完了形クイズ,第1変化の女性名詞,第1変化の女性名詞クイズ,ἐπιστολή,,Q. ἐπιστολή,24,手紙、通信,祭り、節介,教え（内容／行為）,弱さ、病気,(24)手紙、通信,手紙、通信,(24)手紙、通信,"""true""","[quiz question=""手紙、通信,祭り、節介,教え（内容／行為）,弱さ、病気"" answer=""手紙、通信"" kaisetsu=""(24)手紙、通信"" random=""true""]ἐπιστολή[/quiz]",,,
16:完了形,16:完了形クイズ,第1変化の女性名詞,第1変化の女性名詞クイズ,θυσία,,Q. θυσία,28,生け贄、供え物,手紙、通信,祭り、節介,教え（内容／行為）,(28)生け贄、供え物,生け贄、供え物,(28)生け贄、供え物,"""true""","[quiz question=""生け贄、供え物,手紙、通信,祭り、節介,教え（内容／行為）"" answer=""生け贄、供え物"" kaisetsu=""(28)生け贄、供え物"" random=""true""]θυσία[/quiz]",,,
16:完了形,16:完了形クイズ,第1変化の女性名詞,第1変化の女性名詞クイズ,κώμη,,Q. κώμη,27,村,生け贄、供え物,手紙、通信,祭り、節介,(27)村,村,(27)村,"""true""","[quiz question=""村,生け贄、供え物,手紙、通信,祭り、節介"" answer=""村"" kaisetsu=""(27)村"" random=""true""]κώμη[/quiz]",,,
16:完了形,16:完了形クイズ,第1変化の女性名詞,第1変化の女性名詞クイズ,μάχαιρα,,Q. μάχαιρα,29,剣,村,生け贄、供え物,手紙、通信,(29)剣,剣,(29)剣,"""true""","[quiz question=""剣,村,生け贄、供え物,手紙、通信"" answer=""剣"" kaisetsu=""(29)剣"" random=""true""]μάχαιρα[/quiz]",,,
16:完了形,16:完了形クイズ,第1変化の女性名詞,第1変化の女性名詞クイズ,νεφέλη,,Q. νεφέλη,25,雲,剣,村,生け贄、供え物,(25)雲,雲,(25)雲,"""true""","[quiz question=""雲,剣,村,生け贄、供え物"" answer=""雲"" kaisetsu=""(25)雲"" random=""true""]νεφέλη[/quiz]",,,
16:完了形,16:完了形クイズ,第1変化の女性名詞,第1変化の女性名詞クイズ,παρουσία,,Q. παρουσία,24,臨在、到来,雲,剣,村,(24)臨在、到来,臨在、到来,(24)臨在、到来,"""true""","[quiz question=""臨在、到来,雲,剣,村"" answer=""臨在、到来"" kaisetsu=""(24)臨在、到来"" random=""true""]παρουσία[/quiz]",,,
16:完了形,16:完了形クイズ,第1変化の女性名詞,第1変化の女性名詞クイズ,περιτομή,,Q. περιτομή,36,割礼,臨在、到来,雲,剣,(36)割礼,割礼,(36)割礼,"""true""","[quiz question=""割礼,臨在、到来,雲,剣"" answer=""割礼"" kaisetsu=""(36)割礼"" random=""true""]περιτομή[/quiz]",,,
16:完了形,16:完了形クイズ,第1変化の女性名詞,第1変化の女性名詞クイズ,πορνεία,,Q. πορνεία,25,不道徳な性交,割礼,臨在、到来,雲,(25)不道徳な性交,不道徳な性交,(25)不道徳な性交,"""true""","[quiz question=""不道徳な性交,割礼,臨在、到来,雲"" answer=""不道徳な性交"" kaisetsu=""(25)不道徳な性交"" random=""true""]πορνεία[/quiz]",,,
16:完了形,16:完了形クイズ,第1変化の女性名詞,第1変化の女性名詞クイズ,ποσευχή,,Q. ποσευχή,36,祈り,不道徳な性交,割礼,臨在、到来,(36)祈り,祈り,(36)祈り,"""true""","[quiz question=""祈り,不道徳な性交,割礼,臨在、到来"" answer=""祈り"" kaisetsu=""(36)祈り"" random=""true""]ποσευχή[/quiz]",,,
16:完了形,16:完了形クイズ,第1変化の女性名詞,第1変化の女性名詞クイズ,ὑπομονή,,Q. ὑπομονή,32,忍耐,祈り,不道徳な性交,割礼,(32)忍耐,忍耐,(32)忍耐,"""true""","[quiz question=""忍耐,祈り,不道徳な性交,割礼"" answer=""忍耐"" kaisetsu=""(32)忍耐"" random=""true""]ὑπομονή[/quiz]",,,
16:完了形,16:完了形クイズ,第1変化の女性名詞,第1変化の女性名詞クイズ,φυλή,,Q. φυλή,31,部族、民族,忍耐,祈り,不道徳な性交,(31)部族、民族,部族、民族,(31)部族、民族,"""true""","[quiz question=""部族、民族,忍耐,祈り,不道徳な性交"" answer=""部族、民族"" kaisetsu=""(31)部族、民族"" random=""true""]φυλή[/quiz]",,,
16:完了形,16:完了形クイズ,第1変化の女性名詞,第1変化の女性名詞クイズ,χήρα,,Q. χήρα,26,寡婦、未亡人,部族、民族,忍耐,祈り,(26)寡婦、未亡人,寡婦、未亡人,(26)寡婦、未亡人,"""true""","[quiz question=""寡婦、未亡人,部族、民族,忍耐,祈り"" answer=""寡婦、未亡人"" kaisetsu=""(26)寡婦、未亡人"" random=""true""]χήρα[/quiz]",,,
16:完了形,16:完了形クイズ,第1変化の女性名詞,第1変化の女性名詞クイズ,χώρα,,Q. χώρα,28,地方、田舎,寡婦、未亡人,部族、民族,忍耐,(28)地方、田舎,地方、田舎,(28)地方、田舎,"""true""","[quiz question=""地方、田舎,寡婦、未亡人,部族、民族,忍耐"" answer=""地方、田舎"" kaisetsu=""(28)地方、田舎"" random=""true""]χώρα[/quiz]",,,
16:完了形,16:完了形クイズ,数詞と間投詞,数詞と間投詞クイズ,τρεῑς（中性名詞にはτρία）,τρία,Q. τρεῑς（中性名詞にはτρία）,68,３,おぉ！、あぁ！,第3の,第2の,(68)３,３,(68)３,"""true""","[quiz question=""３,おぉ！、あぁ！,第3の,第2の"" answer=""３"" kaisetsu=""(68)３"" random=""true""]τρεῑς（中性名詞にはτρία）[/quiz]",,,
16:完了形,16:完了形クイズ,数詞と間投詞,数詞と間投詞クイズ,τέσσαρες（中性名詞にはτέσσαρα）,τέσσαρα,Q. τέσσαρες（中性名詞にはτέσσαρα）,41,４,３,おぉ！、あぁ！,第3の,(41)４,４,(41)４,"""true""","[quiz question=""４,３,おぉ！、あぁ！,第3の"" answer=""４"" kaisetsu=""(41)４"" random=""true""]τέσσαρες（中性名詞にはτέσσαρα）[/quiz]",,,
16:完了形,16:完了形クイズ,数詞と間投詞,数詞と間投詞クイズ,πέντε,,Q. πέντε,38,（不変化）５,４,３,おぉ！、あぁ！,(38)（不変化）５,（不変化）５,(38)（不変化）５,"""true""","[quiz question=""（不変化）５,４,３,おぉ！、あぁ！"" answer=""（不変化）５"" kaisetsu=""(38)（不変化）５"" random=""true""]πέντε[/quiz]",,,
16:完了形,16:完了形クイズ,数詞と間投詞,数詞と間投詞クイズ,ἕξ,,Q. ἕξ,13,（不変化）６,（不変化）５,４,３,(13)（不変化）６,（不変化）６,(13)（不変化）６,"""true""","[quiz question=""（不変化）６,（不変化）５,４,３"" answer=""（不変化）６"" kaisetsu=""(13)（不変化）６"" random=""true""]ἕξ[/quiz]",,,
16:完了形,16:完了形クイズ,数詞と間投詞,数詞と間投詞クイズ,ἑπτα,,Q. ἑπτα,88,（不変化）７,（不変化）６,（不変化）５,４,(88)（不変化）７,（不変化）７,(88)（不変化）７,"""true""","[quiz question=""（不変化）７,（不変化）６,（不変化）５,４"" answer=""（不変化）７"" kaisetsu=""(88)（不変化）７"" random=""true""]ἑπτα[/quiz]",,,
16:完了形,16:完了形クイズ,数詞と間投詞,数詞と間投詞クイズ,ὀκτώ,,Q. ὀκτώ,8,（不変化）８,（不変化）７,（不変化）６,（不変化）５,(8)（不変化）８,（不変化）８,(8)（不変化）８,"""true""","[quiz question=""（不変化）８,（不変化）７,（不変化）６,（不変化）５"" answer=""（不変化）８"" kaisetsu=""(8)（不変化）８"" random=""true""]ὀκτώ[/quiz]",,,
16:完了形,16:完了形クイズ,数詞と間投詞,数詞と間投詞クイズ,ἐννέα,,Q. ἐννέα,5,（不変化）９,（不変化）８,（不変化）７,（不変化）６,(5)（不変化）９,（不変化）９,(5)（不変化）９,"""true""","[quiz question=""（不変化）９,（不変化）８,（不変化）７,（不変化）６"" answer=""（不変化）９"" kaisetsu=""(5)（不変化）９"" random=""true""]ἐννέα[/quiz]",,,
16:完了形,16:完了形クイズ,数詞と間投詞,数詞と間投詞クイズ,δέκα,,Q. δέκα,25,（不変化）１０,（不変化）９,（不変化）８,（不変化）７,(25)（不変化）１０,（不変化）１０,(25)（不変化）１０,"""true""","[quiz question=""（不変化）１０,（不変化）９,（不変化）８,（不変化）７"" answer=""（不変化）１０"" kaisetsu=""(25)（不変化）１０"" random=""true""]δέκα[/quiz]",,,
16:完了形,16:完了形クイズ,数詞と間投詞,数詞と間投詞クイズ,δώδεκα,,Q. δώδεκα,75,（不変化）１２,（不変化）１０,（不変化）９,（不変化）８,(75)（不変化）１２,（不変化）１２,(75)（不変化）１２,"""true""","[quiz question=""（不変化）１２,（不変化）１０,（不変化）９,（不変化）８"" answer=""（不変化）１２"" kaisetsu=""(75)（不変化）１２"" random=""true""]δώδεκα[/quiz]",,,
16:完了形,16:完了形クイズ,数詞と間投詞,数詞と間投詞クイズ,ἑκατόν,,Q. ἑκατόν,17,（不変化）１００,（不変化）１２,（不変化）１０,（不変化）９,(17)（不変化）１００,（不変化）１００,(17)（不変化）１００,"""true""","[quiz question=""（不変化）１００,（不変化）１２,（不変化）１０,（不変化）９"" answer=""（不変化）１００"" kaisetsu=""(17)（不変化）１００"" random=""true""]ἑκατόν[/quiz]",,,
16:完了形,16:完了形クイズ,数詞と間投詞,数詞と間投詞クイズ,χιριάς,,Q. χιριάς,23,１０００,（不変化）１００,（不変化）１２,（不変化）１０,(23)１０００,１０００,(23)１０００,"""true""","[quiz question=""１０００,（不変化）１００,（不変化）１２,（不変化）１０"" answer=""１０００"" kaisetsu=""(23)１０００"" random=""true""]χιριάς[/quiz]",,,
16:完了形,16:完了形クイズ,数詞と間投詞,数詞と間投詞クイズ,πρῶτος,,Q. πρῶτος,155,第1の、最初の,１０００,（不変化）１００,（不変化）１２,(155)第1の、最初の,第1の、最初の,(155)第1の、最初の,"""true""","[quiz question=""第1の、最初の,１０００,（不変化）１００,（不変化）１２"" answer=""第1の、最初の"" kaisetsu=""(155)第1の、最初の"" random=""true""]πρῶτος[/quiz]",,,
16:完了形,16:完了形クイズ,数詞と間投詞,数詞と間投詞クイズ,δεύτερος,,Q. δεύτερος,43,第2の,第1の、最初の,１０００,（不変化）１００,(43)第2の,第2の,(43)第2の,"""true""","[quiz question=""第2の,第1の、最初の,１０００,（不変化）１００"" answer=""第2の"" kaisetsu=""(43)第2の"" random=""true""]δεύτερος[/quiz]",,,
16:完了形,16:完了形クイズ,数詞と間投詞,数詞と間投詞クイズ,τρίτος,,Q. τρίτος,56,第3の,第2の,第1の、最初の,１０００,(56)第3の,第3の,(56)第3の,"""true""","[quiz question=""第3の,第2の,第1の、最初の,１０００"" answer=""第3の"" kaisetsu=""(56)第3の"" random=""true""]τρίτος[/quiz]",,,
16:完了形,16:完了形クイズ,数詞と間投詞,数詞と間投詞クイズ,οὐαί,,Q. οὐαί,46,おぉ！、あぁ！,第3の,第2の,第1の、最初の,(46)おぉ！、あぁ！,おぉ！、あぁ！,(46)おぉ！、あぁ！,"""true""","[quiz question=""おぉ！、あぁ！,第3の,第2の,第1の、最初の"" answer=""おぉ！、あぁ！"" kaisetsu=""(46)おぉ！、あぁ！"" random=""true""]οὐαί[/quiz]",,,
16:完了形,16:完了形クイズ,不規則変化の完了形,不規則変化の完了形クイズ,ἑώρακα,,Q. ἑώρακα,-,ὁραωの完了形,第1の、最初の,寡婦、未亡人,報告、噂、聴聞,(-)ὁραωの完了形,ὁραωの完了形,(-)ὁραωの完了形,"""true""","[quiz question=""ὁραωの完了形,第1の、最初の,寡婦、未亡人,報告、噂、聴聞"" answer=""ὁραωの完了形"" kaisetsu=""(-)ὁραωの完了形"" random=""true""]ἑώρακα[/quiz]",,,
16:完了形,16:完了形クイズ,不規則変化の完了形,不規則変化の完了形クイズ,ἀκήκοα,,Q. ἀκήκοα,-,ἀκούωの完了形,第2の,地方、田舎,弱さ、病気,(-)ἀκούωの完了形,ἀκούωの完了形,(-)ἀκούωの完了形,"""true""","[quiz question=""ἀκούωの完了形,第2の,地方、田舎,弱さ、病気"" answer=""ἀκούωの完了形"" kaisetsu=""(-)ἀκούωの完了形"" random=""true""]ἀκήκοα[/quiz]",,,
17:接続法,17:接続法クイズ,小辞,小辞クイズ,ἄν,,Q. ἄν,166,条件を表す小辞,（＋接続法）ἀνの代用,（＋接続法）～いつでも,（＋接続法）～のために,(166)条件を表す小辞,条件を表す小辞,(166)条件を表す小辞,"""true""","[quiz question=""条件を表す小辞,（＋接続法）ἀνの代用,（＋接続法）～いつでも,（＋接続法）～のために"" answer=""条件を表す小辞"" kaisetsu=""(166)条件を表す小辞"" random=""true""]ἄν[/quiz]",,,
17:接続法,17:接続法クイズ,小辞,小辞クイズ,ἄχρι,,Q. ἄχρι,49,（＋属）～まで（時間、空間的）,（＋接続法）ἀνの代用,（＋接続法）～のために,（＋接続法）～いつでも,(49)（＋属）～まで（時間、空間的）,（＋属）～まで（時間、空間的）,(49)（＋属）～まで（時間、空間的）,"""true""","[quiz question=""（＋属）～まで（時間、空間的）,（＋接続法）ἀνの代用,（＋接続法）～のために,（＋接続法）～いつでも"" answer=""（＋属）～まで（時間、空間的）"" kaisetsu=""(49)（＋属）～まで（時間、空間的）"" random=""true""]ἄχρι[/quiz]",,,
17:接続法,17:接続法クイズ,小辞,小辞クイズ,ἵνα,,Q. ἵνα,663,（＋接続法）～のために,（＋属）～まで（時間、空間的）,（＋接続法）～のために,（＋接続法）ἀνの代用,(663)（＋接続法）～のために,（＋接続法）～のために,(663)（＋接続法）～のために,"""true""","[quiz question=""（＋接続法）～のために,（＋属）～まで（時間、空間的）,（＋接続法）～のために,（＋接続法）ἀνの代用"" answer=""（＋接続法）～のために"" kaisetsu=""(663)（＋接続法）～のために"" random=""true""]ἵνα[/quiz]",,,
17:接続法,17:接続法クイズ,小辞,小辞クイズ,ὅπως,,Q. ὅπως,53,（＋接続法）～のために,（＋接続法）～のために,（＋属）～まで（時間、空間的）,（＋接続法）～いつでも,(53)（＋接続法）～のために,（＋接続法）～のために,(53)（＋接続法）～のために,"""true""","[quiz question=""（＋接続法）～のために,（＋接続法）～のために,（＋属）～まで（時間、空間的）,（＋接続法）～いつでも"" answer=""（＋接続法）～のために"" kaisetsu=""(53)（＋接続法）～のために"" random=""true""]ὅπως[/quiz]",,,
17:接続法,17:接続法クイズ,小辞,小辞クイズ,ὅταν,,Q. ὅταν,123,（＋接続法）～いつでも,（＋接続法）～のために,（＋接続法）ἀνの代用,（＋属）～まで（時間、空間的）,(123)（＋接続法）～いつでも,（＋接続法）～いつでも,(123)（＋接続法）～いつでも,"""true""","[quiz question=""（＋接続法）～いつでも,（＋接続法）～のために,（＋接続法）ἀνの代用,（＋属）～まで（時間、空間的）"" answer=""（＋接続法）～いつでも"" kaisetsu=""(123)（＋接続法）～いつでも"" random=""true""]ὅταν[/quiz]",,,
17:接続法,17:接続法クイズ,小辞,小辞クイズ,ἐάν,,Q. ἐάν,351,（＋接続法）ἀνの代用,（＋接続法）～いつでも,（＋属）～まで（時間、空間的）,（＋接続法）～のために,(351)（＋接続法）ἀνの代用,（＋接続法）ἀνの代用,(351)（＋接続法）ἀνの代用,"""true""","[quiz question=""（＋接続法）ἀνの代用,（＋接続法）～いつでも,（＋属）～まで（時間、空間的）,（＋接続法）～のために"" answer=""（＋接続法）ἀνの代用"" kaisetsu=""(351)（＋接続法）ἀνの代用"" random=""true""]ἐάν[/quiz]",,,
17:接続法,17:接続法クイズ,第２変化名詞,第２変化名詞クイズ,"αγρός,-οῦ,ὁ",,"Q. αγρός,-οῦ,ὁ",36,野、耕地、田舎,葡萄酒,太陽,敵,(36)野、耕地、田舎,野、耕地、田舎,(36)野、耕地、田舎,"""true""","[quiz question=""野、耕地、田舎,（＋接続法）ἀνの代用,（＋接続法）～いつでも,（＋接続法）～のために"" answer=""野、耕地、田舎"" kaisetsu=""(36)野、耕地、田舎"" random=""true""]αγρός,-οῦ,ὁ[/quiz]",,,
17:接続法,17:接続法クイズ,第２変化名詞,第２変化名詞クイズ,"ἄνεμος,ἀνέμου,ὁ",,"Q. ἄνεμος,ἀνέμου,ὁ",31,風,野、耕地、田舎,葡萄酒,太陽,(31)風,風,(31)風,"""true""","[quiz question=""風,野、耕地、田舎,（＋接続法）～のために,（＋接続法）～いつでも"" answer=""風"" kaisetsu=""(31)風"" random=""true""]ἄνεμος,ἀνέμου,ὁ[/quiz]",,,
17:接続法,17:接続法クイズ,第２変化名詞,第２変化名詞クイズ,"διάκονος,διακόνου,ὁ",,"Q. διάκονος,διακόνου,ὁ",29,給仕人,風,野、耕地、田舎,葡萄酒,(29)給仕人,給仕人,(29)給仕人,"""true""","[quiz question=""給仕人,風,野、耕地、田舎,（＋接続法）ἀνの代用"" answer=""給仕人"" kaisetsu=""(29)給仕人"" random=""true""]διάκονος,διακόνου,ὁ[/quiz]",,,
17:接続法,17:接続法クイズ,第２変化名詞,第２変化名詞クイズ,"ἐχθρός,-οῦ,ὁ",,"Q. ἐχθρός,-οῦ,ὁ",32,敵,給仕人,風,野、耕地、田舎,(32)敵,敵,(32)敵,"""true""","[quiz question=""敵,給仕人,風,野、耕地、田舎"" answer=""敵"" kaisetsu=""(32)敵"" random=""true""]ἐχθρός,-οῦ,ὁ[/quiz]",,,
17:接続法,17:接続法クイズ,第２変化名詞,第２変化名詞クイズ,"ἥριος,ἡρίου,ὁ",,"Q. ἥριος,ἡρίου,ὁ",32,太陽,敵,給仕人,風,(32)太陽,太陽,(32)太陽,"""true""","[quiz question=""太陽,敵,給仕人,風"" answer=""太陽"" kaisetsu=""(32)太陽"" random=""true""]ἥριος,ἡρίου,ὁ[/quiz]",,,
17:接続法,17:接続法クイズ,第２変化名詞,第２変化名詞クイズ,"οἶνος,οἴνου,ὁ",,"Q. οἶνος,οἴνου,ὁ",34,葡萄酒,太陽,敵,給仕人,(34)葡萄酒,葡萄酒,(34)葡萄酒,"""true""","[quiz question=""葡萄酒,太陽,敵,給仕人"" answer=""葡萄酒"" kaisetsu=""(34)葡萄酒"" random=""true""]οἶνος,οἴνου,ὁ[/quiz]",,,
17:接続法,17:接続法クイズ,動詞,動詞クイズ,ἀναιρέω,,Q. ἀναιρέω,24,私は取り除く、殺す,貧しい、卑しい,必要,牢獄、見張り,(24)私は取り除く、殺す,私は取り除く、殺す,(24)私は取り除く、殺す,"""true""","[quiz question=""私は取り除く、殺す,葡萄酒,太陽,敵"" answer=""私は取り除く、殺す"" kaisetsu=""(24)私は取り除く、殺す"" random=""true""]ἀναιρέω[/quiz]",,,
17:接続法,17:接続法クイズ,動詞,動詞クイズ,κατηγορέω,,Q. κατηγορέω,23,～非難する,私は取り除く、殺す,貧しい、卑しい,必要,(23)～非難する,～非難する,(23)～非難する,"""true""","[quiz question=""～非難する,私は取り除く、殺す,葡萄酒,太陽"" answer=""～非難する"" kaisetsu=""(23)～非難する"" random=""true""]κατηγορέω[/quiz]",,,
17:接続法,17:接続法クイズ,動詞,動詞クイズ,ὁμολογέω,,Q. ὁμολογέω,26,～約束する、告白する,～非難する,私は取り除く、殺す,貧しい、卑しい,(26)～約束する、告白する,～約束する、告白する,(26)～約束する、告白する,"""true""","[quiz question=""～約束する、告白する,～非難する,私は取り除く、殺す,葡萄酒"" answer=""～約束する、告白する"" kaisetsu=""(26)～約束する、告白する"" random=""true""]ὁμολογέω[/quiz]",,,
17:接続法,17:接続法クイズ,第１変化名詞,第１変化名詞クイズ,"γενεά,-ᾶς,ἡ",,"Q. γενεά,-ᾶς,ἡ",43,家族、世代,～約束する、告白する,～非難する,私は取り除く、殺す,(43)家族、世代,家族、世代,(43)家族、世代,"""true""","[quiz question=""家族、世代,～約束する、告白する,～非難する,私は取り除く、殺す"" answer=""家族、世代"" kaisetsu=""(43)家族、世代"" random=""true""]γενεά,-ᾶς,ἡ[/quiz]",,,
17:接続法,17:接続法クイズ,第１変化名詞,第１変化名詞クイズ,"γλῶσσα,-ης,ἡ",,"Q. γλῶσσα,-ης,ἡ",50,舌、言語、異言,家族、世代,～約束する、告白する,～非難する,(50)舌、言語、異言,舌、言語、異言,(50)舌、言語、異言,"""true""","[quiz question=""舌、言語、異言,家族、世代,～約束する、告白する,～非難する"" answer=""舌、言語、異言"" kaisetsu=""(50)舌、言語、異言"" random=""true""]γλῶσσα,-ης,ἡ[/quiz]",,,
17:接続法,17:接続法クイズ,第１変化名詞,第１変化名詞クイズ,"γραφή,-ῆς,ἡ",,"Q. γραφή,-ῆς,ἡ",50,書物、聖書,舌、言語、異言,家族、世代,～約束する、告白する,(50)書物、聖書,書物、聖書,(50)書物、聖書,"""true""","[quiz question=""書物、聖書,舌、言語、異言,家族、世代,～約束する、告白する"" answer=""書物、聖書"" kaisetsu=""(50)書物、聖書"" random=""true""]γραφή,-ῆς,ἡ[/quiz]",,,
17:接続法,17:接続法クイズ,第１変化名詞,第１変化名詞クイズ,"διαθήκη,-ης,ἡ",,"Q. διαθήκη,-ης,ἡ",33,契約、遺言,書物、聖書,舌、言語、異言,家族、世代,(33)契約、遺言,契約、遺言,(33)契約、遺言,"""true""","[quiz question=""契約、遺言,書物、聖書,舌、言語、異言,家族、世代"" answer=""契約、遺言"" kaisetsu=""(33)契約、遺言"" random=""true""]διαθήκη,-ης,ἡ[/quiz]",,,
17:接続法,17:接続法クイズ,第１変化名詞,第１変化名詞クイズ,"διακονία,-ας,ἡ",,"Q. διακονία,-ας,ἡ",34,給仕、勤め,契約、遺言,書物、聖書,舌、言語、異言,(34)給仕、勤め,給仕、勤め,(34)給仕、勤め,"""true""","[quiz question=""給仕、勤め,契約、遺言,書物、聖書,舌、言語、異言"" answer=""給仕、勤め"" kaisetsu=""(34)給仕、勤め"" random=""true""]διακονία,-ας,ἡ[/quiz]",,,
17:接続法,17:接続法クイズ,第１変化名詞,第１変化名詞クイズ,"ἑπαγγελία,-ας,ἡ",,"Q. ἑπαγγελία,-ας,ἡ",52,約束,給仕、勤め,契約、遺言,書物、聖書,(52)約束,約束,(52)約束,"""true""","[quiz question=""約束,給仕、勤め,契約、遺言,書物、聖書"" answer=""約束"" kaisetsu=""(52)約束"" random=""true""]ἑπαγγελία,-ας,ἡ[/quiz]",,,
17:接続法,17:接続法クイズ,第１変化名詞,第１変化名詞クイズ,"ἐπιθυμία,-ας,ἡ",,"Q. ἐπιθυμία,-ας,ἡ",38,願望、欲望,約束,給仕、勤め,契約、遺言,(38)願望、欲望,願望、欲望,(38)願望、欲望,"""true""","[quiz question=""願望、欲望,約束,給仕、勤め,契約、遺言"" answer=""願望、欲望"" kaisetsu=""(38)願望、欲望"" random=""true""]ἐπιθυμία,-ας,ἡ[/quiz]",,,
17:接続法,17:接続法クイズ,第１変化名詞,第１変化名詞クイズ,"θύρα,-ας,ἡ",,"Q. θύρα,-ας,ἡ",39,戸,願望、欲望,約束,給仕、勤め,(39)戸,戸,(39)戸,"""true""","[quiz question=""戸,願望、欲望,約束,給仕、勤め"" answer=""戸"" kaisetsu=""(39)戸"" random=""true""]θύρα,-ας,ἡ[/quiz]",,,
17:接続法,17:接続法クイズ,第１変化名詞,第１変化名詞クイズ,"Ἰουδαία,-ας,ἡ",,"Q. Ἰουδαία,-ας,ἡ",43,ユダヤ（地方）,戸,願望、欲望,約束,(43)ユダヤ（地方）,ユダヤ（地方）,(43)ユダヤ（地方）,"""true""","[quiz question=""ユダヤ（地方）,戸,願望、欲望,約束"" answer=""ユダヤ（地方）"" kaisetsu=""(43)ユダヤ（地方）"" random=""true""]Ἰουδαία,-ας,ἡ[/quiz]",,,
17:接続法,17:接続法クイズ,第１変化名詞,第１変化名詞クイズ,"μαρτυρία,--ας,ἡ",,"Q. μαρτυρία,--ας,ἡ",37,証言、証し,ユダヤ（地方）,戸,願望、欲望,(37)証言、証し,証言、証し,(37)証言、証し,"""true""","[quiz question=""証言、証し,ユダヤ（地方）,戸,願望、欲望"" answer=""証言、証し"" kaisetsu=""(37)証言、証し"" random=""true""]μαρτυρία,--ας,ἡ[/quiz]",,,
17:接続法,17:接続法クイズ,第１変化名詞,第１変化名詞クイズ,"ὀργή,-ῆς,ἡ",,"Q. ὀργή,-ῆς,ἡ",36,怒り,証言、証し,ユダヤ（地方）,戸,(36)怒り,怒り,(36)怒り,"""true""","[quiz question=""怒り,証言、証し,ユダヤ（地方）,戸"" answer=""怒り"" kaisetsu=""(36)怒り"" random=""true""]ὀργή,-ῆς,ἡ[/quiz]",,,
17:接続法,17:接続法クイズ,第１変化名詞,第１変化名詞クイズ,"σοφία,-ας,ἡ",,"Q. σοφία,-ας,ἡ",51,知恵,怒り,証言、証し,ユダヤ（地方）,(51)知恵,知恵,(51)知恵,"""true""","[quiz question=""知恵,怒り,証言、証し,ユダヤ（地方）"" answer=""知恵"" kaisetsu=""(51)知恵"" random=""true""]σοφία,-ας,ἡ[/quiz]",,,
17:接続法,17:接続法クイズ,第１変化名詞,第１変化名詞クイズ,"σωτηρία,-ας,ἡ",,"Q. σωτηρία,-ας,ἡ",46,救い,知恵,怒り,証言、証し,(46)救い,救い,(46)救い,"""true""","[quiz question=""救い,知恵,怒り,証言、証し"" answer=""救い"" kaisetsu=""(46)救い"" random=""true""]σωτηρία,-ας,ἡ[/quiz]",,,
17:接続法,17:接続法クイズ,第１変化名詞,第１変化名詞クイズ,"τιμή,-ῆς,ἡ",,"Q. τιμή,-ῆς,ἡ",41,代価、価値、栄誉,救い,知恵,怒り,(41)代価、価値、栄誉,代価、価値、栄誉,(41)代価、価値、栄誉,"""true""","[quiz question=""代価、価値、栄誉,救い,知恵,怒り"" answer=""代価、価値、栄誉"" kaisetsu=""(41)代価、価値、栄誉"" random=""true""]τιμή,-ῆς,ἡ[/quiz]",,,
17:接続法,17:接続法クイズ,第１変化名詞,第１変化名詞クイズ,"φυλακή,-ῆς,ἡ",,"Q. φυλακή,-ῆς,ἡ",47,牢獄、見張り,代価、価値、栄誉,救い,知恵,(47)牢獄、見張り,牢獄、見張り,(47)牢獄、見張り,"""true""","[quiz question=""牢獄、見張り,代価、価値、栄誉,救い,知恵"" answer=""牢獄、見張り"" kaisetsu=""(47)牢獄、見張り"" random=""true""]φυλακή,-ῆς,ἡ[/quiz]",,,
17:接続法,17:接続法クイズ,第１変化名詞,第１変化名詞クイズ,"χρεία,-ας,ἡ",,"Q. χρεία,-ας,ἡ",49,必要,牢獄、見張り,代価、価値、栄誉,救い,(49)必要,必要,(49)必要,"""true""","[quiz question=""必要,牢獄、見張り,代価、価値、栄誉,救い"" answer=""必要"" kaisetsu=""(49)必要"" random=""true""]χρεία,-ας,ἡ[/quiz]",,,
17:接続法,17:接続法クイズ,形容詞,形容詞クイズ,"πτωχός,-ή,-όν",,"Q. πτωχός,-ή,-όν",34,貧しい、卑しい,必要,牢獄、見張り,代価、価値、栄誉,(34)貧しい、卑しい,貧しい、卑しい,(34)貧しい、卑しい,"""true""","[quiz question=""貧しい、卑しい,必要,牢獄、見張り,代価、価値、栄誉"" answer=""貧しい、卑しい"" kaisetsu=""(34)貧しい、卑しい"" random=""true""]πτωχός,-ή,-όν[/quiz]",,,
18:動詞に関する他の特徴,18:動詞に関する他の特徴クイズ,形容詞,形容詞クイズ,ἄξιος,,Q. ἄξιος,41,価値のある、相応しい,愛すべき、親しい,霊的な,裕福な,(41)価値のある、相応しい,価値のある、相応しい,(41)価値のある、相応しい,"""true""","[quiz question=""価値のある、相応しい,愛すべき、親しい,霊的な,裕福な"" answer=""価値のある、相応しい"" kaisetsu=""(41)価値のある、相応しい"" random=""true""]ἄξιος[/quiz]",,,
18:動詞に関する他の特徴,18:動詞に関する他の特徴クイズ,形容詞,形容詞クイズ,δεξιός,,Q. δεξιός,54,右（手）の,価値のある、相応しい,愛すべき、親しい,霊的な,(54)右（手）の,右（手）の,(54)右（手）の,"""true""","[quiz question=""右（手）の,価値のある、相応しい,愛すべき、親しい,霊的な"" answer=""右（手）の"" kaisetsu=""(54)右（手）の"" random=""true""]δεξιός[/quiz]",,,
18:動詞に関する他の特徴,18:動詞に関する他の特徴クイズ,形容詞,形容詞クイズ,δυνατός,,Q. δυνατός,32,力のある、できる,右（手）の,価値のある、相応しい,愛すべき、親しい,(32)力のある、できる,力のある、できる,(32)力のある、できる,"""true""","[quiz question=""力のある、できる,右（手）の,価値のある、相応しい,愛すべき、親しい"" answer=""力のある、できる"" kaisetsu=""(32)力のある、できる"" random=""true""]δυνατός[/quiz]",,,
18:動詞に関する他の特徴,18:動詞に関する他の特徴クイズ,形容詞,形容詞クイズ,ἐλεύθερος,,Q. ἐλεύθερος,23,自由な,力のある、できる,右（手）の,価値のある、相応しい,(23)自由な,自由な,(23)自由な,"""true""","[quiz question=""自由な,力のある、できる,右（手）の,価値のある、相応しい"" answer=""自由な"" kaisetsu=""(23)自由な"" random=""true""]ἐλεύθερος[/quiz]",,,
18:動詞に関する他の特徴,18:動詞に関する他の特徴クイズ,形容詞,形容詞クイズ,ἔσχατος,,Q. ἔσχατος,52,最後の、最低の,自由な,力のある、できる,右（手）の,(52)最後の、最低の,最後の、最低の,(52)最後の、最低の,"""true""","[quiz question=""最後の、最低の,自由な,力のある、できる,右（手）の"" answer=""最後の、最低の"" kaisetsu=""(52)最後の、最低の"" random=""true""]ἔσχατος[/quiz]",,,
18:動詞に関する他の特徴,18:動詞に関する他の特徴クイズ,形容詞,形容詞クイズ,ἱκανός,,Q. ἱκανός,39,十分な,最後の、最低の,自由な,力のある、できる,(39)十分な,十分な,(39)十分な,"""true""","[quiz question=""十分な,最後の、最低の,自由な,力のある、できる"" answer=""十分な"" kaisetsu=""(39)十分な"" random=""true""]ἱκανός[/quiz]",,,
18:動詞に関する他の特徴,18:動詞に関する他の特徴クイズ,形容詞,形容詞クイズ,ἰσχυρός,,Q. ἰσχυρός,29,力強い,十分な,最後の、最低の,自由な,(29)力強い,力強い,(29)力強い,"""true""","[quiz question=""力強い,十分な,最後の、最低の,自由な"" answer=""力強い"" kaisetsu=""(29)力強い"" random=""true""]ἰσχυρός[/quiz]",,,
18:動詞に関する他の特徴,18:動詞に関する他の特徴クイズ,形容詞,形容詞クイズ,λευκός,,Q. λευκός,25,白い,力強い,十分な,最後の、最低の,(25)白い,白い,(25)白い,"""true""","[quiz question=""白い,力強い,十分な,最後の、最低の"" answer=""白い"" kaisetsu=""(25)白い"" random=""true""]λευκός[/quiz]",,,
18:動詞に関する他の特徴,18:動詞に関する他の特徴クイズ,形容詞,形容詞クイズ,λοιπός,,Q. λοιπός,55,残りの,白い,力強い,十分な,(55)残りの,残りの,(55)残りの,"""true""","[quiz question=""残りの,白い,力強い,十分な"" answer=""残りの"" kaisetsu=""(55)残りの"" random=""true""]λοιπός[/quiz]",,,
18:動詞に関する他の特徴,18:動詞に関する他の特徴クイズ,形容詞,形容詞クイズ,μέσος,,Q. μέσος,58,中間の,残りの,白い,力強い,(58)中間の,中間の,(58)中間の,"""true""","[quiz question=""中間の,残りの,白い,力強い"" answer=""中間の"" kaisetsu=""(58)中間の"" random=""true""]μέσος[/quiz]",,,
18:動詞に関する他の特徴,18:動詞に関する他の特徴クイズ,形容詞,形容詞クイズ,νέος,,Q. νέος,23,新しい,中間の,残りの,白い,(23)新しい,新しい,(23)新しい,"""true""","[quiz question=""新しい,中間の,残りの,白い"" answer=""新しい"" kaisetsu=""(23)新しい"" random=""true""]νέος[/quiz]",,,
18:動詞に関する他の特徴,18:動詞に関する他の特徴クイズ,形容詞,形容詞クイズ,ὀρίγος,,Q. ὀρίγος,40,小さい、少ない（複数で「少数の」）,新しい,中間の,残りの,(40)小さい、少ない（複数で「少数の」）,小さい、少ない（複数で「少数の」）,(40)小さい、少ない（複数で「少数の」）,"""true""","[quiz question=""小さい、少ない（複数で「少数の」）,新しい,中間の,残りの"" answer=""小さい、少ない（複数で「少数の」）"" kaisetsu=""(40)小さい、少ない（複数で「少数の」）"" random=""true""]ὀρίγος[/quiz]",,,
18:動詞に関する他の特徴,18:動詞に関する他の特徴クイズ,形容詞,形容詞クイズ,πλούσιος,,Q. πλούσιος,28,裕福な,小さい、少ない（複数で「少数の」）,新しい,中間の,(28)裕福な,裕福な,(28)裕福な,"""true""","[quiz question=""裕福な,小さい、少ない（複数で「少数の」）,新しい,中間の"" answer=""裕福な"" kaisetsu=""(28)裕福な"" random=""true""]πλούσιος[/quiz]",,,
18:動詞に関する他の特徴,18:動詞に関する他の特徴クイズ,形容詞,形容詞クイズ,πνευματικός,,Q. πνευματικός,26,霊的な,裕福な,小さい、少ない（複数で「少数の」）,新しい,(26)霊的な,霊的な,(26)霊的な,"""true""","[quiz question=""霊的な,裕福な,小さい、少ない（複数で「少数の」）,新しい"" answer=""霊的な"" kaisetsu=""(26)霊的な"" random=""true""]πνευματικός[/quiz]",,,
18:動詞に関する他の特徴,18:動詞に関する他の特徴クイズ,形容詞,形容詞クイズ,φίλος,,Q. φίλος,29,愛すべき、親しい,霊的な,裕福な,小さい、少ない（複数で「少数の」）,(29)愛すべき、親しい,愛すべき、親しい,(29)愛すべき、親しい,"""true""","[quiz question=""愛すべき、親しい,霊的な,裕福な,小さい、少ない（複数で「少数の」）"" answer=""愛すべき、親しい"" kaisetsu=""(29)愛すべき、親しい"" random=""true""]φίλος[/quiz]",,,
18:動詞に関する他の特徴,18:動詞に関する他の特徴クイズ,名詞,名詞クイズ,"μάρτυς,μάρτυρος,ὁ",,"Q. μάρτυς,μάρτυρος,ὁ",35,承認、殉教者,十字架,賃金、報い,真実,(35)承認、殉教者,承認、殉教者,(35)承認、殉教者,"""true""","[quiz question=""承認、殉教者,愛すべき、親しい,霊的な,裕福な"" answer=""承認、殉教者"" kaisetsu=""(35)承認、殉教者"" random=""true""]μάρτυς,μάρτυρος,ὁ[/quiz]",,,
18:動詞に関する他の特徴,18:動詞に関する他の特徴クイズ,名詞,名詞クイズ,"μισθός,ὁ",,"Q. μισθός,ὁ",29,賃金、報い,承認、殉教者,十字架,広場,(29)賃金、報い,賃金、報い,(29)賃金、報い,"""true""","[quiz question=""賃金、報い,承認、殉教者,愛すべき、親しい,霊的な"" answer=""賃金、報い"" kaisetsu=""(29)賃金、報い"" random=""true""]μισθός,ὁ[/quiz]",,,
18:動詞に関する他の特徴,18:動詞に関する他の特徴クイズ,名詞,名詞クイズ,"σταυρός,ὁ",,"Q. σταυρός,ὁ",27,十字架,賃金、報い,承認、殉教者,弟子,(27)十字架,十字架,(27)十字架,"""true""","[quiz question=""十字架,賃金、報い,価値のある、相応しい,愛すべき、親しい"" answer=""十字架"" kaisetsu=""(27)十字架"" random=""true""]σταυρός,ὁ[/quiz]",,,
18:動詞に関する他の特徴,18:動詞に関する他の特徴クイズ,動詞,動詞クイズ,αὐψάνω,,Q. αὐψάνω,23,私は成長する,〜いる,〜知っている,〜横たわる,(23)私は成長する,私は成長する,(23)私は成長する,"""true""","[quiz question=""私は成長する,〜いる,右（手）の,価値のある、相応しい"" answer=""私は成長する"" kaisetsu=""(23)私は成長する"" random=""true""]αὐψάνω[/quiz]",,,
18:動詞に関する他の特徴,18:動詞に関する他の特徴クイズ,動詞,動詞クイズ,καθαρίζω,,Q. καθαρίζω,31,〜浄める、聖いと宣言する,私は成長する,〜いる,〜知っている,(31)〜浄める、聖いと宣言する,〜浄める、聖いと宣言する,(31)〜浄める、聖いと宣言する,"""true""","[quiz question=""〜浄める、聖いと宣言する,私は成長する,力のある、できる,右（手）の"" answer=""〜浄める、聖いと宣言する"" kaisetsu=""(31)〜浄める、聖いと宣言する"" random=""true""]καθαρίζω[/quiz]",,,
18:動詞に関する他の特徴,18:動詞に関する他の特徴クイズ,動詞,動詞クイズ,καθίζω,,Q. καθίζω,46,〜座らせる,〜浄める、聖いと宣言する,私は成長する,〜いる,(46)〜座らせる,〜座らせる,(46)〜座らせる,"""true""","[quiz question=""〜座らせる,〜浄める、聖いと宣言する,自由な,力のある、できる"" answer=""〜座らせる"" kaisetsu=""(46)〜座らせる"" random=""true""]καθίζω[/quiz]",,,
18:動詞に関する他の特徴,18:動詞に関する他の特徴クイズ,動詞,動詞クイズ,δύναμαι,,Q. δύναμαι,210,〜できる,〜座らせる,〜浄める、聖いと宣言する,私は成長する,(210)〜できる,〜できる,(210)〜できる,"""true""","[quiz question=""〜できる,〜座らせる,最後の、最低の,自由な"" answer=""〜できる"" kaisetsu=""(210)〜できる"" random=""true""]δύναμαι[/quiz]",,,
18:動詞に関する他の特徴,18:動詞に関する他の特徴クイズ,動詞,動詞クイズ,κάθημαι,,Q. κάθημαι,91,〜座る,〜できる,〜座らせる,〜浄める、聖いと宣言する,(91)〜座る,〜座る,(91)〜座る,"""true""","[quiz question=""〜座る,〜できる,十分な,最後の、最低の"" answer=""〜座る"" kaisetsu=""(91)〜座る"" random=""true""]κάθημαι[/quiz]",,,
18:動詞に関する他の特徴,18:動詞に関する他の特徴クイズ,動詞,動詞クイズ,κεῖμαι,,Q. κεῖμαι,24,〜横たわる,〜座る,〜できる,〜座らせる,(24)〜横たわる,〜横たわる,(24)〜横たわる,"""true""","[quiz question=""〜横たわる,〜座る,力強い,十分な"" answer=""〜横たわる"" kaisetsu=""(24)〜横たわる"" random=""true""]κεῖμαι[/quiz]",,,
18:動詞に関する他の特徴,18:動詞に関する他の特徴クイズ,動詞,動詞クイズ,οἲδα,,Q. οἲδα,318,〜知っている,〜横たわる,〜座る,〜できる,(318)〜知っている,〜知っている,(318)〜知っている,"""true""","[quiz question=""〜知っている,〜横たわる,白い,力強い"" answer=""〜知っている"" kaisetsu=""(318)〜知っている"" random=""true""]οἲδα[/quiz]",,,
18:動詞に関する他の特徴,18:動詞に関する他の特徴クイズ,動詞,動詞クイズ,πἀρειμι,,Q. πἀρειμι,24,〜いる,〜知っている,〜横たわる,〜座る,(24)〜いる,〜いる,(24)〜いる,"""true""","[quiz question=""〜いる,〜知っている,残りの,白い"" answer=""〜いる"" kaisetsu=""(24)〜いる"" random=""true""]πἀρειμι[/quiz]",,,
18:動詞に関する他の特徴,18:動詞に関する他の特徴クイズ,接続詞,接続詞クイズ,ὥστε,,Q. ὥστε,83,（+不定詞）結果として〜,その時,しかし,やはり,(83)（+不定詞）結果として〜,（+不定詞）結果として〜,(83)（+不定詞）結果として〜,"""true""","[quiz question=""（+不定詞）結果として〜,その時,中間の,残りの"" answer=""（+不定詞）結果として〜"" kaisetsu=""(83)（+不定詞）結果として〜"" random=""true""]ὥστε[/quiz]",,,
18:動詞に関する他の特徴,18:動詞に関する他の特徴クイズ,ἀ接頭辞によって否定表現になる語,ἀ接頭辞によって否定表現になる語クイズ,ἀδικέω,,Q. ἀδικέω,28,私は不正を行う,聖い、純粋な,不純な、不浄な,不信仰な、不誠実な,(28)私は不正を行う,私は不正を行う,(28)私は不正を行う,"""true""","[quiz question=""私は不正を行う,聖い、純粋な,新しい,中間の"" answer=""私は不正を行う"" kaisetsu=""(28)私は不正を行う"" random=""true""]ἀδικέω[/quiz]",,,
18:動詞に関する他の特徴,18:動詞に関する他の特徴クイズ,ἀ接頭辞によって否定表現になる語,ἀ接頭辞によって否定表現になる語クイズ,ἀδικία,,Q. ἀδικία,25,不義、不正,私は不正を行う,聖い、純粋な,不純な、不浄な,(25)不義、不正,不義、不正,(25)不義、不正,"""true""","[quiz question=""不義、不正,私は不正を行う,小さい、少ない（複数で「少数の」）,新しい"" answer=""不義、不正"" kaisetsu=""(25)不義、不正"" random=""true""]ἀδικία[/quiz]",,,
18:動詞に関する他の特徴,18:動詞に関する他の特徴クイズ,ἀ接頭辞によって否定表現になる語,ἀ接頭辞によって否定表現になる語クイズ,ἄπιστος,,Q. ἄπιστος,23,不信仰な、不誠実な,不義、不正,私は不正を行う,聖い、純粋な,(23)不信仰な、不誠実な,不信仰な、不誠実な,(23)不信仰な、不誠実な,"""true""","[quiz question=""不信仰な、不誠実な,不義、不正,裕福な,小さい、少ない（複数で「少数の」）"" answer=""不信仰な、不誠実な"" kaisetsu=""(23)不信仰な、不誠実な"" random=""true""]ἄπιστος[/quiz]",,,
18:動詞に関する他の特徴,18:動詞に関する他の特徴クイズ,ἀ接頭辞によって否定表現になる語,ἀ接頭辞によって否定表現になる語クイズ,"ἀκάθαρτος,-ον",,"Q. ἀκάθαρτος,-ον",32,不純な、不浄な,不信仰な、不誠実な,不義、不正,私は不正を行う,(32)不純な、不浄な,不純な、不浄な,(32)不純な、不浄な,"""true""","[quiz question=""不純な、不浄な,不信仰な、不誠実な,賃金、報い,真実"" answer=""不純な、不浄な"" kaisetsu=""(32)不純な、不浄な"" random=""true""]ἀκάθαρτος,-ον[/quiz]",,,
18:動詞に関する他の特徴,18:動詞に関する他の特徴クイズ,ἀ接頭辞によって否定表現になる語,ἀ接頭辞によって否定表現になる語クイズ,καθαρός,,Q. καθαρός,27,聖い、純粋な,不純な、不浄な,不信仰な、不誠実な,不義、不正,(27)聖い、純粋な,聖い、純粋な,(27)聖い、純粋な,"""true""","[quiz question=""聖い、純粋な,不純な、不浄な,十字架,広場"" answer=""聖い、純粋な"" kaisetsu=""(27)聖い、純粋な"" random=""true""]καθαρός[/quiz]",,,
1:アルファベット,1:アルファベットクイズ,ヘブライ語をギリシャ語に音訳したもの,ヘブライ語をギリシャ語に音訳したものクイズ,Ἀβραάμ,,Q. Ἀβραάμ,73,アブラハム,油そば,ハムラビ,危ない,(73)アブラハム,アブラハム,(73)アブラハム,"""true""","[quiz question=""アブラハム,油そば,承認、殉教者,弟子"" answer=""アブラハム"" kaisetsu=""(73)アブラハム"" random=""true""]Ἀβραάμ[/quiz]",,,
1:アルファベット,1:アルファベットクイズ,ヘブライ語をギリシャ語に音訳したもの,ヘブライ語をギリシャ語に音訳したものクイズ,ἀμήν,,Q. ἀμήν,129,アーメン、真実,ラーメン,素麺,嘘,(129)アーメン、真実,アーメン、真実,(129)アーメン、真実,"""true""","[quiz question=""アーメン、真実,ラーメン,〜知っている,〜横たわる"" answer=""アーメン、真実"" kaisetsu=""(129)アーメン、真実"" random=""true""]ἀμήν[/quiz]",,,
1:アルファベット,1:アルファベットクイズ,ヘブライ語をギリシャ語に音訳したもの,ヘブライ語をギリシャ語に音訳したものクイズ,Δαυίδ,,Q. Δαυίδ,59,ダビデ,ヨセフ,ダニエル,ルカ,(59)ダビデ,ダビデ,(59)ダビデ,"""true""","[quiz question=""ダビデ,ヨセフ,〜いる,〜知っている"" answer=""ダビデ"" kaisetsu=""(59)ダビデ"" random=""true""]Δαυίδ[/quiz]",,,
1:アルファベット,1:アルファベットクイズ,ヘブライ語をギリシャ語に音訳したもの,ヘブライ語をギリシャ語に音訳したものクイズ,Ἰάκωβ,,Q. Ἰάκωβ,27,ヤコブ,イワン,ヤイロ,イサク,(27)ヤコブ,ヤコブ,(27)ヤコブ,"""true""","[quiz question=""ヤコブ,イワン,私は成長する,〜いる"" answer=""ヤコブ"" kaisetsu=""(27)ヤコブ"" random=""true""]Ἰάκωβ[/quiz]",,,
1:アルファベット,1:アルファベットクイズ,ヘブライ語をギリシャ語に音訳したもの,ヘブライ語をギリシャ語に音訳したものクイズ,Ἰσραήλ,,Q. Ἰσραήλ,68,イスラエル,イシマエル,イッサカル,ヨセフ,(68)イスラエル,イスラエル,(68)イスラエル,"""true""","[quiz question=""イスラエル,イシマエル,〜浄める、聖いと宣言する,私は成長する"" answer=""イスラエル"" kaisetsu=""(68)イスラエル"" random=""true""]Ἰσραήλ[/quiz]",,,
1:アルファベット,1:アルファベットクイズ,ヘブライ語をギリシャ語に音訳したもの,ヘブライ語をギリシャ語に音訳したものクイズ,Ἰωσήφ,,Q. Ἰωσήφ,35,ヨセフ,イスラエル,イシマエル,ヨーゼフ,(35)ヨセフ,ヨセフ,(35)ヨセフ,"""true""","[quiz question=""ヨセフ,イスラエル,〜座らせる,〜浄める、聖いと宣言する"" answer=""ヨセフ"" kaisetsu=""(35)ヨセフ"" random=""true""]Ἰωσήφ[/quiz]",,,
1:アルファベット,1:アルファベットクイズ,ヘブライ語をギリシャ語に音訳したもの,ヘブライ語をギリシャ語に音訳したものクイズ,ῥαββί,,Q. ῥαββί,15,ラビ,今日,明日　,罪人,(15)ラビ,ラビ,(15)ラビ,"""true""","[quiz question=""ラビ,今日,〜できる,〜座らせる"" answer=""ラビ"" kaisetsu=""(15)ラビ"" random=""true""]ῥαββί[/quiz]",,,
1:アルファベット,1:アルファベットクイズ,使用頻度が2番目に高い単語,使用頻度が2番目に高い単語クイズ,καί,,Q. καί,9161,そして、また,会,貝,海,(9161)そして、また,そして、また,(9161)そして、また,"""true""","[quiz question=""そして、また,会,〜座る,〜できる"" answer=""そして、また"" kaisetsu=""(9161)そして、また"" random=""true""]καί[/quiz]",,,
,クイズ,,クイズ,,,Q. ,,,,,,(),,(),"""true""","()""true""",,,
,クイズ,,クイズ,,,Q. ,,,,,,(),,(),"""true""","()""true""",,,
,クイズ,,クイズ,,,Q. ,,,,,,(),,(),"""true""","()""true""",,,
,クイズ,,クイズ,,,Q. ,,,,,,(),,(),"""true""","()""true""",,,
,クイズ,,クイズ,,,Q. ,,,,,,(),,(),"""true""","()""true""",,,
,クイズ,,クイズ,,,Q. ,,,,,,(),,(),"""true""","()""true""",,,
,クイズ,,クイズ,,,Q. ,,,,,,(),,(),"""true""","()""true""",,,
,クイズ,,クイズ,,,Q. ,,,,,,(),,(),"""true""","()""true""",,,
,クイズ,,クイズ,,,Q. ,,,,,,(),,(),"""true""","()""true""",,,
,クイズ,,クイズ,,,Q. ,,,,,,(),,(),"""true""","()""true""",,,
,クイズ,,クイズ,,,Q. ,,,,,,(),,(),"""true""","()""true""",,,
,クイズ,,クイズ,,,Q. ,,,,,,(),,(),"""true""","()""true""",,,
,クイズ,,クイズ,,,Q. ,,,,,,(),,(),"""true""","()""true""",,,
,クイズ,,クイズ,,,Q. ,,,,,,(),,(),"""true""","()""true""",,,
,クイズ,,クイズ,,,Q. ,,,,,,(),,(),"""true""","()""true""",,,
,クイズ,,クイズ,,,Q. ,,,,,,(),,(),"""true""","()""true""",,,
,クイズ,,クイズ,,,Q. ,,,,,,(),,(),"""true""","()""true""",,,
,クイズ,,クイズ,,,Q. ,,,,,,(),,(),"""true""","()""true""",,,
,クイズ,,クイズ,,,Q. ,,,,,,(),,(),"""true""","()""true""",,,
,クイズ,,クイズ,,,Q. ,,,,,,,,(),"""true""","()""true""",,,
,クイズ,,クイズ,,,Q. ,,,,,,,,(),"""true""","()""true""",,,
,クイズ,,クイズ,,,Q. ,,,,,,,,(),"""true""","()""true""",,,
,クイズ,,クイズ,,,Q. ,,,,,,,,(),"""true""","()""true""",,,
,クイズ,,クイズ,,,Q. ,,,,,,,,(),"""true""","()""true""",,,
,クイズ,,クイズ,,,Q. ,,,,,,,,(),"""true""","()""true""",,,
,クイズ,,クイズ,,,Q. ,,,,,,,,(),"""true""","()""true""",,,
,クイズ,,クイズ,,,Q. ,,,,,,,,(),"""true""","()""true""",,,
,クイズ,,クイズ,,,Q. ,,,,,,,,(),"""true""","()""true""",,,
,クイズ,,クイズ,,,Q. ,,,,,,,,(),"""true""","()""true""",,,
,クイズ,,クイズ,,,Q. ,,,,,,,,(),"""true""","()""true""",,,
,クイズ,,クイズ,,,Q. ,,,,,,,,(),"""true""","()""true""",,,
,クイズ,,クイズ,,,Q. ,,,,,,,,(),"""true""","()""true""",,,
,クイズ,,クイズ,,,Q. ,,,,,,,,(),"""true""","()""true""",,,
,クイズ,,クイズ,,,Q. ,,,,,,,,(),"""true""","()""true""",,,
,クイズ,,クイズ,,,Q. ,,,,,,,,(),"""true""","()""true""",,,
,クイズ,,クイズ,,,Q. ,,,,,,,,(),"""true""","()""true""",,,
,クイズ,,クイズ,,,Q. ,,,,,,,,(),"""true""","()""true""",,,
,クイズ,,クイズ,,,Q. ,,,,,,,,(),"""true""","()""true""",,,
,クイズ,,クイズ,,,Q. ,,,,,,,,(),"""true""","()""true""",,,
,クイズ,,クイズ,,,Q. ,,,,,,,,(),"""true""","()""true""",,,
,クイズ,,クイズ,,,Q. ,,,,,,,,(),"""true""","()""true""",,,
,クイズ,,クイズ,,,Q. ,,,,,,,,(),"""true""","()""true""",,,
,クイズ,,クイズ,,,Q. ,,,,,,,,(),"""true""","()""true""",,,
,クイズ,,クイズ,,,Q. ,,,,,,,,(),"""true""","()""true""",,,
,,,,,,,,,,,,,,,"""true""",,,,
,,,,,,,,,,,,,,,"""true""",,,,
,,,,,,,,,,,,,,,"""true""",,,,
,,,,,,,,,,,,,,,"""true""",,,,
,,,,,,,,,,,,,,,"""true""",,,,
,,,,,,,,,,,,,,,"""true""",,,,
,,,,,,,,,,,,,,,"""true""",,,,
,,,,,,,,,,,,,,,"""true""",,,,
,,,,,,,,,,,,,,,"""true""",,,,
,,,,,,,,,,,,,,,"""true""",,,,
,,,,,,,,,,,,,,,"""true""",,,,
,,,,,,,,,,,,,,,"""true""",,,,
,,,,,,,,,,,,,,,"""true""",,,,